2026-04-23 21:49:10,464 [INFO] Found credentials from IAM Role: transcript-ec2-role
2026-04-23 21:49:10,558 [INFO] meeting_start_worker starting...
2026-04-23 21:51:34,855 [INFO] Processing meeting.started for meeting_id=92723697001
2026-04-23 21:51:35,627 [INFO] Found doc_id=1phy6ISJXieZFb1iZ2_VWBr65EG5TwaWW1kLcKewtS6c for meeting_id=92723697001
2026-04-23 21:51:36,112 [INFO] Watch registered doc_id=1phy6ISJXieZFb1iZ2_VWBr65EG5TwaWW1kLcKewtS6c meeting_id=92723697001 channel=118a0a5b-3a9d-4974-9563-f1b5ce368fe6
2026-04-23 21:51:47,028 [INFO] Temp S3 state created: s3://zoom-automation-bucket/temp/live-doc-history/92723697001/
2026-04-23 21:51:47,032 [INFO] Successfully initialized doc tracking meeting_id=92723697001 doc_id=1phy6ISJXieZFb1iZ2_VWBr65EG5TwaWW1kLcKewtS6c
2026-04-23 21:52:45,539 [INFO] Processing meeting.started for meeting_id=94323143042
2026-04-23 21:52:45,665 [WARNING] No Salesforce record found for meeting_id=94323143042
2026-04-23 21:52:45,665 [WARNING] Skipping meeting_id=94323143042 — no Salesforce match
2026-04-23 21:53:15,473 [INFO] Processing meeting.started for meeting_id=97094015764
2026-04-23 21:53:15,582 [INFO] Found doc_id=1JBkrDoyMHygX5PQbrXz0VYROl_Mi0km8zfSZ0fkmXjU for meeting_id=97094015764
2026-04-23 21:53:15,927 [INFO] Watch registered doc_id=1JBkrDoyMHygX5PQbrXz0VYROl_Mi0km8zfSZ0fkmXjU meeting_id=97094015764 channel=9d579bf0-b32b-45d5-a431-15baf42a824f
2026-04-23 21:53:27,405 [INFO] Temp S3 state created: s3://zoom-automation-bucket/temp/live-doc-history/97094015764/
2026-04-23 21:53:27,407 [INFO] Successfully initialized doc tracking meeting_id=97094015764 doc_id=1JBkrDoyMHygX5PQbrXz0VYROl_Mi0km8zfSZ0fkmXjU
2026-04-23 21:57:05,641 [INFO] Found credentials from IAM Role: transcript-ec2-role
2026-04-23 21:57:05,735 [INFO] meeting_start_worker starting...
2026-04-23 21:57:14,218 [INFO] Found credentials from IAM Role: transcript-ec2-role
2026-04-23 21:57:14,311 [INFO] meeting_start_worker starting...
2026-04-23 22:00:38,977 [INFO] Processing meeting.started for meeting_id=95208631596
2026-04-23 22:00:39,637 [WARNING] No Salesforce record found for meeting_id=95208631596
2026-04-23 22:00:39,638 [WARNING] Skipping meeting_id=95208631596 — no Salesforce match
2026-04-23 22:01:27,081 [INFO] Processing meeting.started for meeting_id=95208631596
2026-04-23 22:01:27,160 [WARNING] No Salesforce record found for meeting_id=95208631596
2026-04-23 22:01:27,160 [WARNING] Skipping meeting_id=95208631596 — no Salesforce match
2026-04-23 22:09:18,579 [INFO] Processing meeting.started for meeting_id=95353808336
2026-04-23 22:09:18,670 [WARNING] No Salesforce record found for meeting_id=95353808336
2026-04-23 22:09:18,670 [WARNING] Skipping meeting_id=95353808336 — no Salesforce match
2026-04-23 22:12:00,528 [INFO] Processing meeting.started for meeting_id=99715493153
2026-04-23 22:12:00,603 [WARNING] No Salesforce record found for meeting_id=99715493153
2026-04-23 22:12:00,603 [WARNING] Skipping meeting_id=99715493153 — no Salesforce match
2026-04-23 22:12:26,048 [INFO] Processing meeting.started for meeting_id=99715493153
2026-04-23 22:12:26,115 [WARNING] No Salesforce record found for meeting_id=99715493153
2026-04-23 22:12:26,115 [WARNING] Skipping meeting_id=99715493153 — no Salesforce match
2026-04-23 22:12:42,865 [INFO] Processing meeting.started for meeting_id=99715493153
2026-04-23 22:12:42,931 [WARNING] No Salesforce record found for meeting_id=99715493153
2026-04-23 22:12:42,931 [WARNING] Skipping meeting_id=99715493153 — no Salesforce match
2026-04-23 22:18:59,497 [INFO] Processing meeting.started for meeting_id=97069310993
2026-04-23 22:18:59,628 [INFO] Found doc_id=1ChGc39CnMUnJBXCruoQrxM2-RB-NKLD8hCv6IT2dQEo for meeting_id=97069310993
2026-04-23 22:19:00,146 [INFO] Watch registered doc_id=1ChGc39CnMUnJBXCruoQrxM2-RB-NKLD8hCv6IT2dQEo meeting_id=97069310993 channel=9b28fd5f-fb39-4b45-980e-690191cbb40b
2026-04-23 22:19:10,637 [INFO] Temp S3 state created: s3://zoom-automation-bucket/temp/live-doc-history/97069310993/
2026-04-23 22:19:10,640 [INFO] Successfully initialized doc tracking meeting_id=97069310993 doc_id=1ChGc39CnMUnJBXCruoQrxM2-RB-NKLD8hCv6IT2dQEo
2026-04-23 22:33:55,729 [INFO] Processing meeting.started for meeting_id=99067424256
2026-04-23 22:33:55,974 [INFO] Found doc_id=11oHoE5r29vNj2-cvxo-T8kmelxLCibByd_D9EGj3QIY for meeting_id=99067424256
2026-04-23 22:33:56,316 [INFO] Watch registered doc_id=11oHoE5r29vNj2-cvxo-T8kmelxLCibByd_D9EGj3QIY meeting_id=99067424256 channel=f41c2e15-dc76-4ef2-95fe-70c58c1d0406
2026-04-23 22:34:06,155 [INFO] Temp S3 state created: s3://zoom-automation-bucket/temp/live-doc-history/99067424256/
2026-04-23 22:34:06,158 [INFO] Successfully initialized doc tracking meeting_id=99067424256 doc_id=11oHoE5r29vNj2-cvxo-T8kmelxLCibByd_D9EGj3QIY
2026-04-23 22:34:27,994 [INFO] Processing meeting.started for meeting_id=95703938403
2026-04-23 22:34:28,089 [WARNING] No Salesforce record found for meeting_id=95703938403
2026-04-23 22:34:28,089 [WARNING] Skipping meeting_id=95703938403 — no Salesforce match
2026-04-24 13:26:24,440 [INFO] Processing meeting.started for meeting_id=96835294459
2026-04-24 13:26:25,622 [WARNING] No Salesforce record found for meeting_id=96835294459
2026-04-24 13:26:25,622 [WARNING] Skipping meeting_id=96835294459 — no Salesforce match
2026-04-24 13:27:32,841 [INFO] Processing meeting.started for meeting_id=99745921301
2026-04-24 13:27:33,401 [INFO] Found doc_id=1c5oGcuFTLrZJIn7mWjyneLjTIylXjWoxdgCNnGtrCDU for meeting_id=99745921301
2026-04-24 13:27:34,091 [INFO] Watch registered doc_id=1c5oGcuFTLrZJIn7mWjyneLjTIylXjWoxdgCNnGtrCDU meeting_id=99745921301 channel=dddaa852-6bf2-4b98-a0f3-b9fd79b6ec1b
2026-04-24 13:27:46,958 [INFO] Temp S3 state created: s3://zoom-automation-bucket/temp/live-doc-history/99745921301/
2026-04-24 13:27:46,968 [INFO] Successfully initialized doc tracking meeting_id=99745921301 doc_id=1c5oGcuFTLrZJIn7mWjyneLjTIylXjWoxdgCNnGtrCDU
2026-04-24 13:32:46,689 [INFO] Processing meeting.started for meeting_id=93795690983
2026-04-24 13:32:46,869 [WARNING] No Salesforce record found for meeting_id=93795690983
2026-04-24 13:32:46,869 [WARNING] Skipping meeting_id=93795690983 — no Salesforce match
2026-04-24 13:37:31,079 [INFO] Processing meeting.started for meeting_id=96851055032
2026-04-24 13:37:31,728 [WARNING] No Salesforce record found for meeting_id=96851055032
2026-04-24 13:37:31,728 [WARNING] Skipping meeting_id=96851055032 — no Salesforce match
2026-04-24 13:40:05,240 [INFO] Processing meeting.started for meeting_id=96835294459
2026-04-24 13:40:05,478 [WARNING] No Salesforce record found for meeting_id=96835294459
2026-04-24 13:40:05,478 [WARNING] Skipping meeting_id=96835294459 — no Salesforce match
2026-04-24 13:42:49,398 [INFO] Processing meeting.started for meeting_id=91794085757
2026-04-24 13:42:49,660 [WARNING] No Salesforce record found for meeting_id=91794085757
2026-04-24 13:42:49,660 [WARNING] Skipping meeting_id=91794085757 — no Salesforce match
2026-04-24 13:49:49,163 [INFO] Processing meeting.started for meeting_id=95034826018
2026-04-24 13:49:49,343 [INFO] Found doc_id=1wvkSH198JirJVmaLMIOxMflSDzWK44lI5YxVKZuOWyY for meeting_id=95034826018
2026-04-24 13:49:49,844 [INFO] Watch registered doc_id=1wvkSH198JirJVmaLMIOxMflSDzWK44lI5YxVKZuOWyY meeting_id=95034826018 channel=37c4b74e-756f-4c9a-b976-0c21aefb983c
2026-04-24 13:50:02,971 [INFO] Temp S3 state created: s3://zoom-automation-bucket/temp/live-doc-history/95034826018/
2026-04-24 13:50:02,974 [INFO] Successfully initialized doc tracking meeting_id=95034826018 doc_id=1wvkSH198JirJVmaLMIOxMflSDzWK44lI5YxVKZuOWyY
2026-04-24 13:50:03,048 [INFO] Processing meeting.started for meeting_id=98481205084
2026-04-24 13:50:03,208 [INFO] Found doc_id=1Q8_HoJoMwxIpvXKpUqpiNmVn1DpqcTmBmJf4UhmmIzo for meeting_id=98481205084
2026-04-24 13:50:03,607 [INFO] Watch registered doc_id=1Q8_HoJoMwxIpvXKpUqpiNmVn1DpqcTmBmJf4UhmmIzo meeting_id=98481205084 channel=6d5d857d-a72a-41b3-900c-1bde2f1929a5
2026-04-24 13:50:17,361 [INFO] Temp S3 state created: s3://zoom-automation-bucket/temp/live-doc-history/98481205084/
2026-04-24 13:50:17,365 [INFO] Successfully initialized doc tracking meeting_id=98481205084 doc_id=1Q8_HoJoMwxIpvXKpUqpiNmVn1DpqcTmBmJf4UhmmIzo
2026-04-24 13:51:00,662 [INFO] Processing meeting.started for meeting_id=94523968703
2026-04-24 13:51:00,763 [INFO] Found doc_id=1aCu6B8cn2zWwH1CyuAWRaQjCgsjHQ_KUUARL3_fXb-4 for meeting_id=94523968703
2026-04-24 13:51:01,183 [INFO] Watch registered doc_id=1aCu6B8cn2zWwH1CyuAWRaQjCgsjHQ_KUUARL3_fXb-4 meeting_id=94523968703 channel=f1f96e0d-c177-46f8-90bd-af8c86170234
2026-04-24 13:51:12,674 [INFO] Temp S3 state created: s3://zoom-automation-bucket/temp/live-doc-history/94523968703/
2026-04-24 13:51:12,677 [INFO] Successfully initialized doc tracking meeting_id=94523968703 doc_id=1aCu6B8cn2zWwH1CyuAWRaQjCgsjHQ_KUUARL3_fXb-4
2026-04-24 13:51:27,609 [INFO] Processing meeting.started for meeting_id=99246986783
2026-04-24 13:51:27,710 [INFO] Found doc_id=11Hkr6pcx-0VIshcg1Rmgs7NXC8o04GmXb9tHCTevKPM for meeting_id=99246986783
2026-04-24 13:51:28,083 [INFO] Watch registered doc_id=11Hkr6pcx-0VIshcg1Rmgs7NXC8o04GmXb9tHCTevKPM meeting_id=99246986783 channel=5cd654ea-b20b-40fe-8222-696aaba449da
2026-04-24 13:51:38,546 [INFO] Temp S3 state created: s3://zoom-automation-bucket/temp/live-doc-history/99246986783/
2026-04-24 13:51:38,550 [INFO] Successfully initialized doc tracking meeting_id=99246986783 doc_id=11Hkr6pcx-0VIshcg1Rmgs7NXC8o04GmXb9tHCTevKPM
2026-04-24 13:52:59,498 [INFO] Processing meeting.started for meeting_id=94000107700
2026-04-24 13:52:59,604 [WARNING] No Salesforce record found for meeting_id=94000107700
2026-04-24 13:52:59,604 [WARNING] Skipping meeting_id=94000107700 — no Salesforce match
2026-04-24 13:52:59,704 [INFO] Processing meeting.started for meeting_id=98967187926
2026-04-24 13:52:59,814 [INFO] Found doc_id=1-yT6Ix98Xcm0YxkSlFgaTWnPASNATRXFOyPiDebdDSs for meeting_id=98967187926
2026-04-24 13:53:00,244 [INFO] Watch registered doc_id=1-yT6Ix98Xcm0YxkSlFgaTWnPASNATRXFOyPiDebdDSs meeting_id=98967187926 channel=374547f6-136e-45b1-b5c8-0bee48174462
2026-04-24 13:53:12,241 [INFO] Temp S3 state created: s3://zoom-automation-bucket/temp/live-doc-history/98967187926/
2026-04-24 13:53:12,244 [INFO] Successfully initialized doc tracking meeting_id=98967187926 doc_id=1-yT6Ix98Xcm0YxkSlFgaTWnPASNATRXFOyPiDebdDSs
2026-04-24 13:53:32,364 [INFO] Processing meeting.started for meeting_id=93580846773
2026-04-24 13:53:32,439 [WARNING] No Salesforce record found for meeting_id=93580846773
2026-04-24 13:53:32,439 [WARNING] Skipping meeting_id=93580846773 — no Salesforce match
2026-04-24 13:55:47,172 [INFO] Processing meeting.started for meeting_id=95178317832
2026-04-24 13:55:47,440 [WARNING] No Salesforce record found for meeting_id=95178317832
2026-04-24 13:55:47,440 [WARNING] Skipping meeting_id=95178317832 — no Salesforce match
2026-04-24 13:56:55,598 [INFO] Processing meeting.started for meeting_id=94630115793
2026-04-24 13:56:55,706 [WARNING] No Salesforce record found for meeting_id=94630115793
2026-04-24 13:56:55,706 [WARNING] Skipping meeting_id=94630115793 — no Salesforce match
2026-04-24 14:07:08,825 [INFO] Processing meeting.started for meeting_id=96733332606
2026-04-24 14:07:09,001 [WARNING] No Salesforce record found for meeting_id=96733332606
2026-04-24 14:07:09,002 [WARNING] Skipping meeting_id=96733332606 — no Salesforce match
2026-04-24 14:09:13,725 [INFO] Processing meeting.started for meeting_id=96115688885
2026-04-24 14:09:13,831 [INFO] Found doc_id=1C7vDOaLRYymtxqz5ggqgRBUJykQDD6ZeoQwU_h36VrY for meeting_id=96115688885
2026-04-24 14:09:14,304 [INFO] Watch registered doc_id=1C7vDOaLRYymtxqz5ggqgRBUJykQDD6ZeoQwU_h36VrY meeting_id=96115688885 channel=40793c2d-e66f-4a68-8df8-a7056a1ae3cc
2026-04-24 14:09:26,677 [INFO] Temp S3 state created: s3://zoom-automation-bucket/temp/live-doc-history/96115688885/
2026-04-24 14:09:26,684 [INFO] Successfully initialized doc tracking meeting_id=96115688885 doc_id=1C7vDOaLRYymtxqz5ggqgRBUJykQDD6ZeoQwU_h36VrY
2026-04-24 14:13:30,331 [INFO] Processing meeting.started for meeting_id=98967187926
2026-04-24 14:13:30,528 [INFO] Found doc_id=1-yT6Ix98Xcm0YxkSlFgaTWnPASNATRXFOyPiDebdDSs for meeting_id=98967187926
2026-04-24 14:13:30,903 [INFO] Watch registered doc_id=1-yT6Ix98Xcm0YxkSlFgaTWnPASNATRXFOyPiDebdDSs meeting_id=98967187926 channel=810abe15-fadd-453d-a4f0-efa443d96c00
2026-04-24 14:13:41,607 [INFO] Temp S3 state created: s3://zoom-automation-bucket/temp/live-doc-history/98967187926/
2026-04-24 14:13:41,611 [INFO] Successfully initialized doc tracking meeting_id=98967187926 doc_id=1-yT6Ix98Xcm0YxkSlFgaTWnPASNATRXFOyPiDebdDSs
2026-04-24 14:19:57,256 [INFO] Processing meeting.started for meeting_id=97239812232
2026-04-24 14:19:57,403 [INFO] Found doc_id=1Oc-IP2J7u74HajDrFf64ThJcYz09BithJyljPDkernY for meeting_id=97239812232
2026-04-24 14:19:57,821 [INFO] Watch registered doc_id=1Oc-IP2J7u74HajDrFf64ThJcYz09BithJyljPDkernY meeting_id=97239812232 channel=6721905a-2990-46cb-bc46-477bf0c0c834
2026-04-24 14:20:08,781 [INFO] Temp S3 state created: s3://zoom-automation-bucket/temp/live-doc-history/97239812232/
2026-04-24 14:20:08,783 [INFO] Successfully initialized doc tracking meeting_id=97239812232 doc_id=1Oc-IP2J7u74HajDrFf64ThJcYz09BithJyljPDkernY
2026-04-24 14:20:46,840 [INFO] Processing meeting.started for meeting_id=94462015453
2026-04-24 14:20:47,158 [INFO] Found doc_id=1JZiLld7-7rOM0NyvNeoYLdkd9QsduRcO1nQrLZxpdDE for meeting_id=94462015453
2026-04-24 14:20:47,678 [INFO] Watch registered doc_id=1JZiLld7-7rOM0NyvNeoYLdkd9QsduRcO1nQrLZxpdDE meeting_id=94462015453 channel=1b48eda4-3c1d-447d-8414-9d16e665e70e
2026-04-24 14:20:59,196 [INFO] Temp S3 state created: s3://zoom-automation-bucket/temp/live-doc-history/94462015453/
2026-04-24 14:20:59,198 [INFO] Successfully initialized doc tracking meeting_id=94462015453 doc_id=1JZiLld7-7rOM0NyvNeoYLdkd9QsduRcO1nQrLZxpdDE
2026-04-24 14:21:12,494 [INFO] Processing meeting.started for meeting_id=94575167420
2026-04-24 14:21:12,589 [INFO] Found doc_id=1lNdclKORifkU0MXz8aS20DpU13UGfppbdcZQKGQqlQU for meeting_id=94575167420
2026-04-24 14:21:13,021 [INFO] Watch registered doc_id=1lNdclKORifkU0MXz8aS20DpU13UGfppbdcZQKGQqlQU meeting_id=94575167420 channel=c046455b-987a-4831-8980-263a5643a8f9
2026-04-24 14:21:23,903 [INFO] Temp S3 state created: s3://zoom-automation-bucket/temp/live-doc-history/94575167420/
2026-04-24 14:21:23,905 [INFO] Successfully initialized doc tracking meeting_id=94575167420 doc_id=1lNdclKORifkU0MXz8aS20DpU13UGfppbdcZQKGQqlQU
2026-04-24 14:24:33,230 [INFO] Processing meeting.started for meeting_id=99810117148
2026-04-24 14:24:33,364 [WARNING] No Salesforce record found for meeting_id=99810117148
2026-04-24 14:24:33,364 [WARNING] Skipping meeting_id=99810117148 — no Salesforce match
2026-04-24 14:25:19,608 [INFO] Processing meeting.started for meeting_id=98224924079
2026-04-24 14:25:19,780 [WARNING] No Salesforce record found for meeting_id=98224924079
2026-04-24 14:25:19,780 [WARNING] Skipping meeting_id=98224924079 — no Salesforce match
2026-04-24 14:25:21,636 [INFO] Processing meeting.started for meeting_id=95508096534
2026-04-24 14:25:21,743 [WARNING] No Salesforce record found for meeting_id=95508096534
2026-04-24 14:25:21,743 [WARNING] Skipping meeting_id=95508096534 — no Salesforce match
2026-04-24 14:25:58,728 [INFO] Processing meeting.started for meeting_id=96491076129
2026-04-24 14:25:58,820 [WARNING] No Salesforce record found for meeting_id=96491076129
2026-04-24 14:25:58,820 [WARNING] Skipping meeting_id=96491076129 — no Salesforce match
2026-04-24 14:28:17,246 [INFO] Processing meeting.started for meeting_id=91364416090
2026-04-24 14:28:17,611 [WARNING] No Salesforce record found for meeting_id=91364416090
2026-04-24 14:28:17,611 [WARNING] Skipping meeting_id=91364416090 — no Salesforce match
2026-04-24 14:29:00,420 [INFO] Processing meeting.started for meeting_id=98618064842
2026-04-24 14:29:00,529 [WARNING] No Salesforce record found for meeting_id=98618064842
2026-04-24 14:29:00,529 [WARNING] Skipping meeting_id=98618064842 — no Salesforce match
2026-04-24 14:30:17,748 [INFO] Processing meeting.started for meeting_id=95990776733
2026-04-24 14:30:17,829 [WARNING] No Salesforce record found for meeting_id=95990776733
2026-04-24 14:30:17,829 [WARNING] Skipping meeting_id=95990776733 — no Salesforce match
2026-04-24 14:34:25,575 [INFO] Processing meeting.started for meeting_id=99546542775
2026-04-24 14:34:25,698 [INFO] Found doc_id=1CHxrRd10TJVRBZlr1DlIe6SzZp50lAUrwtHbHXpSIVk for meeting_id=99546542775
2026-04-24 14:34:26,140 [INFO] Watch registered doc_id=1CHxrRd10TJVRBZlr1DlIe6SzZp50lAUrwtHbHXpSIVk meeting_id=99546542775 channel=aa544b79-222a-47f6-9091-e96a10cdd697
2026-04-24 14:34:38,299 [INFO] Temp S3 state created: s3://zoom-automation-bucket/temp/live-doc-history/99546542775/
2026-04-24 14:34:38,303 [INFO] Successfully initialized doc tracking meeting_id=99546542775 doc_id=1CHxrRd10TJVRBZlr1DlIe6SzZp50lAUrwtHbHXpSIVk
2026-04-24 14:34:38,362 [INFO] Processing meeting.started for meeting_id=97210070060
2026-04-24 14:34:38,478 [INFO] Found doc_id=1Fh-VnHb_0Z4A9Bx6reW4ZqCzvdB3ImVs_FfOLNwt8Vw for meeting_id=97210070060
2026-04-24 14:34:38,901 [INFO] Watch registered doc_id=1Fh-VnHb_0Z4A9Bx6reW4ZqCzvdB3ImVs_FfOLNwt8Vw meeting_id=97210070060 channel=af1120b1-6a69-446f-be75-9e823d6109d0
2026-04-24 14:34:50,411 [INFO] Temp S3 state created: s3://zoom-automation-bucket/temp/live-doc-history/97210070060/
2026-04-24 14:34:50,414 [INFO] Successfully initialized doc tracking meeting_id=97210070060 doc_id=1Fh-VnHb_0Z4A9Bx6reW4ZqCzvdB3ImVs_FfOLNwt8Vw
2026-04-24 14:41:24,425 [INFO] Processing meeting.started for meeting_id=98069479840
2026-04-24 14:41:24,681 [INFO] Found doc_id=1c1DiDMgkXOXZUAfabRIZv8qFLAztSZbbI_YIxkhjYHc for meeting_id=98069479840
2026-04-24 14:41:25,100 [INFO] Watch registered doc_id=1c1DiDMgkXOXZUAfabRIZv8qFLAztSZbbI_YIxkhjYHc meeting_id=98069479840 channel=01b2a245-f2cd-4ded-9e13-310306d39e4c
2026-04-24 14:41:35,421 [INFO] Temp S3 state created: s3://zoom-automation-bucket/temp/live-doc-history/98069479840/
2026-04-24 14:41:35,423 [INFO] Successfully initialized doc tracking meeting_id=98069479840 doc_id=1c1DiDMgkXOXZUAfabRIZv8qFLAztSZbbI_YIxkhjYHc
2026-04-24 14:47:34,127 [INFO] Processing meeting.started for meeting_id=96258377114
2026-04-24 14:47:34,345 [INFO] Found doc_id=1eFTLB5ujVgorlNDGfUgmc0NeOsA2PW1wyeR9ZcwoJ3Q for meeting_id=96258377114
2026-04-24 14:47:34,694 [INFO] Watch registered doc_id=1eFTLB5ujVgorlNDGfUgmc0NeOsA2PW1wyeR9ZcwoJ3Q meeting_id=96258377114 channel=c26f2a89-2158-4e76-a912-cc88be090aab
2026-04-24 14:47:48,220 [INFO] Temp S3 state created: s3://zoom-automation-bucket/temp/live-doc-history/96258377114/
2026-04-24 14:47:48,223 [INFO] Successfully initialized doc tracking meeting_id=96258377114 doc_id=1eFTLB5ujVgorlNDGfUgmc0NeOsA2PW1wyeR9ZcwoJ3Q
2026-04-24 14:49:50,052 [INFO] Processing meeting.started for meeting_id=98721865277
2026-04-24 14:49:50,383 [INFO] Found doc_id=1XQXR9D2Q-76de_ObmTUSi61Pnu8mNMkj5mZsgc4JhQk for meeting_id=98721865277
2026-04-24 14:49:50,803 [INFO] Watch registered doc_id=1XQXR9D2Q-76de_ObmTUSi61Pnu8mNMkj5mZsgc4JhQk meeting_id=98721865277 channel=eb3534c5-5969-4dc1-93db-4cd78db23c61
2026-04-24 14:50:01,225 [INFO] Temp S3 state created: s3://zoom-automation-bucket/temp/live-doc-history/98721865277/
2026-04-24 14:50:01,230 [INFO] Successfully initialized doc tracking meeting_id=98721865277 doc_id=1XQXR9D2Q-76de_ObmTUSi61Pnu8mNMkj5mZsgc4JhQk
2026-04-24 14:51:44,883 [INFO] Processing meeting.started for meeting_id=96146593516
2026-04-24 14:51:45,169 [WARNING] No Salesforce record found for meeting_id=96146593516
2026-04-24 14:51:45,170 [WARNING] Skipping meeting_id=96146593516 — no Salesforce match
2026-04-24 14:52:38,860 [INFO] Processing meeting.started for meeting_id=96464284775
2026-04-24 14:52:38,995 [INFO] Found doc_id=1a2pzXLIy0TjLDr6xIjsfo5rjpdPxIzQ-8Atzb2TyT5E for meeting_id=96464284775
2026-04-24 14:52:39,348 [INFO] Watch registered doc_id=1a2pzXLIy0TjLDr6xIjsfo5rjpdPxIzQ-8Atzb2TyT5E meeting_id=96464284775 channel=f128de5f-c865-4b67-9131-5dc01067e600
2026-04-24 14:52:52,125 [INFO] Temp S3 state created: s3://zoom-automation-bucket/temp/live-doc-history/96464284775/
2026-04-24 14:52:52,129 [INFO] Successfully initialized doc tracking meeting_id=96464284775 doc_id=1a2pzXLIy0TjLDr6xIjsfo5rjpdPxIzQ-8Atzb2TyT5E
2026-04-24 14:52:52,185 [INFO] Processing meeting.started for meeting_id=91280567406
2026-04-24 14:52:52,302 [INFO] Found doc_id=10cGRRZ30xXkmVWZqnQqKdNXC-qF5dR-SjdJUxKrNQL8 for meeting_id=91280567406
2026-04-24 14:52:52,776 [INFO] Watch registered doc_id=10cGRRZ30xXkmVWZqnQqKdNXC-qF5dR-SjdJUxKrNQL8 meeting_id=91280567406 channel=0839be26-c4fc-463d-8752-92084ca47f1f
2026-04-24 14:53:05,793 [INFO] Temp S3 state created: s3://zoom-automation-bucket/temp/live-doc-history/91280567406/
2026-04-24 14:53:05,797 [INFO] Successfully initialized doc tracking meeting_id=91280567406 doc_id=10cGRRZ30xXkmVWZqnQqKdNXC-qF5dR-SjdJUxKrNQL8
2026-04-24 14:57:06,048 [INFO] Processing meeting.started for meeting_id=99506354922
2026-04-24 14:57:06,174 [WARNING] No Salesforce record found for meeting_id=99506354922
2026-04-24 14:57:06,174 [WARNING] Skipping meeting_id=99506354922 — no Salesforce match
2026-04-24 14:57:58,299 [INFO] Processing meeting.started for meeting_id=96835294459
2026-04-24 14:57:58,500 [WARNING] No Salesforce record found for meeting_id=96835294459
2026-04-24 14:57:58,500 [WARNING] Skipping meeting_id=96835294459 — no Salesforce match
2026-04-24 14:59:09,247 [INFO] Processing meeting.started for meeting_id=98537863952
2026-04-24 14:59:09,380 [WARNING] No Salesforce record found for meeting_id=98537863952
2026-04-24 14:59:09,380 [WARNING] Skipping meeting_id=98537863952 — no Salesforce match
2026-04-24 14:59:21,416 [INFO] Processing meeting.started for meeting_id=93722499442
2026-04-24 14:59:21,516 [WARNING] No Salesforce record found for meeting_id=93722499442
2026-04-24 14:59:21,517 [WARNING] Skipping meeting_id=93722499442 — no Salesforce match
2026-04-24 15:00:42,366 [INFO] Processing meeting.started for meeting_id=96464284775
2026-04-24 15:00:42,495 [INFO] Found doc_id=1a2pzXLIy0TjLDr6xIjsfo5rjpdPxIzQ-8Atzb2TyT5E for meeting_id=96464284775
2026-04-24 15:00:42,868 [INFO] Watch registered doc_id=1a2pzXLIy0TjLDr6xIjsfo5rjpdPxIzQ-8Atzb2TyT5E meeting_id=96464284775 channel=0a9d533b-07a7-41a3-b380-c9c22365de82
2026-04-24 15:00:54,753 [INFO] Temp S3 state created: s3://zoom-automation-bucket/temp/live-doc-history/96464284775/
2026-04-24 15:00:54,758 [INFO] Successfully initialized doc tracking meeting_id=96464284775 doc_id=1a2pzXLIy0TjLDr6xIjsfo5rjpdPxIzQ-8Atzb2TyT5E
2026-04-24 15:02:55,560 [INFO] Processing meeting.started for meeting_id=92715143656
2026-04-24 15:02:55,679 [INFO] Found doc_id=1SEmYLrSvBOMmCaXobXpj6qD7n6nw-lOX2e6p8JL_s_8 for meeting_id=92715143656
2026-04-24 15:02:56,131 [INFO] Watch registered doc_id=1SEmYLrSvBOMmCaXobXpj6qD7n6nw-lOX2e6p8JL_s_8 meeting_id=92715143656 channel=ff54c27c-0b14-4f28-97c5-1b0b6015e3be
2026-04-24 15:03:08,367 [INFO] Temp S3 state created: s3://zoom-automation-bucket/temp/live-doc-history/92715143656/
2026-04-24 15:03:08,370 [INFO] Successfully initialized doc tracking meeting_id=92715143656 doc_id=1SEmYLrSvBOMmCaXobXpj6qD7n6nw-lOX2e6p8JL_s_8
2026-04-24 15:08:34,899 [INFO] Processing meeting.started for meeting_id=99810117148
2026-04-24 15:08:35,233 [WARNING] No Salesforce record found for meeting_id=99810117148
2026-04-24 15:08:35,233 [WARNING] Skipping meeting_id=99810117148 — no Salesforce match
2026-04-24 15:09:17,821 [INFO] Processing meeting.started for meeting_id=94217590806
2026-04-24 15:09:17,948 [INFO] Found doc_id=1ZFIXUH208q2v-vDc52R6hT9X4SSfBniUyFQNSrDaBcs for meeting_id=94217590806
2026-04-24 15:09:18,670 [INFO] Watch registered doc_id=1ZFIXUH208q2v-vDc52R6hT9X4SSfBniUyFQNSrDaBcs meeting_id=94217590806 channel=bf65e634-4940-45c2-bffb-32426eeb73b8
2026-04-24 15:09:30,311 [INFO] Temp S3 state created: s3://zoom-automation-bucket/temp/live-doc-history/94217590806/
2026-04-24 15:09:30,316 [INFO] Successfully initialized doc tracking meeting_id=94217590806 doc_id=1ZFIXUH208q2v-vDc52R6hT9X4SSfBniUyFQNSrDaBcs
2026-04-24 15:09:31,551 [INFO] Processing meeting.started for meeting_id=92920705565
2026-04-24 15:09:31,697 [WARNING] No Salesforce record found for meeting_id=92920705565
2026-04-24 15:09:31,697 [WARNING] Skipping meeting_id=92920705565 — no Salesforce match
2026-04-24 15:14:15,262 [INFO] Processing meeting.started for meeting_id=98548575942
2026-04-24 15:14:15,434 [WARNING] No Salesforce record found for meeting_id=98548575942
2026-04-24 15:14:15,434 [WARNING] Skipping meeting_id=98548575942 — no Salesforce match
2026-04-24 15:14:36,932 [INFO] Processing meeting.started for meeting_id=98521371557
2026-04-24 15:14:37,052 [INFO] Found doc_id=1l75P1XZZMBMM_zX5IkFoxE6A5yQ97nd6b7b-jjiwi8U for meeting_id=98521371557
2026-04-24 15:14:37,487 [INFO] Watch registered doc_id=1l75P1XZZMBMM_zX5IkFoxE6A5yQ97nd6b7b-jjiwi8U meeting_id=98521371557 channel=f8c857ec-7084-48e6-be45-02428a47498d
2026-04-24 15:14:49,835 [INFO] Temp S3 state created: s3://zoom-automation-bucket/temp/live-doc-history/98521371557/
2026-04-24 15:14:49,839 [INFO] Successfully initialized doc tracking meeting_id=98521371557 doc_id=1l75P1XZZMBMM_zX5IkFoxE6A5yQ97nd6b7b-jjiwi8U
2026-04-24 15:16:15,566 [INFO] Processing meeting.started for meeting_id=93176707373
2026-04-24 15:16:15,827 [INFO] Found doc_id=1gUntdwpVLuuqCXILJrAsIp4drQYOUsr8x7Gv9_OQGhM for meeting_id=93176707373
2026-04-24 15:16:16,231 [INFO] Watch registered doc_id=1gUntdwpVLuuqCXILJrAsIp4drQYOUsr8x7Gv9_OQGhM meeting_id=93176707373 channel=f236784b-bec2-45bb-bf16-3fb50f069a74
2026-04-24 15:16:28,746 [INFO] Temp S3 state created: s3://zoom-automation-bucket/temp/live-doc-history/93176707373/
2026-04-24 15:16:28,749 [INFO] Successfully initialized doc tracking meeting_id=93176707373 doc_id=1gUntdwpVLuuqCXILJrAsIp4drQYOUsr8x7Gv9_OQGhM
2026-04-24 15:19:42,411 [INFO] Processing meeting.started for meeting_id=96464284775
2026-04-24 15:19:42,751 [INFO] Found doc_id=1a2pzXLIy0TjLDr6xIjsfo5rjpdPxIzQ-8Atzb2TyT5E for meeting_id=96464284775
2026-04-24 15:19:43,184 [INFO] Watch registered doc_id=1a2pzXLIy0TjLDr6xIjsfo5rjpdPxIzQ-8Atzb2TyT5E meeting_id=96464284775 channel=86a1e3c2-bc1c-4308-bbd1-9f0db8a1f198
2026-04-24 15:19:50,460 [INFO] Found final S3 prefix for meeting_id=96464284775: Interview-Success/Charul_Patel/2026/Month-4/Samyukth_-_challa/96464284775/teksystems/2026-04-24/Round_First/Time-8-22-PM-IST
2026-04-24 15:19:50,521 [INFO] Temp S3 state created: s3://zoom-automation-bucket/temp/live-doc-history/96464284775/
2026-04-24 15:19:50,524 [INFO] Successfully initialized doc tracking meeting_id=96464284775 doc_id=1a2pzXLIy0TjLDr6xIjsfo5rjpdPxIzQ-8Atzb2TyT5E
2026-04-24 15:22:20,809 [INFO] Processing meeting.started for meeting_id=95772896839
2026-04-24 15:22:20,939 [WARNING] No Salesforce record found for meeting_id=95772896839
2026-04-24 15:22:20,940 [WARNING] Skipping meeting_id=95772896839 — no Salesforce match
2026-04-24 15:23:17,908 [INFO] Processing meeting.started for meeting_id=93176707373
2026-04-24 15:23:18,085 [INFO] Found doc_id=1gUntdwpVLuuqCXILJrAsIp4drQYOUsr8x7Gv9_OQGhM for meeting_id=93176707373
2026-04-24 15:23:18,575 [INFO] Watch registered doc_id=1gUntdwpVLuuqCXILJrAsIp4drQYOUsr8x7Gv9_OQGhM meeting_id=93176707373 channel=ea6630f8-ae5e-48cc-8e04-1687731cbd05
2026-04-24 15:23:26,357 [INFO] Found final S3 prefix for meeting_id=93176707373: Interview-Success/Prachi_Pundir/2026/Month-4/Aamani_Chowdary_Nadendla/93176707373/trytoast/2026-04-24/Round_First/Time-8-46-PM-IST
2026-04-24 15:23:26,423 [INFO] Temp S3 state created: s3://zoom-automation-bucket/temp/live-doc-history/93176707373/
2026-04-24 15:23:26,426 [INFO] Successfully initialized doc tracking meeting_id=93176707373 doc_id=1gUntdwpVLuuqCXILJrAsIp4drQYOUsr8x7Gv9_OQGhM
2026-04-24 15:24:43,535 [INFO] Processing meeting.started for meeting_id=92065503978
2026-04-24 15:24:43,964 [WARNING] No Salesforce record found for meeting_id=92065503978
2026-04-24 15:24:43,964 [WARNING] Skipping meeting_id=92065503978 — no Salesforce match
2026-04-24 15:29:58,902 [INFO] Processing meeting.started for meeting_id=98861276854
2026-04-24 15:29:59,134 [WARNING] No Salesforce record found for meeting_id=98861276854
2026-04-24 15:29:59,134 [WARNING] Skipping meeting_id=98861276854 — no Salesforce match
2026-04-24 15:31:06,509 [INFO] Processing meeting.started for meeting_id=94812405922
2026-04-24 15:31:06,611 [WARNING] No Salesforce record found for meeting_id=94812405922
2026-04-24 15:31:06,611 [WARNING] Skipping meeting_id=94812405922 — no Salesforce match
2026-04-24 15:31:50,987 [INFO] Processing meeting.started for meeting_id=91423676285
2026-04-24 15:31:51,241 [WARNING] No Salesforce record found for meeting_id=91423676285
2026-04-24 15:31:51,241 [WARNING] Skipping meeting_id=91423676285 — no Salesforce match
2026-04-24 15:35:10,705 [INFO] Processing meeting.started for meeting_id=99182185996
2026-04-24 15:35:11,231 [WARNING] No Salesforce record found for meeting_id=99182185996
2026-04-24 15:35:11,231 [WARNING] Skipping meeting_id=99182185996 — no Salesforce match
2026-04-24 15:43:41,820 [INFO] Processing meeting.started for meeting_id=99391473089
2026-04-24 15:43:41,989 [WARNING] No Salesforce record found for meeting_id=99391473089
2026-04-24 15:43:41,989 [WARNING] Skipping meeting_id=99391473089 — no Salesforce match
2026-04-24 15:46:02,772 [INFO] Processing meeting.started for meeting_id=92169133654
2026-04-24 15:46:02,883 [INFO] Found doc_id=1AMzIEA2CMTaWJfrW78579a8Oz2iV2aYB6q2OvptPaeI for meeting_id=92169133654
2026-04-24 15:46:03,329 [INFO] Watch registered doc_id=1AMzIEA2CMTaWJfrW78579a8Oz2iV2aYB6q2OvptPaeI meeting_id=92169133654 channel=f87615db-22fe-4381-9060-152de8aa8a39
2026-04-24 15:46:13,963 [INFO] Temp S3 state created: s3://zoom-automation-bucket/temp/live-doc-history/92169133654/
2026-04-24 15:46:13,965 [INFO] Successfully initialized doc tracking meeting_id=92169133654 doc_id=1AMzIEA2CMTaWJfrW78579a8Oz2iV2aYB6q2OvptPaeI
2026-04-24 15:47:26,726 [INFO] Processing meeting.started for meeting_id=92913619940
2026-04-24 15:47:27,049 [INFO] Found doc_id=1llAqwTKXZNp5EuWmSmDmN6PWRmFArE0fgxcxqp7sVOc for meeting_id=92913619940
2026-04-24 15:47:27,478 [INFO] Watch registered doc_id=1llAqwTKXZNp5EuWmSmDmN6PWRmFArE0fgxcxqp7sVOc meeting_id=92913619940 channel=b383ab94-8e49-4163-bebf-e3d41f5fbcbd
2026-04-24 15:47:40,260 [INFO] Temp S3 state created: s3://zoom-automation-bucket/temp/live-doc-history/92913619940/
2026-04-24 15:47:40,265 [INFO] Successfully initialized doc tracking meeting_id=92913619940 doc_id=1llAqwTKXZNp5EuWmSmDmN6PWRmFArE0fgxcxqp7sVOc
2026-04-24 15:48:21,464 [INFO] Processing meeting.started for meeting_id=95962884432
2026-04-24 15:48:21,748 [INFO] Found doc_id=1yiFGaxoZH7qJMOPBBY-kq2K8zDOzYGw1J1IxiGvWp00 for meeting_id=95962884432
2026-04-24 15:48:22,498 [INFO] Watch registered doc_id=1yiFGaxoZH7qJMOPBBY-kq2K8zDOzYGw1J1IxiGvWp00 meeting_id=95962884432 channel=8d480e39-65b3-40b8-bf2a-9f2757044c0e
2026-04-24 15:48:35,115 [INFO] Temp S3 state created: s3://zoom-automation-bucket/temp/live-doc-history/95962884432/
2026-04-24 15:48:35,119 [INFO] Successfully initialized doc tracking meeting_id=95962884432 doc_id=1yiFGaxoZH7qJMOPBBY-kq2K8zDOzYGw1J1IxiGvWp00
2026-04-24 15:49:46,964 [INFO] Processing meeting.started for meeting_id=92611941292
2026-04-24 15:49:47,071 [INFO] Found doc_id=1YdQGndqSQ4KWZXSpqb4_jSnKm5oKg3UtoFh6xL0x0YM for meeting_id=92611941292
2026-04-24 15:49:47,438 [INFO] Watch registered doc_id=1YdQGndqSQ4KWZXSpqb4_jSnKm5oKg3UtoFh6xL0x0YM meeting_id=92611941292 channel=4ed5521c-8df3-46bb-94e6-5539c96b2497
2026-04-24 15:49:58,188 [INFO] Temp S3 state created: s3://zoom-automation-bucket/temp/live-doc-history/92611941292/
2026-04-24 15:49:58,191 [INFO] Successfully initialized doc tracking meeting_id=92611941292 doc_id=1YdQGndqSQ4KWZXSpqb4_jSnKm5oKg3UtoFh6xL0x0YM
2026-04-24 15:50:18,720 [INFO] Processing meeting.started for meeting_id=95726148269
2026-04-24 15:50:18,838 [INFO] Found doc_id=1ejTBBap36yiQMoZc7HU28EfPGQvXJGd9KoHgnFTrMpA for meeting_id=95726148269
2026-04-24 15:50:19,505 [INFO] Watch registered doc_id=1ejTBBap36yiQMoZc7HU28EfPGQvXJGd9KoHgnFTrMpA meeting_id=95726148269 channel=17ec2612-582f-4d6c-86a7-60663b7c4e19
2026-04-24 15:50:33,163 [INFO] Temp S3 state created: s3://zoom-automation-bucket/temp/live-doc-history/95726148269/
2026-04-24 15:50:33,166 [INFO] Successfully initialized doc tracking meeting_id=95726148269 doc_id=1ejTBBap36yiQMoZc7HU28EfPGQvXJGd9KoHgnFTrMpA
2026-04-24 15:50:33,218 [INFO] Processing meeting.started for meeting_id=98861276854
2026-04-24 15:50:33,421 [WARNING] No Salesforce record found for meeting_id=98861276854
2026-04-24 15:50:33,421 [WARNING] Skipping meeting_id=98861276854 — no Salesforce match
2026-04-24 15:51:46,260 [INFO] Processing meeting.started for meeting_id=92342456750
2026-04-24 15:51:46,407 [INFO] Found doc_id=17CzXvQ8DJ-5YA-2fn02tR-yW3rNAUCnSytMGJkSV6BU for meeting_id=92342456750
2026-04-24 15:51:46,778 [INFO] Watch registered doc_id=17CzXvQ8DJ-5YA-2fn02tR-yW3rNAUCnSytMGJkSV6BU meeting_id=92342456750 channel=489c62b5-f588-4887-9d96-55b4eca0b1f1
2026-04-24 15:51:59,640 [INFO] Temp S3 state created: s3://zoom-automation-bucket/temp/live-doc-history/92342456750/
2026-04-24 15:51:59,643 [INFO] Successfully initialized doc tracking meeting_id=92342456750 doc_id=17CzXvQ8DJ-5YA-2fn02tR-yW3rNAUCnSytMGJkSV6BU
2026-04-24 15:52:37,955 [INFO] Processing meeting.started for meeting_id=98666827128
2026-04-24 15:52:38,143 [INFO] Found doc_id=1tScEWRwNfV7VsA3UJNe9FlrlbZMGlb0wxCHfxDVRCrg for meeting_id=98666827128
2026-04-24 15:52:38,485 [INFO] Watch registered doc_id=1tScEWRwNfV7VsA3UJNe9FlrlbZMGlb0wxCHfxDVRCrg meeting_id=98666827128 channel=333fa0b6-4c85-4afd-9a14-7c268430cb73
2026-04-24 15:52:51,391 [INFO] Temp S3 state created: s3://zoom-automation-bucket/temp/live-doc-history/98666827128/
2026-04-24 15:52:51,394 [INFO] Successfully initialized doc tracking meeting_id=98666827128 doc_id=1tScEWRwNfV7VsA3UJNe9FlrlbZMGlb0wxCHfxDVRCrg
2026-04-24 15:52:51,500 [INFO] Processing meeting.started for meeting_id=94217590806
2026-04-24 15:52:51,610 [INFO] Found doc_id=1ZFIXUH208q2v-vDc52R6hT9X4SSfBniUyFQNSrDaBcs for meeting_id=94217590806
2026-04-24 15:52:52,015 [INFO] Watch registered doc_id=1ZFIXUH208q2v-vDc52R6hT9X4SSfBniUyFQNSrDaBcs meeting_id=94217590806 channel=259015df-ced7-43bc-8cb1-deb5d0ef4d28
2026-04-24 15:53:04,986 [INFO] Temp S3 state created: s3://zoom-automation-bucket/temp/live-doc-history/94217590806/
2026-04-24 15:53:04,994 [INFO] Successfully initialized doc tracking meeting_id=94217590806 doc_id=1ZFIXUH208q2v-vDc52R6hT9X4SSfBniUyFQNSrDaBcs
2026-04-24 15:53:14,627 [INFO] Processing meeting.started for meeting_id=97933358174
2026-04-24 15:53:14,722 [INFO] Found doc_id=1IJJawplAvy41l_zEIOgYvcwteFv12-GlcDgmxlS2C9k for meeting_id=97933358174
2026-04-24 15:53:15,095 [INFO] Watch registered doc_id=1IJJawplAvy41l_zEIOgYvcwteFv12-GlcDgmxlS2C9k meeting_id=97933358174 channel=ac54f8e7-4647-447b-a959-8f5741f68cf6
2026-04-24 15:53:28,138 [INFO] Temp S3 state created: s3://zoom-automation-bucket/temp/live-doc-history/97933358174/
2026-04-24 15:53:28,142 [INFO] Successfully initialized doc tracking meeting_id=97933358174 doc_id=1IJJawplAvy41l_zEIOgYvcwteFv12-GlcDgmxlS2C9k
2026-04-24 15:56:22,010 [INFO] Processing meeting.started for meeting_id=94534407943
2026-04-24 15:56:22,155 [INFO] Found doc_id=1i6T73uzEnMg8o6p54d9E7LSirUpH2vNR4cdLVsSRCy4 for meeting_id=94534407943
2026-04-24 15:56:22,544 [INFO] Watch registered doc_id=1i6T73uzEnMg8o6p54d9E7LSirUpH2vNR4cdLVsSRCy4 meeting_id=94534407943 channel=fa5960b8-93f9-4f3a-a24d-d81c64d4ce19
2026-04-24 15:56:34,367 [INFO] Temp S3 state created: s3://zoom-automation-bucket/temp/live-doc-history/94534407943/
2026-04-24 15:56:34,370 [INFO] Successfully initialized doc tracking meeting_id=94534407943 doc_id=1i6T73uzEnMg8o6p54d9E7LSirUpH2vNR4cdLVsSRCy4
2026-04-24 16:03:23,326 [INFO] Processing meeting.started for meeting_id=94632680440
2026-04-24 16:03:23,671 [INFO] Found doc_id=15Go4c5JR7C-jnGSc7PxuGw8OM47N2rv_581vJkwSktQ for meeting_id=94632680440
2026-04-24 16:03:24,063 [INFO] Watch registered doc_id=15Go4c5JR7C-jnGSc7PxuGw8OM47N2rv_581vJkwSktQ meeting_id=94632680440 channel=88565218-106b-4edd-b1c1-9a26450c9166
2026-04-24 16:03:34,066 [INFO] Temp S3 state created: s3://zoom-automation-bucket/temp/live-doc-history/94632680440/
2026-04-24 16:03:34,069 [INFO] Successfully initialized doc tracking meeting_id=94632680440 doc_id=15Go4c5JR7C-jnGSc7PxuGw8OM47N2rv_581vJkwSktQ
2026-04-24 16:06:24,351 [INFO] Processing meeting.started for meeting_id=93722499442
2026-04-24 16:06:24,675 [WARNING] No Salesforce record found for meeting_id=93722499442
2026-04-24 16:06:24,675 [WARNING] Skipping meeting_id=93722499442 — no Salesforce match
2026-04-24 16:07:47,156 [INFO] Processing meeting.started for meeting_id=94652687233
2026-04-24 16:07:47,281 [WARNING] No Salesforce record found for meeting_id=94652687233
2026-04-24 16:07:47,281 [WARNING] Skipping meeting_id=94652687233 — no Salesforce match
2026-04-24 16:10:42,845 [INFO] Processing meeting.started for meeting_id=91487389565
2026-04-24 16:10:43,090 [INFO] Found doc_id=1wGM5oqMM7rd4Q3hEacD8RQLgSuWYMgl6mdRs_qeOeZU for meeting_id=91487389565
2026-04-24 16:10:43,560 [INFO] Watch registered doc_id=1wGM5oqMM7rd4Q3hEacD8RQLgSuWYMgl6mdRs_qeOeZU meeting_id=91487389565 channel=b8b98247-11b1-46bf-ba9f-7e2f814e2c86
2026-04-24 16:10:55,548 [INFO] Temp S3 state created: s3://zoom-automation-bucket/temp/live-doc-history/91487389565/
2026-04-24 16:10:55,551 [INFO] Successfully initialized doc tracking meeting_id=91487389565 doc_id=1wGM5oqMM7rd4Q3hEacD8RQLgSuWYMgl6mdRs_qeOeZU
2026-04-24 16:11:03,636 [INFO] Processing meeting.started for meeting_id=99326182953
2026-04-24 16:11:04,080 [WARNING] No Salesforce record found for meeting_id=99326182953
2026-04-24 16:11:04,080 [WARNING] Skipping meeting_id=99326182953 — no Salesforce match
2026-04-24 16:12:21,089 [INFO] Processing meeting.started for meeting_id=93763210670
2026-04-24 16:12:21,358 [WARNING] No Salesforce record found for meeting_id=93763210670
2026-04-24 16:12:21,358 [WARNING] Skipping meeting_id=93763210670 — no Salesforce match
2026-04-24 16:19:40,038 [INFO] Processing meeting.started for meeting_id=93655811224
2026-04-24 16:19:40,447 [INFO] Found doc_id=1_AZvJ_u4DQR2Wghrl1ZyBL-KPVfYPLHv9Q03lDwJwSk for meeting_id=93655811224
2026-04-24 16:19:40,891 [INFO] Watch registered doc_id=1_AZvJ_u4DQR2Wghrl1ZyBL-KPVfYPLHv9Q03lDwJwSk meeting_id=93655811224 channel=a797cc68-dc6c-4d98-b28b-433a925dc08b
2026-04-24 16:19:51,012 [INFO] Temp S3 state created: s3://zoom-automation-bucket/temp/live-doc-history/93655811224/
2026-04-24 16:19:51,014 [INFO] Successfully initialized doc tracking meeting_id=93655811224 doc_id=1_AZvJ_u4DQR2Wghrl1ZyBL-KPVfYPLHv9Q03lDwJwSk
2026-04-24 16:20:47,743 [INFO] Processing meeting.started for meeting_id=98123702357
2026-04-24 16:20:47,877 [INFO] Found doc_id=1bGOqQ_YRjZdSS-xXZaysJf6tlvZIa-LeLmhTJz6PmYM for meeting_id=98123702357
2026-04-24 16:20:48,332 [INFO] Watch registered doc_id=1bGOqQ_YRjZdSS-xXZaysJf6tlvZIa-LeLmhTJz6PmYM meeting_id=98123702357 channel=d1fa92cb-e288-4756-927b-15b48f23a841
2026-04-24 16:20:58,438 [INFO] Temp S3 state created: s3://zoom-automation-bucket/temp/live-doc-history/98123702357/
2026-04-24 16:20:58,441 [INFO] Successfully initialized doc tracking meeting_id=98123702357 doc_id=1bGOqQ_YRjZdSS-xXZaysJf6tlvZIa-LeLmhTJz6PmYM
2026-04-24 16:26:54,997 [INFO] Processing meeting.started for meeting_id=91798736351
2026-04-24 16:26:55,145 [INFO] Found doc_id=1dNU7qAe2x87a5ZNyOvxOwvWAKWyJd_Y9UDZk2MJGN7Y for meeting_id=91798736351
2026-04-24 16:26:55,587 [INFO] Watch registered doc_id=1dNU7qAe2x87a5ZNyOvxOwvWAKWyJd_Y9UDZk2MJGN7Y meeting_id=91798736351 channel=5609d117-169e-492b-a3ba-b012d5030583
2026-04-24 16:27:06,320 [INFO] Temp S3 state created: s3://zoom-automation-bucket/temp/live-doc-history/91798736351/
2026-04-24 16:27:06,323 [INFO] Successfully initialized doc tracking meeting_id=91798736351 doc_id=1dNU7qAe2x87a5ZNyOvxOwvWAKWyJd_Y9UDZk2MJGN7Y
2026-04-24 16:27:52,009 [INFO] Processing meeting.started for meeting_id=98861276854
2026-04-24 16:27:52,115 [WARNING] No Salesforce record found for meeting_id=98861276854
2026-04-24 16:27:52,115 [WARNING] Skipping meeting_id=98861276854 — no Salesforce match
2026-04-24 16:28:06,253 [INFO] Processing meeting.started for meeting_id=95104819655
2026-04-24 16:28:06,421 [INFO] Found doc_id=1vYuTKuN5aOTXbwgYuv4eKc0G95wACh1ILmFOx2JJJNU for meeting_id=95104819655
2026-04-24 16:28:06,911 [INFO] Watch registered doc_id=1vYuTKuN5aOTXbwgYuv4eKc0G95wACh1ILmFOx2JJJNU meeting_id=95104819655 channel=9bf95b51-50e9-421d-9324-37776c47fe57
2026-04-24 16:28:17,187 [INFO] Temp S3 state created: s3://zoom-automation-bucket/temp/live-doc-history/95104819655/
2026-04-24 16:28:17,190 [INFO] Successfully initialized doc tracking meeting_id=95104819655 doc_id=1vYuTKuN5aOTXbwgYuv4eKc0G95wACh1ILmFOx2JJJNU
2026-04-24 16:33:30,727 [INFO] Processing meeting.started for meeting_id=93453409140
2026-04-24 16:33:30,915 [INFO] Found doc_id=1FOZQMCFDg_UYxCyR6YChpBQyS3IYZ5pebXvE4SMXCSA for meeting_id=93453409140
2026-04-24 16:33:31,384 [INFO] Watch registered doc_id=1FOZQMCFDg_UYxCyR6YChpBQyS3IYZ5pebXvE4SMXCSA meeting_id=93453409140 channel=90dd289c-0e55-4960-86f7-e1ba0cf49877
2026-04-24 16:33:43,717 [INFO] Temp S3 state created: s3://zoom-automation-bucket/temp/live-doc-history/93453409140/
2026-04-24 16:33:43,719 [INFO] Successfully initialized doc tracking meeting_id=93453409140 doc_id=1FOZQMCFDg_UYxCyR6YChpBQyS3IYZ5pebXvE4SMXCSA
2026-04-24 16:34:12,136 [INFO] Processing meeting.started for meeting_id=98032154959
2026-04-24 16:34:12,395 [INFO] Found doc_id=1jObk7oOirgHdo3ntBmIvocYBmxDtphrFNL5T4iwD0YA for meeting_id=98032154959
2026-04-24 16:34:12,807 [INFO] Watch registered doc_id=1jObk7oOirgHdo3ntBmIvocYBmxDtphrFNL5T4iwD0YA meeting_id=98032154959 channel=3707d8b8-7116-4e26-add6-578a6309d571
2026-04-24 16:34:23,377 [INFO] Temp S3 state created: s3://zoom-automation-bucket/temp/live-doc-history/98032154959/
2026-04-24 16:34:23,380 [INFO] Successfully initialized doc tracking meeting_id=98032154959 doc_id=1jObk7oOirgHdo3ntBmIvocYBmxDtphrFNL5T4iwD0YA
2026-04-24 16:35:18,217 [INFO] Processing meeting.started for meeting_id=99941964951
2026-04-24 16:35:18,312 [WARNING] No Salesforce record found for meeting_id=99941964951
2026-04-24 16:35:18,312 [WARNING] Skipping meeting_id=99941964951 — no Salesforce match
2026-04-24 16:35:31,526 [INFO] Processing meeting.started for meeting_id=99871194127
2026-04-24 16:35:31,663 [INFO] Found doc_id=1ammP7yEHhkaNGfCYMO3TOnGSi27tCdOverZy3-0Fl9g for meeting_id=99871194127
2026-04-24 16:35:32,158 [INFO] Watch registered doc_id=1ammP7yEHhkaNGfCYMO3TOnGSi27tCdOverZy3-0Fl9g meeting_id=99871194127 channel=25677c9c-b363-44ef-8534-289deea93702
2026-04-24 16:35:42,026 [INFO] Temp S3 state created: s3://zoom-automation-bucket/temp/live-doc-history/99871194127/
2026-04-24 16:35:42,029 [INFO] Successfully initialized doc tracking meeting_id=99871194127 doc_id=1ammP7yEHhkaNGfCYMO3TOnGSi27tCdOverZy3-0Fl9g
2026-04-24 16:42:26,285 [INFO] Processing meeting.started for meeting_id=95252617452
2026-04-24 16:42:26,699 [INFO] Found doc_id=1guq8EQPJCE0HpQnw169DCvBJUB3UYpagGPaKc-gGCU0 for meeting_id=95252617452
2026-04-24 16:42:27,165 [INFO] Watch registered doc_id=1guq8EQPJCE0HpQnw169DCvBJUB3UYpagGPaKc-gGCU0 meeting_id=95252617452 channel=9fd03ccb-22ac-4236-832d-59022a063d47
2026-04-24 16:42:38,325 [INFO] Temp S3 state created: s3://zoom-automation-bucket/temp/live-doc-history/95252617452/
2026-04-24 16:42:38,328 [INFO] Successfully initialized doc tracking meeting_id=95252617452 doc_id=1guq8EQPJCE0HpQnw169DCvBJUB3UYpagGPaKc-gGCU0
2026-04-24 16:43:52,108 [INFO] Processing meeting.started for meeting_id=95252617452
2026-04-24 16:43:52,264 [INFO] Found doc_id=1guq8EQPJCE0HpQnw169DCvBJUB3UYpagGPaKc-gGCU0 for meeting_id=95252617452
2026-04-24 16:43:52,691 [INFO] Watch registered doc_id=1guq8EQPJCE0HpQnw169DCvBJUB3UYpagGPaKc-gGCU0 meeting_id=95252617452 channel=2ad6ebdf-c131-4df9-a5ce-cd21c6641619
2026-04-24 16:44:05,340 [INFO] Temp S3 state created: s3://zoom-automation-bucket/temp/live-doc-history/95252617452/
2026-04-24 16:44:05,342 [INFO] Successfully initialized doc tracking meeting_id=95252617452 doc_id=1guq8EQPJCE0HpQnw169DCvBJUB3UYpagGPaKc-gGCU0
2026-04-24 16:44:05,394 [INFO] Processing meeting.started for meeting_id=91903052857
2026-04-24 16:44:05,581 [INFO] Found doc_id=1T3_5eIxQXkSLz-A7pDSWr6iijEZUNWxges921PWq4ac for meeting_id=91903052857
2026-04-24 16:44:06,023 [INFO] Watch registered doc_id=1T3_5eIxQXkSLz-A7pDSWr6iijEZUNWxges921PWq4ac meeting_id=91903052857 channel=7498afc5-097a-47d3-887e-c4e5b5bc8a4c
2026-04-24 16:44:17,558 [INFO] Temp S3 state created: s3://zoom-automation-bucket/temp/live-doc-history/91903052857/
2026-04-24 16:44:17,561 [INFO] Successfully initialized doc tracking meeting_id=91903052857 doc_id=1T3_5eIxQXkSLz-A7pDSWr6iijEZUNWxges921PWq4ac
2026-04-24 16:46:24,433 [INFO] Processing meeting.started for meeting_id=91379711142
2026-04-24 16:46:24,818 [INFO] Found doc_id=1-igCCASPnLklM5Jwmp2MgITOQT2xwcvPXPlewDZWwIU for meeting_id=91379711142
2026-04-24 16:46:25,203 [INFO] Watch registered doc_id=1-igCCASPnLklM5Jwmp2MgITOQT2xwcvPXPlewDZWwIU meeting_id=91379711142 channel=f809c5b3-730f-4143-bdcb-12814b6796f6
2026-04-24 16:46:35,732 [INFO] Temp S3 state created: s3://zoom-automation-bucket/temp/live-doc-history/91379711142/
2026-04-24 16:46:35,735 [INFO] Successfully initialized doc tracking meeting_id=91379711142 doc_id=1-igCCASPnLklM5Jwmp2MgITOQT2xwcvPXPlewDZWwIU
2026-04-24 16:47:06,883 [INFO] Processing meeting.started for meeting_id=95889435244
2026-04-24 16:47:06,994 [INFO] Found doc_id=1n1CxmVzKbDKBm-lpA_qjnLw0HVfzVw9ViBLIB9JkOOo for meeting_id=95889435244
2026-04-24 16:47:07,344 [INFO] Watch registered doc_id=1n1CxmVzKbDKBm-lpA_qjnLw0HVfzVw9ViBLIB9JkOOo meeting_id=95889435244 channel=5691edd4-860f-44f2-ace1-8d7e46e8d4a8
2026-04-24 16:47:18,851 [INFO] Temp S3 state created: s3://zoom-automation-bucket/temp/live-doc-history/95889435244/
2026-04-24 16:47:18,854 [INFO] Successfully initialized doc tracking meeting_id=95889435244 doc_id=1n1CxmVzKbDKBm-lpA_qjnLw0HVfzVw9ViBLIB9JkOOo
2026-04-24 16:48:08,094 [INFO] Processing meeting.started for meeting_id=91758708990
2026-04-24 16:48:08,233 [INFO] Found doc_id=1KJY970WyJjYioFhopv-4NVkaTqCpsCxM4arwKdaRbdI for meeting_id=91758708990
2026-04-24 16:48:08,583 [INFO] Watch registered doc_id=1KJY970WyJjYioFhopv-4NVkaTqCpsCxM4arwKdaRbdI meeting_id=91758708990 channel=b3c31390-8ebc-43f7-a259-ed50110db9ab
2026-04-24 16:48:18,298 [INFO] Temp S3 state created: s3://zoom-automation-bucket/temp/live-doc-history/91758708990/
2026-04-24 16:48:18,301 [INFO] Successfully initialized doc tracking meeting_id=91758708990 doc_id=1KJY970WyJjYioFhopv-4NVkaTqCpsCxM4arwKdaRbdI
2026-04-24 16:51:02,016 [INFO] Processing meeting.started for meeting_id=91379711142
2026-04-24 16:51:02,121 [INFO] Found doc_id=1-igCCASPnLklM5Jwmp2MgITOQT2xwcvPXPlewDZWwIU for meeting_id=91379711142
2026-04-24 16:51:02,521 [INFO] Watch registered doc_id=1-igCCASPnLklM5Jwmp2MgITOQT2xwcvPXPlewDZWwIU meeting_id=91379711142 channel=42dc7b9a-a6b2-43c3-8cae-e0bd55329ec9
2026-04-24 16:51:12,876 [INFO] Temp S3 state created: s3://zoom-automation-bucket/temp/live-doc-history/91379711142/
2026-04-24 16:51:12,879 [INFO] Successfully initialized doc tracking meeting_id=91379711142 doc_id=1-igCCASPnLklM5Jwmp2MgITOQT2xwcvPXPlewDZWwIU
2026-04-24 16:51:55,315 [INFO] Processing meeting.started for meeting_id=98467329805
2026-04-24 16:51:55,435 [WARNING] No Salesforce record found for meeting_id=98467329805
2026-04-24 16:51:55,436 [WARNING] Skipping meeting_id=98467329805 — no Salesforce match
2026-04-24 16:52:53,128 [INFO] Processing meeting.started for meeting_id=99610094804
2026-04-24 16:52:53,279 [INFO] Found doc_id=14igAnwnf26dxdmKLdV4rr7j5IpwjZoHPRnySG2_Yp4M for meeting_id=99610094804
2026-04-24 16:52:53,637 [INFO] Watch registered doc_id=14igAnwnf26dxdmKLdV4rr7j5IpwjZoHPRnySG2_Yp4M meeting_id=99610094804 channel=78e7ffb5-b1fe-4c77-9a10-2449d8556883
2026-04-24 16:53:04,145 [INFO] Temp S3 state created: s3://zoom-automation-bucket/temp/live-doc-history/99610094804/
2026-04-24 16:53:04,147 [INFO] Successfully initialized doc tracking meeting_id=99610094804 doc_id=14igAnwnf26dxdmKLdV4rr7j5IpwjZoHPRnySG2_Yp4M
2026-04-24 16:56:34,669 [INFO] Processing meeting.started for meeting_id=98618064842
2026-04-24 16:56:34,807 [WARNING] No Salesforce record found for meeting_id=98618064842
2026-04-24 16:56:34,807 [WARNING] Skipping meeting_id=98618064842 — no Salesforce match
2026-04-24 16:57:34,479 [INFO] Processing meeting.started for meeting_id=99871194127
2026-04-24 16:57:34,604 [INFO] Found doc_id=1ammP7yEHhkaNGfCYMO3TOnGSi27tCdOverZy3-0Fl9g for meeting_id=99871194127
2026-04-24 16:57:34,961 [INFO] Watch registered doc_id=1ammP7yEHhkaNGfCYMO3TOnGSi27tCdOverZy3-0Fl9g meeting_id=99871194127 channel=08f5bc35-9958-446c-bf7e-4c0b13ac9f96
2026-04-24 16:57:43,501 [INFO] Found final S3 prefix for meeting_id=99871194127: Interview-Success/Charul_Patel/2026/Month-4/Abhiram_No_Rachakonda/99871194127/SnorkelAI/2026-04-24/Round_First/Time-10-05-PM-IST
2026-04-24 16:57:43,561 [INFO] Temp S3 state created: s3://zoom-automation-bucket/temp/live-doc-history/99871194127/
2026-04-24 16:57:43,564 [INFO] Successfully initialized doc tracking meeting_id=99871194127 doc_id=1ammP7yEHhkaNGfCYMO3TOnGSi27tCdOverZy3-0Fl9g
2026-04-24 16:59:33,721 [INFO] Processing meeting.started for meeting_id=91756134595
2026-04-24 16:59:33,875 [INFO] Found doc_id=10Jxej8uL0ZhNA9CYdBy0YSwCe460I1sTnkT4cNSHNfo for meeting_id=91756134595
2026-04-24 16:59:34,260 [INFO] Watch registered doc_id=10Jxej8uL0ZhNA9CYdBy0YSwCe460I1sTnkT4cNSHNfo meeting_id=91756134595 channel=59bb047e-b911-4c07-94b5-107cee88cf6d
2026-04-24 16:59:44,626 [INFO] Temp S3 state created: s3://zoom-automation-bucket/temp/live-doc-history/91756134595/
2026-04-24 16:59:44,629 [INFO] Successfully initialized doc tracking meeting_id=91756134595 doc_id=10Jxej8uL0ZhNA9CYdBy0YSwCe460I1sTnkT4cNSHNfo
2026-04-24 17:00:27,871 [INFO] Processing meeting.started for meeting_id=94725903107
2026-04-24 17:00:28,185 [WARNING] No Salesforce record found for meeting_id=94725903107
2026-04-24 17:00:28,185 [WARNING] Skipping meeting_id=94725903107 — no Salesforce match
2026-04-24 17:02:06,415 [INFO] Processing meeting.started for meeting_id=99871194127
2026-04-24 17:02:06,581 [INFO] Found doc_id=1ammP7yEHhkaNGfCYMO3TOnGSi27tCdOverZy3-0Fl9g for meeting_id=99871194127
2026-04-24 17:02:06,945 [INFO] Watch registered doc_id=1ammP7yEHhkaNGfCYMO3TOnGSi27tCdOverZy3-0Fl9g meeting_id=99871194127 channel=786cdb81-497d-440f-9e81-17310db2fa36
2026-04-24 17:02:14,004 [INFO] Found final S3 prefix for meeting_id=99871194127: Interview-Success/Charul_Patel/2026/Month-4/Abhiram_No_Rachakonda/99871194127/SnorkelAI/2026-04-24/Round_First/Time-10-05-PM-IST
2026-04-24 17:02:14,097 [INFO] Temp S3 state created: s3://zoom-automation-bucket/temp/live-doc-history/99871194127/
2026-04-24 17:02:14,100 [INFO] Successfully initialized doc tracking meeting_id=99871194127 doc_id=1ammP7yEHhkaNGfCYMO3TOnGSi27tCdOverZy3-0Fl9g
2026-04-24 17:13:02,255 [INFO] Processing meeting.started for meeting_id=99266446573
2026-04-24 17:13:02,425 [INFO] Found doc_id=1Vz1xQjhWEMaEEX0hTl4WQ1cO9o436gI5YyqGCjS_h0s for meeting_id=99266446573
2026-04-24 17:13:02,761 [INFO] Watch registered doc_id=1Vz1xQjhWEMaEEX0hTl4WQ1cO9o436gI5YyqGCjS_h0s meeting_id=99266446573 channel=bb6aa862-b098-40a3-b763-bf1b571bb204
2026-04-24 17:13:12,656 [INFO] Temp S3 state created: s3://zoom-automation-bucket/temp/live-doc-history/99266446573/
2026-04-24 17:13:12,659 [INFO] Successfully initialized doc tracking meeting_id=99266446573 doc_id=1Vz1xQjhWEMaEEX0hTl4WQ1cO9o436gI5YyqGCjS_h0s
2026-04-24 17:17:37,481 [INFO] Processing meeting.started for meeting_id=96104981326
2026-04-24 17:17:37,609 [INFO] Found doc_id=1VfVwyKJEfufw6j9eQ5JKd2DjpoaEJnVqTJ_qkBWVtnU for meeting_id=96104981326
2026-04-24 17:17:37,995 [INFO] Watch registered doc_id=1VfVwyKJEfufw6j9eQ5JKd2DjpoaEJnVqTJ_qkBWVtnU meeting_id=96104981326 channel=38ef890b-05e8-40c3-b0a5-1d47d96314c9
2026-04-24 17:17:48,239 [INFO] Temp S3 state created: s3://zoom-automation-bucket/temp/live-doc-history/96104981326/
2026-04-24 17:17:48,242 [INFO] Successfully initialized doc tracking meeting_id=96104981326 doc_id=1VfVwyKJEfufw6j9eQ5JKd2DjpoaEJnVqTJ_qkBWVtnU
2026-04-24 17:18:55,494 [INFO] Processing meeting.started for meeting_id=92025639879
2026-04-24 17:18:55,631 [INFO] Found doc_id=1NPuij8kjIYH2eYTaGbTfacFdaCHyr-1jKMZ6wN1yo6c for meeting_id=92025639879
2026-04-24 17:18:56,092 [INFO] Watch registered doc_id=1NPuij8kjIYH2eYTaGbTfacFdaCHyr-1jKMZ6wN1yo6c meeting_id=92025639879 channel=9abe7910-dc46-44b2-8776-78ec17228242
2026-04-24 17:19:06,856 [INFO] Temp S3 state created: s3://zoom-automation-bucket/temp/live-doc-history/92025639879/
2026-04-24 17:19:06,859 [INFO] Successfully initialized doc tracking meeting_id=92025639879 doc_id=1NPuij8kjIYH2eYTaGbTfacFdaCHyr-1jKMZ6wN1yo6c
2026-04-24 17:19:45,866 [INFO] Processing meeting.started for meeting_id=97961649693
2026-04-24 17:19:45,992 [INFO] Found doc_id=1S8MCSYd1XNdW8_Zp1Dft2o1jCQOHHNq5Gst1mnLWSdg for meeting_id=97961649693
2026-04-24 17:19:46,369 [INFO] Watch registered doc_id=1S8MCSYd1XNdW8_Zp1Dft2o1jCQOHHNq5Gst1mnLWSdg meeting_id=97961649693 channel=fb99335f-1446-4ca4-9391-687abfe685b8
2026-04-24 17:19:57,371 [INFO] Temp S3 state created: s3://zoom-automation-bucket/temp/live-doc-history/97961649693/
2026-04-24 17:19:57,374 [INFO] Successfully initialized doc tracking meeting_id=97961649693 doc_id=1S8MCSYd1XNdW8_Zp1Dft2o1jCQOHHNq5Gst1mnLWSdg
2026-04-24 17:20:19,524 [INFO] Processing meeting.started for meeting_id=99781402766
2026-04-24 17:20:19,659 [INFO] Found doc_id=1tIeX97PFiGwCLax1xGzUitZxnAtoFW2fFQ5qYYzIc3w for meeting_id=99781402766
2026-04-24 17:20:20,001 [INFO] Watch registered doc_id=1tIeX97PFiGwCLax1xGzUitZxnAtoFW2fFQ5qYYzIc3w meeting_id=99781402766 channel=84612a6f-d75b-4447-a21c-3560e46d3ceb
2026-04-24 17:20:30,148 [INFO] Temp S3 state created: s3://zoom-automation-bucket/temp/live-doc-history/99781402766/
2026-04-24 17:20:30,150 [INFO] Successfully initialized doc tracking meeting_id=99781402766 doc_id=1tIeX97PFiGwCLax1xGzUitZxnAtoFW2fFQ5qYYzIc3w
2026-04-24 17:20:30,205 [INFO] Processing meeting.started for meeting_id=96921154479
2026-04-24 17:20:30,332 [WARNING] No Salesforce record found for meeting_id=96921154479
2026-04-24 17:20:30,332 [WARNING] Skipping meeting_id=96921154479 — no Salesforce match
2026-04-24 17:22:08,005 [INFO] Processing meeting.started for meeting_id=91403085262
2026-04-24 17:22:08,140 [INFO] Found doc_id=1fzTANjaDkreuSxfc1yG0upVkMsekm_tlNhPdYBbii3c for meeting_id=91403085262
2026-04-24 17:22:08,588 [INFO] Watch registered doc_id=1fzTANjaDkreuSxfc1yG0upVkMsekm_tlNhPdYBbii3c meeting_id=91403085262 channel=06ee24e3-cf24-4c95-8bc0-1f796a69d55f
2026-04-24 17:22:19,210 [INFO] Temp S3 state created: s3://zoom-automation-bucket/temp/live-doc-history/91403085262/
2026-04-24 17:22:19,213 [INFO] Successfully initialized doc tracking meeting_id=91403085262 doc_id=1fzTANjaDkreuSxfc1yG0upVkMsekm_tlNhPdYBbii3c
2026-04-24 17:22:34,779 [INFO] Processing meeting.started for meeting_id=92206046456
2026-04-24 17:22:34,891 [INFO] Found doc_id=1lL1X3PVlsJigESY6udBm9W5A5GEukjgQl2Ph950VKEQ for meeting_id=92206046456
2026-04-24 17:22:35,347 [INFO] Watch registered doc_id=1lL1X3PVlsJigESY6udBm9W5A5GEukjgQl2Ph950VKEQ meeting_id=92206046456 channel=11060afd-3080-41dc-864c-b1862645d6a3
2026-04-24 17:22:45,248 [INFO] Temp S3 state created: s3://zoom-automation-bucket/temp/live-doc-history/92206046456/
2026-04-24 17:22:45,250 [INFO] Successfully initialized doc tracking meeting_id=92206046456 doc_id=1lL1X3PVlsJigESY6udBm9W5A5GEukjgQl2Ph950VKEQ
2026-04-24 17:23:56,279 [INFO] Processing meeting.started for meeting_id=94902745072
2026-04-24 17:23:56,429 [WARNING] No Salesforce record found for meeting_id=94902745072
2026-04-24 17:23:56,429 [WARNING] Skipping meeting_id=94902745072 — no Salesforce match
2026-04-24 17:26:01,427 [INFO] Processing meeting.started for meeting_id=95175651124
2026-04-24 17:26:01,628 [INFO] Found doc_id=1Ax_7NJrn6dZQTQIC3vlGCe-NMXcLfblw3Y4rXRhgQaM for meeting_id=95175651124
2026-04-24 17:26:02,035 [INFO] Watch registered doc_id=1Ax_7NJrn6dZQTQIC3vlGCe-NMXcLfblw3Y4rXRhgQaM meeting_id=95175651124 channel=7e5c411f-2345-4124-b977-dbba86449ada
2026-04-24 17:26:12,232 [INFO] Temp S3 state created: s3://zoom-automation-bucket/temp/live-doc-history/95175651124/
2026-04-24 17:26:12,235 [INFO] Successfully initialized doc tracking meeting_id=95175651124 doc_id=1Ax_7NJrn6dZQTQIC3vlGCe-NMXcLfblw3Y4rXRhgQaM
2026-04-24 17:27:33,696 [INFO] Processing meeting.started for meeting_id=95175651124
2026-04-24 17:27:33,881 [INFO] Found doc_id=1Ax_7NJrn6dZQTQIC3vlGCe-NMXcLfblw3Y4rXRhgQaM for meeting_id=95175651124
2026-04-24 17:27:34,385 [INFO] Watch registered doc_id=1Ax_7NJrn6dZQTQIC3vlGCe-NMXcLfblw3Y4rXRhgQaM meeting_id=95175651124 channel=b9a5ad54-bc70-4f22-b1f4-505f53294325
2026-04-24 17:27:44,185 [INFO] Temp S3 state created: s3://zoom-automation-bucket/temp/live-doc-history/95175651124/
2026-04-24 17:27:44,188 [INFO] Successfully initialized doc tracking meeting_id=95175651124 doc_id=1Ax_7NJrn6dZQTQIC3vlGCe-NMXcLfblw3Y4rXRhgQaM
2026-04-24 17:28:01,481 [INFO] Processing meeting.started for meeting_id=98113198351
2026-04-24 17:28:01,614 [WARNING] No Salesforce record found for meeting_id=98113198351
2026-04-24 17:28:01,614 [WARNING] Skipping meeting_id=98113198351 — no Salesforce match
2026-04-24 17:30:05,125 [INFO] Processing meeting.started for meeting_id=91749977533
2026-04-24 17:30:05,292 [WARNING] No Salesforce record found for meeting_id=91749977533
2026-04-24 17:30:05,292 [WARNING] Skipping meeting_id=91749977533 — no Salesforce match
2026-04-24 17:33:28,776 [INFO] Processing meeting.started for meeting_id=98530843095
2026-04-24 17:33:28,901 [WARNING] No Salesforce record found for meeting_id=98530843095
2026-04-24 17:33:28,901 [WARNING] Skipping meeting_id=98530843095 — no Salesforce match
2026-04-24 17:46:11,586 [INFO] Processing meeting.started for meeting_id=99871194127
2026-04-24 17:46:11,946 [INFO] Found doc_id=1ammP7yEHhkaNGfCYMO3TOnGSi27tCdOverZy3-0Fl9g for meeting_id=99871194127
2026-04-24 17:46:12,372 [INFO] Watch registered doc_id=1ammP7yEHhkaNGfCYMO3TOnGSi27tCdOverZy3-0Fl9g meeting_id=99871194127 channel=96b81305-dc3d-42d0-9615-8e60c573efac
2026-04-24 17:46:19,493 [INFO] Found final S3 prefix for meeting_id=99871194127: Interview-Success/Charul_Patel/2026/Month-4/Abhiram_No_Rachakonda/99871194127/SnorkelAI/2026-04-24/Round_First/Time-10-05-PM-IST
2026-04-24 17:46:19,562 [INFO] Temp S3 state created: s3://zoom-automation-bucket/temp/live-doc-history/99871194127/
2026-04-24 17:46:19,565 [INFO] Successfully initialized doc tracking meeting_id=99871194127 doc_id=1ammP7yEHhkaNGfCYMO3TOnGSi27tCdOverZy3-0Fl9g
2026-04-24 17:48:36,436 [INFO] Processing meeting.started for meeting_id=93933395456
2026-04-24 17:48:36,591 [INFO] Found doc_id=1uT6wjYat5wY8iSsG7VqBUlzHrE008bt0cS4O7cgZnXY for meeting_id=93933395456
2026-04-24 17:48:36,929 [INFO] Watch registered doc_id=1uT6wjYat5wY8iSsG7VqBUlzHrE008bt0cS4O7cgZnXY meeting_id=93933395456 channel=bd59e946-d801-4b34-b118-22798724832e
2026-04-24 17:48:46,886 [INFO] Temp S3 state created: s3://zoom-automation-bucket/temp/live-doc-history/93933395456/
2026-04-24 17:48:46,890 [INFO] Successfully initialized doc tracking meeting_id=93933395456 doc_id=1uT6wjYat5wY8iSsG7VqBUlzHrE008bt0cS4O7cgZnXY
2026-04-24 17:50:15,741 [INFO] Processing meeting.started for meeting_id=99805269770
2026-04-24 17:50:15,918 [INFO] Found doc_id=1SKaT0lF_3pMHciqvF7aaEqGVmpH8UYP7Z6sjv17u_EE for meeting_id=99805269770
2026-04-24 17:50:16,303 [INFO] Watch registered doc_id=1SKaT0lF_3pMHciqvF7aaEqGVmpH8UYP7Z6sjv17u_EE meeting_id=99805269770 channel=c51e274a-acd1-419f-b05b-ed1f6e03e611
2026-04-24 17:50:26,668 [INFO] Temp S3 state created: s3://zoom-automation-bucket/temp/live-doc-history/99805269770/
2026-04-24 17:50:26,671 [INFO] Successfully initialized doc tracking meeting_id=99805269770 doc_id=1SKaT0lF_3pMHciqvF7aaEqGVmpH8UYP7Z6sjv17u_EE
2026-04-24 17:50:47,830 [INFO] Processing meeting.started for meeting_id=97108456518
2026-04-24 17:50:48,395 [INFO] Found doc_id=1aJUCQaFl5fLm8idAM4ZyXNNUjUoSouHOkMkI11sNJhk for meeting_id=97108456518
2026-04-24 17:50:48,739 [INFO] Watch registered doc_id=1aJUCQaFl5fLm8idAM4ZyXNNUjUoSouHOkMkI11sNJhk meeting_id=97108456518 channel=dbe274bb-57ce-4d1c-8632-17f62d52ccf9
2026-04-24 17:50:59,879 [INFO] Temp S3 state created: s3://zoom-automation-bucket/temp/live-doc-history/97108456518/
2026-04-24 17:50:59,881 [INFO] Successfully initialized doc tracking meeting_id=97108456518 doc_id=1aJUCQaFl5fLm8idAM4ZyXNNUjUoSouHOkMkI11sNJhk
2026-04-24 17:52:07,816 [INFO] Processing meeting.started for meeting_id=94522470207
2026-04-24 17:52:07,927 [INFO] Found doc_id=13AfKbXzxWFSMXP4OSN6rjK1DUZJW7uxx_jWZQhj-3Gw for meeting_id=94522470207
2026-04-24 17:52:08,281 [INFO] Watch registered doc_id=13AfKbXzxWFSMXP4OSN6rjK1DUZJW7uxx_jWZQhj-3Gw meeting_id=94522470207 channel=6224b39b-66dd-4029-9b01-0a2521edb414
2026-04-24 17:52:18,358 [INFO] Temp S3 state created: s3://zoom-automation-bucket/temp/live-doc-history/94522470207/
2026-04-24 17:52:18,361 [INFO] Successfully initialized doc tracking meeting_id=94522470207 doc_id=13AfKbXzxWFSMXP4OSN6rjK1DUZJW7uxx_jWZQhj-3Gw
2026-04-24 17:56:34,420 [INFO] Processing meeting.started for meeting_id=91364416090
2026-04-24 17:56:34,633 [WARNING] No Salesforce record found for meeting_id=91364416090
2026-04-24 17:56:34,633 [WARNING] Skipping meeting_id=91364416090 — no Salesforce match
2026-04-24 17:57:31,306 [INFO] Processing meeting.started for meeting_id=97197236672
2026-04-24 17:57:31,663 [INFO] Found doc_id=174ez0CnT381Qt583vFoIvyC8uySJagoagLz1eac5WJQ for meeting_id=97197236672
2026-04-24 17:57:32,043 [INFO] Watch registered doc_id=174ez0CnT381Qt583vFoIvyC8uySJagoagLz1eac5WJQ meeting_id=97197236672 channel=354d5ebb-b461-484c-8dab-30b76ffdeb9e
2026-04-24 17:57:42,996 [INFO] Temp S3 state created: s3://zoom-automation-bucket/temp/live-doc-history/97197236672/
2026-04-24 17:57:43,000 [INFO] Successfully initialized doc tracking meeting_id=97197236672 doc_id=174ez0CnT381Qt583vFoIvyC8uySJagoagLz1eac5WJQ
2026-04-24 17:58:21,884 [INFO] Processing meeting.started for meeting_id=98671763965
2026-04-24 17:58:22,234 [INFO] Found doc_id=1_AbWQggxKeTreiKb34sLqjL6Dm81NNdACk0kDL58gb0 for meeting_id=98671763965
2026-04-24 17:58:22,611 [INFO] Watch registered doc_id=1_AbWQggxKeTreiKb34sLqjL6Dm81NNdACk0kDL58gb0 meeting_id=98671763965 channel=a0a4d061-6642-4a11-b320-4d79c7696aad
2026-04-24 17:58:32,810 [INFO] Temp S3 state created: s3://zoom-automation-bucket/temp/live-doc-history/98671763965/
2026-04-24 17:58:32,812 [INFO] Successfully initialized doc tracking meeting_id=98671763965 doc_id=1_AbWQggxKeTreiKb34sLqjL6Dm81NNdACk0kDL58gb0
2026-04-24 18:00:28,721 [INFO] Processing meeting.started for meeting_id=99065362556
2026-04-24 18:00:28,813 [WARNING] No Salesforce record found for meeting_id=99065362556
2026-04-24 18:00:28,813 [WARNING] Skipping meeting_id=99065362556 — no Salesforce match
2026-04-24 18:01:30,365 [INFO] Processing meeting.started for meeting_id=99525069006
2026-04-24 18:01:30,490 [WARNING] No Salesforce record found for meeting_id=99525069006
2026-04-24 18:01:30,490 [WARNING] Skipping meeting_id=99525069006 — no Salesforce match
2026-04-24 18:02:28,745 [INFO] Processing meeting.started for meeting_id=92553307542
2026-04-24 18:02:28,884 [INFO] Found doc_id=1y7mmKs8K-EOyuSh9-gcLITDypW1aM4Pk8ZSTQWMMRxs for meeting_id=92553307542
2026-04-24 18:02:29,233 [INFO] Watch registered doc_id=1y7mmKs8K-EOyuSh9-gcLITDypW1aM4Pk8ZSTQWMMRxs meeting_id=92553307542 channel=0142a845-bf9a-4c3a-8601-ef49580bd959
2026-04-24 18:02:39,810 [INFO] Temp S3 state created: s3://zoom-automation-bucket/temp/live-doc-history/92553307542/
2026-04-24 18:02:39,813 [INFO] Successfully initialized doc tracking meeting_id=92553307542 doc_id=1y7mmKs8K-EOyuSh9-gcLITDypW1aM4Pk8ZSTQWMMRxs
2026-04-24 18:07:51,528 [INFO] Processing meeting.started for meeting_id=96519326539
2026-04-24 18:07:52,022 [INFO] Found doc_id=1R27fGsr_2NNE7aFw0g4d1AEXPR0DHMfHBzH-8T6dHGA for meeting_id=96519326539
2026-04-24 18:07:52,354 [INFO] Watch registered doc_id=1R27fGsr_2NNE7aFw0g4d1AEXPR0DHMfHBzH-8T6dHGA meeting_id=96519326539 channel=28948f0b-a886-4ea4-a9f6-6fe2d66752a6
2026-04-24 18:08:02,520 [INFO] Temp S3 state created: s3://zoom-automation-bucket/temp/live-doc-history/96519326539/
2026-04-24 18:08:02,523 [INFO] Successfully initialized doc tracking meeting_id=96519326539 doc_id=1R27fGsr_2NNE7aFw0g4d1AEXPR0DHMfHBzH-8T6dHGA
2026-04-24 18:13:12,515 [INFO] Processing meeting.started for meeting_id=96261390481
2026-04-24 18:13:12,694 [INFO] Found doc_id=17QWYQf_ZExcB4DjNg_hgLjiH6R_lapPjonNVC-QnFgI for meeting_id=96261390481
2026-04-24 18:13:13,098 [INFO] Watch registered doc_id=17QWYQf_ZExcB4DjNg_hgLjiH6R_lapPjonNVC-QnFgI meeting_id=96261390481 channel=cc723486-e1ed-468c-aec3-7ae6e57b3f5d
2026-04-24 18:13:23,187 [INFO] Temp S3 state created: s3://zoom-automation-bucket/temp/live-doc-history/96261390481/
2026-04-24 18:13:23,190 [INFO] Successfully initialized doc tracking meeting_id=96261390481 doc_id=17QWYQf_ZExcB4DjNg_hgLjiH6R_lapPjonNVC-QnFgI
2026-04-24 18:15:36,045 [INFO] Processing meeting.started for meeting_id=99122803180
2026-04-24 18:15:36,195 [INFO] Found doc_id=1mrJJROSfxkUbNl8NXc7zuvDhgJZO8tlGkB5ICKK86xk for meeting_id=99122803180
2026-04-24 18:15:36,664 [INFO] Watch registered doc_id=1mrJJROSfxkUbNl8NXc7zuvDhgJZO8tlGkB5ICKK86xk meeting_id=99122803180 channel=5d2f7c40-3176-45d8-b308-a4e409f8e485
2026-04-24 18:15:47,029 [INFO] Temp S3 state created: s3://zoom-automation-bucket/temp/live-doc-history/99122803180/
2026-04-24 18:15:47,032 [INFO] Successfully initialized doc tracking meeting_id=99122803180 doc_id=1mrJJROSfxkUbNl8NXc7zuvDhgJZO8tlGkB5ICKK86xk
2026-04-24 18:16:44,736 [INFO] Processing meeting.started for meeting_id=92553307542
2026-04-24 18:16:44,889 [INFO] Found doc_id=1y7mmKs8K-EOyuSh9-gcLITDypW1aM4Pk8ZSTQWMMRxs for meeting_id=92553307542
2026-04-24 18:16:45,267 [INFO] Watch registered doc_id=1y7mmKs8K-EOyuSh9-gcLITDypW1aM4Pk8ZSTQWMMRxs meeting_id=92553307542 channel=4d9e42b1-5776-492e-94a8-83c5519dfb96
2026-04-24 18:16:55,233 [INFO] Temp S3 state created: s3://zoom-automation-bucket/temp/live-doc-history/92553307542/
2026-04-24 18:16:55,236 [INFO] Successfully initialized doc tracking meeting_id=92553307542 doc_id=1y7mmKs8K-EOyuSh9-gcLITDypW1aM4Pk8ZSTQWMMRxs
2026-04-24 18:17:23,203 [INFO] Processing meeting.started for meeting_id=99205803526
2026-04-24 18:17:23,328 [WARNING] No Salesforce record found for meeting_id=99205803526
2026-04-24 18:17:23,328 [WARNING] Skipping meeting_id=99205803526 — no Salesforce match
2026-04-24 18:18:06,372 [INFO] Processing meeting.started for meeting_id=94946477602
2026-04-24 18:18:06,665 [INFO] Found doc_id=1XdolFY3pYJo79TayCaoRpYIVR7nkZqfMaX996UURdW0 for meeting_id=94946477602
2026-04-24 18:18:07,104 [INFO] Watch registered doc_id=1XdolFY3pYJo79TayCaoRpYIVR7nkZqfMaX996UURdW0 meeting_id=94946477602 channel=caf1b9d4-67f7-40bd-8b64-5a06acc03eb5
2026-04-24 18:18:18,616 [INFO] Temp S3 state created: s3://zoom-automation-bucket/temp/live-doc-history/94946477602/
2026-04-24 18:18:18,618 [INFO] Successfully initialized doc tracking meeting_id=94946477602 doc_id=1XdolFY3pYJo79TayCaoRpYIVR7nkZqfMaX996UURdW0
2026-04-24 18:20:20,586 [INFO] Processing meeting.started for meeting_id=99941605832
2026-04-24 18:20:20,724 [INFO] Found doc_id=1ZkmyW7rNqEN2fTmO-A-m_0si42KFxVZwqpINr2CU4hE for meeting_id=99941605832
2026-04-24 18:20:21,160 [INFO] Watch registered doc_id=1ZkmyW7rNqEN2fTmO-A-m_0si42KFxVZwqpINr2CU4hE meeting_id=99941605832 channel=b3f3fbe5-a504-4fbb-8af3-3ebec2b29ff3
2026-04-24 18:20:33,478 [INFO] Temp S3 state created: s3://zoom-automation-bucket/temp/live-doc-history/99941605832/
2026-04-24 18:20:33,481 [INFO] Successfully initialized doc tracking meeting_id=99941605832 doc_id=1ZkmyW7rNqEN2fTmO-A-m_0si42KFxVZwqpINr2CU4hE
2026-04-24 18:21:15,415 [INFO] Processing meeting.started for meeting_id=93743587500
2026-04-24 18:21:15,549 [INFO] Found doc_id=15a5SmSi2wxc4y6VAj2zvL8a2yeH4wynAc9X7b0HbBvU for meeting_id=93743587500
2026-04-24 18:21:15,942 [INFO] Watch registered doc_id=15a5SmSi2wxc4y6VAj2zvL8a2yeH4wynAc9X7b0HbBvU meeting_id=93743587500 channel=7b7547b3-62fe-49e6-ab14-3dd793bd24d4
2026-04-24 18:21:26,860 [INFO] Temp S3 state created: s3://zoom-automation-bucket/temp/live-doc-history/93743587500/
2026-04-24 18:21:26,863 [INFO] Successfully initialized doc tracking meeting_id=93743587500 doc_id=15a5SmSi2wxc4y6VAj2zvL8a2yeH4wynAc9X7b0HbBvU
2026-04-24 18:21:53,952 [INFO] Processing meeting.started for meeting_id=91000061337
2026-04-24 18:21:54,081 [INFO] Found doc_id=1Hs81Gqv9Zj7R7p6oxuUjmdZd3o1zjl5y0TTs3h5bcgQ for meeting_id=91000061337
2026-04-24 18:21:54,799 [INFO] Watch registered doc_id=1Hs81Gqv9Zj7R7p6oxuUjmdZd3o1zjl5y0TTs3h5bcgQ meeting_id=91000061337 channel=d77a7e9f-ec20-480d-81d4-d14cbc6c605d
2026-04-24 18:22:05,722 [INFO] Temp S3 state created: s3://zoom-automation-bucket/temp/live-doc-history/91000061337/
2026-04-24 18:22:05,724 [INFO] Successfully initialized doc tracking meeting_id=91000061337 doc_id=1Hs81Gqv9Zj7R7p6oxuUjmdZd3o1zjl5y0TTs3h5bcgQ
2026-04-24 18:22:13,408 [INFO] Processing meeting.started for meeting_id=94902745072
2026-04-24 18:22:13,808 [WARNING] No Salesforce record found for meeting_id=94902745072
2026-04-24 18:22:13,808 [WARNING] Skipping meeting_id=94902745072 — no Salesforce match
2026-04-24 18:23:47,436 [INFO] Processing meeting.started for meeting_id=94902745072
2026-04-24 18:23:47,555 [WARNING] No Salesforce record found for meeting_id=94902745072
2026-04-24 18:23:47,555 [WARNING] Skipping meeting_id=94902745072 — no Salesforce match
2026-04-24 18:32:54,437 [INFO] Processing meeting.started for meeting_id=96837101344
2026-04-24 18:32:54,580 [INFO] Found doc_id=1iKx6X00QOak1IkFKYzJehGDR_S3w8NcyMzNZ8MuYioU for meeting_id=96837101344
2026-04-24 18:32:55,019 [INFO] Watch registered doc_id=1iKx6X00QOak1IkFKYzJehGDR_S3w8NcyMzNZ8MuYioU meeting_id=96837101344 channel=0fdbfd93-f4a5-4072-b5fe-9819c90fa0a3
2026-04-24 18:33:05,022 [INFO] Temp S3 state created: s3://zoom-automation-bucket/temp/live-doc-history/96837101344/
2026-04-24 18:33:05,025 [INFO] Successfully initialized doc tracking meeting_id=96837101344 doc_id=1iKx6X00QOak1IkFKYzJehGDR_S3w8NcyMzNZ8MuYioU
2026-04-24 18:42:48,824 [INFO] Processing meeting.started for meeting_id=93356135157
2026-04-24 18:42:48,978 [WARNING] No Salesforce record found for meeting_id=93356135157
2026-04-24 18:42:48,978 [WARNING] Skipping meeting_id=93356135157 — no Salesforce match
2026-04-24 18:49:52,067 [INFO] Processing meeting.started for meeting_id=96010129733
2026-04-24 18:49:52,298 [INFO] Found doc_id=1JNSy7rkFZgrxPmplen__pmErWe0xuUnmRYbVP0jLJ3w for meeting_id=96010129733
2026-04-24 18:49:52,716 [INFO] Watch registered doc_id=1JNSy7rkFZgrxPmplen__pmErWe0xuUnmRYbVP0jLJ3w meeting_id=96010129733 channel=8feb80a0-f682-4852-a214-583747f5a4bd
2026-04-24 18:50:05,095 [INFO] Temp S3 state created: s3://zoom-automation-bucket/temp/live-doc-history/96010129733/
2026-04-24 18:50:05,099 [INFO] Successfully initialized doc tracking meeting_id=96010129733 doc_id=1JNSy7rkFZgrxPmplen__pmErWe0xuUnmRYbVP0jLJ3w
2026-04-24 18:50:05,160 [INFO] Processing meeting.started for meeting_id=91627843646
2026-04-24 18:50:05,439 [INFO] Found doc_id=1kjL3HMk6__5Xy-Bdq45AiAnL-oWoDhvOfmtN7eB3X4M for meeting_id=91627843646
2026-04-24 18:50:05,873 [INFO] Watch registered doc_id=1kjL3HMk6__5Xy-Bdq45AiAnL-oWoDhvOfmtN7eB3X4M meeting_id=91627843646 channel=e9a61d88-5836-444b-ae2e-c5e28e8cd00f
2026-04-24 18:50:18,208 [INFO] Temp S3 state created: s3://zoom-automation-bucket/temp/live-doc-history/91627843646/
2026-04-24 18:50:18,211 [INFO] Successfully initialized doc tracking meeting_id=91627843646 doc_id=1kjL3HMk6__5Xy-Bdq45AiAnL-oWoDhvOfmtN7eB3X4M
2026-04-24 18:50:34,898 [INFO] Processing meeting.started for meeting_id=92104794096
2026-04-24 18:50:35,015 [INFO] Found doc_id=1zjFlZmcBc4UDidEaIKSmXU0hHFUYb2e5UaMYh3MdS5M for meeting_id=92104794096
2026-04-24 18:50:35,353 [INFO] Watch registered doc_id=1zjFlZmcBc4UDidEaIKSmXU0hHFUYb2e5UaMYh3MdS5M meeting_id=92104794096 channel=d07a197b-8401-4cc0-bf1f-6b547db93512
2026-04-24 18:50:47,507 [INFO] Temp S3 state created: s3://zoom-automation-bucket/temp/live-doc-history/92104794096/
2026-04-24 18:50:47,509 [INFO] Successfully initialized doc tracking meeting_id=92104794096 doc_id=1zjFlZmcBc4UDidEaIKSmXU0hHFUYb2e5UaMYh3MdS5M
2026-04-24 18:52:30,353 [INFO] Processing meeting.started for meeting_id=96231008499
2026-04-24 18:52:30,502 [INFO] Found doc_id=1ZOYMTzizAYE9o8g1FakISca9eFTTUaRy4hd-jhhKgIU for meeting_id=96231008499
2026-04-24 18:52:30,878 [INFO] Watch registered doc_id=1ZOYMTzizAYE9o8g1FakISca9eFTTUaRy4hd-jhhKgIU meeting_id=96231008499 channel=c21d24f1-7bbc-48cc-a34d-93e3d1e8b809
2026-04-24 18:52:42,700 [INFO] Temp S3 state created: s3://zoom-automation-bucket/temp/live-doc-history/96231008499/
2026-04-24 18:52:42,703 [INFO] Successfully initialized doc tracking meeting_id=96231008499 doc_id=1ZOYMTzizAYE9o8g1FakISca9eFTTUaRy4hd-jhhKgIU
2026-04-24 18:53:03,209 [INFO] Processing meeting.started for meeting_id=94636893288
2026-04-24 18:53:03,342 [WARNING] No Google_Docs_ID__c for meeting_id=94636893288
2026-04-24 19:02:07,673 [INFO] Processing meeting.started for meeting_id=91274663910
2026-04-24 19:02:07,847 [WARNING] No Salesforce record found for meeting_id=91274663910
2026-04-24 19:02:07,847 [WARNING] Skipping meeting_id=91274663910 — no Salesforce match
2026-04-24 19:04:42,333 [INFO] Processing meeting.started for meeting_id=98618064842
2026-04-24 19:04:42,529 [WARNING] No Salesforce record found for meeting_id=98618064842
2026-04-24 19:04:42,529 [WARNING] Skipping meeting_id=98618064842 — no Salesforce match
2026-04-24 19:06:50,992 [INFO] Processing meeting.started for meeting_id=93088580294
2026-04-24 19:06:51,333 [WARNING] No Salesforce record found for meeting_id=93088580294
2026-04-24 19:06:51,333 [WARNING] Skipping meeting_id=93088580294 — no Salesforce match
2026-04-24 19:08:14,136 [INFO] Processing meeting.started for meeting_id=91762442905
2026-04-24 19:08:14,248 [INFO] Found doc_id=1lsqXhmU9TnaoCs-7VA26Zzmg0cKara1wsuB1KhtlsVA for meeting_id=91762442905
2026-04-24 19:08:14,630 [INFO] Watch registered doc_id=1lsqXhmU9TnaoCs-7VA26Zzmg0cKara1wsuB1KhtlsVA meeting_id=91762442905 channel=e436829f-d717-407a-8492-6c144ce2e3fc
2026-04-24 19:08:26,367 [INFO] Temp S3 state created: s3://zoom-automation-bucket/temp/live-doc-history/91762442905/
2026-04-24 19:08:26,370 [INFO] Successfully initialized doc tracking meeting_id=91762442905 doc_id=1lsqXhmU9TnaoCs-7VA26Zzmg0cKara1wsuB1KhtlsVA
2026-04-24 19:11:29,728 [INFO] Processing meeting.started for meeting_id=92681815240
2026-04-24 19:11:30,081 [WARNING] No Salesforce record found for meeting_id=92681815240
2026-04-24 19:11:30,081 [WARNING] Skipping meeting_id=92681815240 — no Salesforce match
2026-04-24 19:18:10,084 [INFO] Processing meeting.started for meeting_id=94436275643
2026-04-24 19:18:10,559 [INFO] Found doc_id=179nfyK6Y6SPn1iNS8ZqIn0MGQs-MY1VLCt-TZp6ORq8 for meeting_id=94436275643
2026-04-24 19:18:11,006 [INFO] Watch registered doc_id=179nfyK6Y6SPn1iNS8ZqIn0MGQs-MY1VLCt-TZp6ORq8 meeting_id=94436275643 channel=85edbfb1-1e5a-46bb-85cd-e2dec3b09543
2026-04-24 19:18:21,473 [INFO] Temp S3 state created: s3://zoom-automation-bucket/temp/live-doc-history/94436275643/
2026-04-24 19:18:21,476 [INFO] Successfully initialized doc tracking meeting_id=94436275643 doc_id=179nfyK6Y6SPn1iNS8ZqIn0MGQs-MY1VLCt-TZp6ORq8
2026-04-24 19:18:34,281 [INFO] Processing meeting.started for meeting_id=93060582521
2026-04-24 19:18:34,585 [INFO] Found doc_id=1JTr-5JdzwZNcX62Bs2NY7kerbrmSqh4VpOaSuLdi-30 for meeting_id=93060582521
2026-04-24 19:18:35,052 [INFO] Watch registered doc_id=1JTr-5JdzwZNcX62Bs2NY7kerbrmSqh4VpOaSuLdi-30 meeting_id=93060582521 channel=03a796f3-02f6-4703-ba3f-ef5dbb811726
2026-04-24 19:18:47,154 [INFO] Temp S3 state created: s3://zoom-automation-bucket/temp/live-doc-history/93060582521/
2026-04-24 19:18:47,157 [INFO] Successfully initialized doc tracking meeting_id=93060582521 doc_id=1JTr-5JdzwZNcX62Bs2NY7kerbrmSqh4VpOaSuLdi-30
2026-04-24 19:19:04,758 [INFO] Processing meeting.started for meeting_id=94436275643
2026-04-24 19:19:04,900 [INFO] Found doc_id=179nfyK6Y6SPn1iNS8ZqIn0MGQs-MY1VLCt-TZp6ORq8 for meeting_id=94436275643
2026-04-24 19:19:05,287 [INFO] Watch registered doc_id=179nfyK6Y6SPn1iNS8ZqIn0MGQs-MY1VLCt-TZp6ORq8 meeting_id=94436275643 channel=6a9035cc-1aa4-4b55-9342-5c7a662ba0f5
2026-04-24 19:19:16,775 [INFO] Temp S3 state created: s3://zoom-automation-bucket/temp/live-doc-history/94436275643/
2026-04-24 19:19:16,778 [INFO] Successfully initialized doc tracking meeting_id=94436275643 doc_id=179nfyK6Y6SPn1iNS8ZqIn0MGQs-MY1VLCt-TZp6ORq8
2026-04-24 19:19:47,383 [INFO] Processing meeting.started for meeting_id=99176418154
2026-04-24 19:19:47,504 [INFO] Found doc_id=1zzyZT-lYQWKJm1JsB6jStRrZ1VhbVfjKRyHEVvjUsys for meeting_id=99176418154
2026-04-24 19:19:47,947 [INFO] Watch registered doc_id=1zzyZT-lYQWKJm1JsB6jStRrZ1VhbVfjKRyHEVvjUsys meeting_id=99176418154 channel=01cc14dc-fb47-4f7f-84a5-ac8b01473783
2026-04-24 19:19:58,376 [INFO] Temp S3 state created: s3://zoom-automation-bucket/temp/live-doc-history/99176418154/
2026-04-24 19:19:58,378 [INFO] Successfully initialized doc tracking meeting_id=99176418154 doc_id=1zzyZT-lYQWKJm1JsB6jStRrZ1VhbVfjKRyHEVvjUsys
2026-04-24 19:21:10,206 [INFO] Processing meeting.started for meeting_id=94876711695
2026-04-24 19:21:10,333 [WARNING] No Google_Docs_ID__c for meeting_id=94876711695
2026-04-24 19:21:19,997 [INFO] Processing meeting.started for meeting_id=97169779031
2026-04-24 19:21:20,126 [INFO] Found doc_id=1rScwW1bqylTC66sLVVxfG7NspnRYiKt6cmGkvhNqScQ for meeting_id=97169779031
2026-04-24 19:21:20,539 [INFO] Watch registered doc_id=1rScwW1bqylTC66sLVVxfG7NspnRYiKt6cmGkvhNqScQ meeting_id=97169779031 channel=9b1302c7-06de-41d6-b117-6552f584a7a2
2026-04-24 19:21:33,484 [INFO] Temp S3 state created: s3://zoom-automation-bucket/temp/live-doc-history/97169779031/
2026-04-24 19:21:33,486 [INFO] Successfully initialized doc tracking meeting_id=97169779031 doc_id=1rScwW1bqylTC66sLVVxfG7NspnRYiKt6cmGkvhNqScQ
2026-04-24 19:23:19,865 [INFO] Processing meeting.started for meeting_id=95152173664
2026-04-24 19:23:19,980 [INFO] Found doc_id=1SZ3RujSNKyOH1apRqPMmZ6XNfLumYyVRRjaZCjfFwEI for meeting_id=95152173664
2026-04-24 19:23:20,391 [INFO] Watch registered doc_id=1SZ3RujSNKyOH1apRqPMmZ6XNfLumYyVRRjaZCjfFwEI meeting_id=95152173664 channel=55f51139-7166-4dad-878d-6bdee84808d0
2026-04-24 19:23:31,685 [INFO] Temp S3 state created: s3://zoom-automation-bucket/temp/live-doc-history/95152173664/
2026-04-24 19:23:31,688 [INFO] Successfully initialized doc tracking meeting_id=95152173664 doc_id=1SZ3RujSNKyOH1apRqPMmZ6XNfLumYyVRRjaZCjfFwEI
2026-04-24 19:28:29,339 [INFO] Processing meeting.started for meeting_id=98574241042
2026-04-24 19:28:29,476 [WARNING] No Salesforce record found for meeting_id=98574241042
2026-04-24 19:28:29,476 [WARNING] Skipping meeting_id=98574241042 — no Salesforce match
2026-04-24 19:30:05,654 [INFO] Processing meeting.started for meeting_id=94436275643
2026-04-24 19:30:05,768 [INFO] Found doc_id=179nfyK6Y6SPn1iNS8ZqIn0MGQs-MY1VLCt-TZp6ORq8 for meeting_id=94436275643
2026-04-24 19:30:06,296 [INFO] Watch registered doc_id=179nfyK6Y6SPn1iNS8ZqIn0MGQs-MY1VLCt-TZp6ORq8 meeting_id=94436275643 channel=5d17685a-bb24-47b0-bfc8-6af2e4b67d35
2026-04-24 19:30:14,383 [INFO] Found final S3 prefix for meeting_id=94436275643: Interview-Success/Abhishek_Jain/2026/Month-4/Pravallika_NA_Peddi/94436275643/Palatial/2026-04-24/Round_Second/Time-12-48-AM-IST
2026-04-24 19:30:14,481 [INFO] Temp S3 state created: s3://zoom-automation-bucket/temp/live-doc-history/94436275643/
2026-04-24 19:30:14,484 [INFO] Successfully initialized doc tracking meeting_id=94436275643 doc_id=179nfyK6Y6SPn1iNS8ZqIn0MGQs-MY1VLCt-TZp6ORq8
2026-04-24 19:32:02,930 [INFO] Processing meeting.started for meeting_id=99747310811
2026-04-24 19:32:03,017 [INFO] Found doc_id=1vzPI9gXL8mrARGiJScdTGxzD1_HH9NcWOsrzhCp99qQ for meeting_id=99747310811
2026-04-24 19:32:03,430 [INFO] Watch registered doc_id=1vzPI9gXL8mrARGiJScdTGxzD1_HH9NcWOsrzhCp99qQ meeting_id=99747310811 channel=69cf7192-69de-4b3f-a5f5-de41c82b5474
2026-04-24 19:32:14,483 [INFO] Temp S3 state created: s3://zoom-automation-bucket/temp/live-doc-history/99747310811/
2026-04-24 19:32:14,486 [INFO] Successfully initialized doc tracking meeting_id=99747310811 doc_id=1vzPI9gXL8mrARGiJScdTGxzD1_HH9NcWOsrzhCp99qQ
2026-04-24 19:34:40,246 [INFO] Processing meeting.started for meeting_id=99053513978
2026-04-24 19:34:40,466 [INFO] Found doc_id=1VRGwQ6W8WtWCiVEOr0JgaP6Boiuznb5I-KhM0qjtqmg for meeting_id=99053513978
2026-04-24 19:34:40,895 [INFO] Watch registered doc_id=1VRGwQ6W8WtWCiVEOr0JgaP6Boiuznb5I-KhM0qjtqmg meeting_id=99053513978 channel=09de9c3c-336d-4df1-90c0-547102030ace
2026-04-24 19:34:51,068 [INFO] Temp S3 state created: s3://zoom-automation-bucket/temp/live-doc-history/99053513978/
2026-04-24 19:34:51,070 [INFO] Successfully initialized doc tracking meeting_id=99053513978 doc_id=1VRGwQ6W8WtWCiVEOr0JgaP6Boiuznb5I-KhM0qjtqmg
2026-04-24 19:37:44,007 [INFO] Processing meeting.started for meeting_id=95310759346
2026-04-24 19:37:44,142 [WARNING] No Salesforce record found for meeting_id=95310759346
2026-04-24 19:37:44,142 [WARNING] Skipping meeting_id=95310759346 — no Salesforce match
2026-04-24 19:40:26,421 [INFO] Processing meeting.started for meeting_id=98574241042
2026-04-24 19:40:26,562 [WARNING] No Salesforce record found for meeting_id=98574241042
2026-04-24 19:40:26,562 [WARNING] Skipping meeting_id=98574241042 — no Salesforce match
2026-04-24 19:48:10,951 [INFO] Processing meeting.started for meeting_id=94042229010
2026-04-24 19:48:11,077 [WARNING] No Salesforce record found for meeting_id=94042229010
2026-04-24 19:48:11,077 [WARNING] Skipping meeting_id=94042229010 — no Salesforce match
2026-04-24 19:48:30,985 [INFO] Processing meeting.started for meeting_id=98670089087
2026-04-24 19:48:31,442 [INFO] Found doc_id=1uMyKwZGgGXkoxsLF7iTLY-b4yX8eK2jcFlyLiDJnp-E for meeting_id=98670089087
2026-04-24 19:48:31,931 [INFO] Watch registered doc_id=1uMyKwZGgGXkoxsLF7iTLY-b4yX8eK2jcFlyLiDJnp-E meeting_id=98670089087 channel=93b7556b-a8c2-4d0b-a1b0-f5b68fb31cc7
2026-04-24 19:48:41,999 [INFO] Temp S3 state created: s3://zoom-automation-bucket/temp/live-doc-history/98670089087/
2026-04-24 19:48:42,003 [INFO] Successfully initialized doc tracking meeting_id=98670089087 doc_id=1uMyKwZGgGXkoxsLF7iTLY-b4yX8eK2jcFlyLiDJnp-E
2026-04-24 19:49:38,024 [INFO] Processing meeting.started for meeting_id=92349489464
2026-04-24 19:49:38,164 [INFO] Found doc_id=11gFTOh2KXYkLXBj2gPpFnpyTGNhMUn0hmXor0YLNW0c for meeting_id=92349489464
2026-04-24 19:49:38,559 [INFO] Watch registered doc_id=11gFTOh2KXYkLXBj2gPpFnpyTGNhMUn0hmXor0YLNW0c meeting_id=92349489464 channel=ab55e3f3-cfa5-4641-aa83-53735eb698a6
2026-04-24 19:49:51,542 [INFO] Temp S3 state created: s3://zoom-automation-bucket/temp/live-doc-history/92349489464/
2026-04-24 19:49:51,545 [INFO] Successfully initialized doc tracking meeting_id=92349489464 doc_id=11gFTOh2KXYkLXBj2gPpFnpyTGNhMUn0hmXor0YLNW0c
2026-04-24 19:49:51,609 [INFO] Processing meeting.started for meeting_id=97705455562
2026-04-24 19:49:51,696 [WARNING] No Salesforce record found for meeting_id=97705455562
2026-04-24 19:49:51,696 [WARNING] Skipping meeting_id=97705455562 — no Salesforce match
2026-04-24 19:49:51,754 [INFO] Processing meeting.started for meeting_id=92876110714
2026-04-24 19:49:51,859 [INFO] Found doc_id=1NMXsA4RtDtitCumFpSBfEHQLi3eLvH-IcAk9aVRUJD4 for meeting_id=92876110714
2026-04-24 19:49:52,238 [INFO] Watch registered doc_id=1NMXsA4RtDtitCumFpSBfEHQLi3eLvH-IcAk9aVRUJD4 meeting_id=92876110714 channel=11895f4c-ab33-4521-9d24-4b66168e408d
2026-04-24 19:50:03,408 [INFO] Temp S3 state created: s3://zoom-automation-bucket/temp/live-doc-history/92876110714/
2026-04-24 19:50:03,411 [INFO] Successfully initialized doc tracking meeting_id=92876110714 doc_id=1NMXsA4RtDtitCumFpSBfEHQLi3eLvH-IcAk9aVRUJD4
2026-04-24 19:50:31,472 [INFO] Processing meeting.started for meeting_id=94436275643
2026-04-24 19:50:31,675 [INFO] Found doc_id=179nfyK6Y6SPn1iNS8ZqIn0MGQs-MY1VLCt-TZp6ORq8 for meeting_id=94436275643
2026-04-24 19:50:32,083 [INFO] Watch registered doc_id=179nfyK6Y6SPn1iNS8ZqIn0MGQs-MY1VLCt-TZp6ORq8 meeting_id=94436275643 channel=8885c425-b4ac-45de-904e-12685d2d48db
2026-04-24 19:50:39,087 [INFO] Found final S3 prefix for meeting_id=94436275643: Interview-Success/Abhishek_Jain/2026/Month-4/Pravallika_NA_Peddi/94436275643/Palatial/2026-04-24/Round_Second/Time-12-48-AM-IST
2026-04-24 19:50:39,152 [INFO] Temp S3 state created: s3://zoom-automation-bucket/temp/live-doc-history/94436275643/
2026-04-24 19:50:39,154 [INFO] Successfully initialized doc tracking meeting_id=94436275643 doc_id=179nfyK6Y6SPn1iNS8ZqIn0MGQs-MY1VLCt-TZp6ORq8
2026-04-24 19:51:12,104 [INFO] Processing meeting.started for meeting_id=95310759346
2026-04-24 19:51:12,207 [WARNING] No Salesforce record found for meeting_id=95310759346
2026-04-24 19:51:12,207 [WARNING] Skipping meeting_id=95310759346 — no Salesforce match
2026-04-24 19:52:14,428 [INFO] Processing meeting.started for meeting_id=92522393859
2026-04-24 19:52:14,555 [INFO] Found doc_id=14nW9IpIzZhi7TtLZLVABQ7997nktj4Ydnvt7W0hBFRI for meeting_id=92522393859
2026-04-24 19:52:14,938 [INFO] Watch registered doc_id=14nW9IpIzZhi7TtLZLVABQ7997nktj4Ydnvt7W0hBFRI meeting_id=92522393859 channel=e29a442c-faae-4d6f-97b5-3907f0acbe49
2026-04-24 19:52:27,853 [INFO] Temp S3 state created: s3://zoom-automation-bucket/temp/live-doc-history/92522393859/
2026-04-24 19:52:27,856 [INFO] Successfully initialized doc tracking meeting_id=92522393859 doc_id=14nW9IpIzZhi7TtLZLVABQ7997nktj4Ydnvt7W0hBFRI
2026-04-24 19:52:48,495 [INFO] Processing meeting.started for meeting_id=93839913849
2026-04-24 19:52:48,600 [INFO] Found doc_id=1jUwQfltZv4CN545gND-n_-Z9Q-WeY4J3XECBrPDihoM for meeting_id=93839913849
2026-04-24 19:52:48,988 [INFO] Watch registered doc_id=1jUwQfltZv4CN545gND-n_-Z9Q-WeY4J3XECBrPDihoM meeting_id=93839913849 channel=d169f1d9-bcae-4a0e-a131-d0a3d1fc88fe
2026-04-24 19:52:59,200 [INFO] Temp S3 state created: s3://zoom-automation-bucket/temp/live-doc-history/93839913849/
2026-04-24 19:52:59,203 [INFO] Successfully initialized doc tracking meeting_id=93839913849 doc_id=1jUwQfltZv4CN545gND-n_-Z9Q-WeY4J3XECBrPDihoM
2026-04-24 19:54:44,253 [INFO] Processing meeting.started for meeting_id=99385976841
2026-04-24 19:54:44,362 [INFO] Found doc_id=13uJWbFgR432ELbBSzJkUCd1Wuup0ZQ_xeJ60Qu2dk4w for meeting_id=99385976841
2026-04-24 19:54:44,774 [INFO] Watch registered doc_id=13uJWbFgR432ELbBSzJkUCd1Wuup0ZQ_xeJ60Qu2dk4w meeting_id=99385976841 channel=9be4e9f8-38fe-44f7-9d22-85bf921875cd
2026-04-24 19:54:54,692 [INFO] Temp S3 state created: s3://zoom-automation-bucket/temp/live-doc-history/99385976841/
2026-04-24 19:54:54,695 [INFO] Successfully initialized doc tracking meeting_id=99385976841 doc_id=13uJWbFgR432ELbBSzJkUCd1Wuup0ZQ_xeJ60Qu2dk4w
2026-04-24 19:58:25,271 [INFO] Processing meeting.started for meeting_id=94090498728
2026-04-24 19:58:25,387 [WARNING] No Salesforce record found for meeting_id=94090498728
2026-04-24 19:58:25,387 [WARNING] Skipping meeting_id=94090498728 — no Salesforce match
2026-04-24 20:04:45,083 [INFO] Processing meeting.started for meeting_id=95286504563
2026-04-24 20:04:45,294 [WARNING] No Google_Docs_ID__c for meeting_id=95286504563
2026-04-24 20:05:32,344 [INFO] Processing meeting.started for meeting_id=98537863952
2026-04-24 20:05:32,752 [WARNING] No Salesforce record found for meeting_id=98537863952
2026-04-24 20:05:32,753 [WARNING] Skipping meeting_id=98537863952 — no Salesforce match
2026-04-24 20:14:58,345 [INFO] Processing meeting.started for meeting_id=99115380425
2026-04-24 20:14:58,517 [WARNING] No Salesforce record found for meeting_id=99115380425
2026-04-24 20:14:58,518 [WARNING] Skipping meeting_id=99115380425 — no Salesforce match
2026-04-24 20:17:04,245 [INFO] Processing meeting.started for meeting_id=94133865882
2026-04-24 20:17:04,580 [INFO] Found doc_id=1QkaS8r8eTMvBCBwTNfCNSO5LsDH5kkhuvRZ3xgduw-c for meeting_id=94133865882
2026-04-24 20:17:04,946 [INFO] Watch registered doc_id=1QkaS8r8eTMvBCBwTNfCNSO5LsDH5kkhuvRZ3xgduw-c meeting_id=94133865882 channel=3585ff09-91f8-41bb-bb7a-5e0bdda0015d
2026-04-24 20:17:15,810 [INFO] Temp S3 state created: s3://zoom-automation-bucket/temp/live-doc-history/94133865882/
2026-04-24 20:17:15,813 [INFO] Successfully initialized doc tracking meeting_id=94133865882 doc_id=1QkaS8r8eTMvBCBwTNfCNSO5LsDH5kkhuvRZ3xgduw-c
2026-04-24 20:22:29,431 [INFO] Processing meeting.started for meeting_id=96329841200
2026-04-24 20:22:29,617 [INFO] Found doc_id=1f1qK4udheo7FitCBY8_FSKwnfeg7xa4fDJt8DS2fOZo for meeting_id=96329841200
2026-04-24 20:22:29,972 [INFO] Watch registered doc_id=1f1qK4udheo7FitCBY8_FSKwnfeg7xa4fDJt8DS2fOZo meeting_id=96329841200 channel=10755a09-a459-40b3-ad84-d3f17bc7320b
2026-04-24 20:22:41,320 [INFO] Temp S3 state created: s3://zoom-automation-bucket/temp/live-doc-history/96329841200/
2026-04-24 20:22:41,323 [INFO] Successfully initialized doc tracking meeting_id=96329841200 doc_id=1f1qK4udheo7FitCBY8_FSKwnfeg7xa4fDJt8DS2fOZo
2026-04-24 20:24:43,510 [INFO] Processing meeting.started for meeting_id=97217516914
2026-04-24 20:24:43,675 [WARNING] No Salesforce record found for meeting_id=97217516914
2026-04-24 20:24:43,675 [WARNING] Skipping meeting_id=97217516914 — no Salesforce match
2026-04-24 20:25:52,194 [INFO] Processing meeting.started for meeting_id=94704490333
2026-04-24 20:25:52,328 [WARNING] No Salesforce record found for meeting_id=94704490333
2026-04-24 20:25:52,328 [WARNING] Skipping meeting_id=94704490333 — no Salesforce match
2026-04-24 20:29:07,795 [INFO] Processing meeting.started for meeting_id=92819088439
2026-04-24 20:29:07,915 [WARNING] No Salesforce record found for meeting_id=92819088439
2026-04-24 20:29:07,915 [WARNING] Skipping meeting_id=92819088439 — no Salesforce match
2026-04-24 20:29:39,666 [INFO] Processing meeting.started for meeting_id=93555542830
2026-04-24 20:29:39,847 [WARNING] No Salesforce record found for meeting_id=93555542830
2026-04-24 20:29:39,847 [WARNING] Skipping meeting_id=93555542830 — no Salesforce match
2026-04-24 20:29:57,740 [INFO] Processing meeting.started for meeting_id=99182185996
2026-04-24 20:29:57,863 [WARNING] No Salesforce record found for meeting_id=99182185996
2026-04-24 20:29:57,863 [WARNING] Skipping meeting_id=99182185996 — no Salesforce match
2026-04-24 20:30:40,895 [INFO] Processing meeting.started for meeting_id=92576097516
2026-04-24 20:30:41,016 [WARNING] No Salesforce record found for meeting_id=92576097516
2026-04-24 20:30:41,016 [WARNING] Skipping meeting_id=92576097516 — no Salesforce match
2026-04-24 20:31:09,209 [INFO] Processing meeting.started for meeting_id=93216345919
2026-04-24 20:31:09,347 [WARNING] No Salesforce record found for meeting_id=93216345919
2026-04-24 20:31:09,347 [WARNING] Skipping meeting_id=93216345919 — no Salesforce match
2026-04-24 20:34:03,479 [INFO] Processing meeting.started for meeting_id=99386200541
2026-04-24 20:34:03,627 [WARNING] No Salesforce record found for meeting_id=99386200541
2026-04-24 20:34:03,627 [WARNING] Skipping meeting_id=99386200541 — no Salesforce match
2026-04-24 20:34:17,811 [INFO] Processing meeting.started for meeting_id=99391473089
2026-04-24 20:34:17,934 [WARNING] No Salesforce record found for meeting_id=99391473089
2026-04-24 20:34:17,934 [WARNING] Skipping meeting_id=99391473089 — no Salesforce match
2026-04-24 20:34:52,495 [INFO] Processing meeting.started for meeting_id=98449745063
2026-04-24 20:34:52,629 [WARNING] No Salesforce record found for meeting_id=98449745063
2026-04-24 20:34:52,629 [WARNING] Skipping meeting_id=98449745063 — no Salesforce match
2026-04-24 20:36:43,627 [INFO] Processing meeting.started for meeting_id=2477761823
2026-04-24 20:36:43,753 [WARNING] No Salesforce record found for meeting_id=2477761823
2026-04-24 20:36:43,753 [WARNING] Skipping meeting_id=2477761823 — no Salesforce match
2026-04-24 20:50:14,303 [INFO] Processing meeting.started for meeting_id=95307262467
2026-04-24 20:50:14,475 [WARNING] No Salesforce record found for meeting_id=95307262467
2026-04-24 20:50:14,475 [WARNING] Skipping meeting_id=95307262467 — no Salesforce match
2026-04-24 20:52:17,308 [INFO] Processing meeting.started for meeting_id=97634908122
2026-04-24 20:52:17,435 [INFO] Found doc_id=1gM8ziQQLRBQ68B4IOiHI0pTckBddTE6-mTHDbMEWahU for meeting_id=97634908122
2026-04-24 20:52:17,875 [INFO] Watch registered doc_id=1gM8ziQQLRBQ68B4IOiHI0pTckBddTE6-mTHDbMEWahU meeting_id=97634908122 channel=5b8f59bf-72dd-4cd0-a790-08afb35a1019
2026-04-24 20:52:29,543 [INFO] Temp S3 state created: s3://zoom-automation-bucket/temp/live-doc-history/97634908122/
2026-04-24 20:52:29,546 [INFO] Successfully initialized doc tracking meeting_id=97634908122 doc_id=1gM8ziQQLRBQ68B4IOiHI0pTckBddTE6-mTHDbMEWahU
2026-04-24 20:52:29,591 [INFO] Processing meeting.started for meeting_id=95818263286
2026-04-24 20:52:29,786 [WARNING] No Salesforce record found for meeting_id=95818263286
2026-04-24 20:52:29,787 [WARNING] Skipping meeting_id=95818263286 — no Salesforce match
2026-04-24 20:56:02,068 [INFO] Processing meeting.started for meeting_id=91405318516
2026-04-24 20:56:02,219 [WARNING] No Salesforce record found for meeting_id=91405318516
2026-04-24 20:56:02,219 [WARNING] Skipping meeting_id=91405318516 — no Salesforce match
2026-04-24 20:58:18,070 [INFO] Processing meeting.started for meeting_id=99183774568
2026-04-24 20:58:18,182 [WARNING] No Salesforce record found for meeting_id=99183774568
2026-04-24 20:58:18,182 [WARNING] Skipping meeting_id=99183774568 — no Salesforce match
2026-04-24 21:00:10,669 [INFO] Processing meeting.started for meeting_id=93980033370
2026-04-24 21:00:10,817 [WARNING] No Salesforce record found for meeting_id=93980033370
2026-04-24 21:00:10,818 [WARNING] Skipping meeting_id=93980033370 — no Salesforce match
2026-04-24 21:21:14,495 [INFO] Processing meeting.started for meeting_id=92215087348
2026-04-24 21:21:14,645 [INFO] Found doc_id=1M2LwZK9xfJTrQ22VPJo8m6I6dzBwtbjTWYpYqn-tWro for meeting_id=92215087348
2026-04-24 21:21:14,991 [INFO] Watch registered doc_id=1M2LwZK9xfJTrQ22VPJo8m6I6dzBwtbjTWYpYqn-tWro meeting_id=92215087348 channel=32f4410a-3664-4cac-9ff4-2303fcb7681b
2026-04-24 21:21:25,195 [INFO] Temp S3 state created: s3://zoom-automation-bucket/temp/live-doc-history/92215087348/
2026-04-24 21:21:25,198 [INFO] Successfully initialized doc tracking meeting_id=92215087348 doc_id=1M2LwZK9xfJTrQ22VPJo8m6I6dzBwtbjTWYpYqn-tWro
2026-04-24 21:22:17,691 [INFO] Processing meeting.started for meeting_id=99232947903
2026-04-24 21:22:17,826 [INFO] Found doc_id=1678crrGo9Mwva5yO2HuVwTnuajm0AwaL5Vh46-gbngQ for meeting_id=99232947903
2026-04-24 21:22:18,165 [INFO] Watch registered doc_id=1678crrGo9Mwva5yO2HuVwTnuajm0AwaL5Vh46-gbngQ meeting_id=99232947903 channel=27529121-6ccf-4384-b6b3-89dc6e5a845c
2026-04-24 21:22:28,384 [INFO] Temp S3 state created: s3://zoom-automation-bucket/temp/live-doc-history/99232947903/
2026-04-24 21:22:28,386 [INFO] Successfully initialized doc tracking meeting_id=99232947903 doc_id=1678crrGo9Mwva5yO2HuVwTnuajm0AwaL5Vh46-gbngQ
2026-04-24 21:25:35,427 [INFO] Processing meeting.started for meeting_id=95677244177
2026-04-24 21:25:35,616 [WARNING] No Salesforce record found for meeting_id=95677244177
2026-04-24 21:25:35,616 [WARNING] Skipping meeting_id=95677244177 — no Salesforce match
2026-04-24 21:28:37,646 [INFO] Processing meeting.started for meeting_id=99386200541
2026-04-24 21:28:37,796 [WARNING] No Salesforce record found for meeting_id=99386200541
2026-04-24 21:28:37,796 [WARNING] Skipping meeting_id=99386200541 — no Salesforce match
2026-04-24 21:29:13,687 [INFO] Processing meeting.started for meeting_id=93561244745
2026-04-24 21:29:13,849 [WARNING] No Salesforce record found for meeting_id=93561244745
2026-04-24 21:29:13,849 [WARNING] Skipping meeting_id=93561244745 — no Salesforce match
2026-04-24 21:29:32,608 [INFO] Processing meeting.started for meeting_id=99231867161
2026-04-24 21:29:32,772 [WARNING] No Salesforce record found for meeting_id=99231867161
2026-04-24 21:29:32,772 [WARNING] Skipping meeting_id=99231867161 — no Salesforce match
2026-04-24 21:29:37,934 [INFO] Processing meeting.started for meeting_id=98850354950
2026-04-24 21:29:38,039 [WARNING] No Salesforce record found for meeting_id=98850354950
2026-04-24 21:29:38,040 [WARNING] Skipping meeting_id=98850354950 — no Salesforce match
2026-04-24 21:30:41,654 [INFO] Processing meeting.started for meeting_id=93580846773
2026-04-24 21:30:41,799 [WARNING] No Salesforce record found for meeting_id=93580846773
2026-04-24 21:30:41,800 [WARNING] Skipping meeting_id=93580846773 — no Salesforce match
2026-04-24 21:31:40,496 [INFO] Processing meeting.started for meeting_id=96464284775
2026-04-24 21:31:40,636 [INFO] Found doc_id=1a2pzXLIy0TjLDr6xIjsfo5rjpdPxIzQ-8Atzb2TyT5E for meeting_id=96464284775
2026-04-24 21:31:41,013 [INFO] Watch registered doc_id=1a2pzXLIy0TjLDr6xIjsfo5rjpdPxIzQ-8Atzb2TyT5E meeting_id=96464284775 channel=d065fd0d-600c-4c41-aa46-1a0bfbcedf2b
2026-04-24 21:31:49,795 [INFO] Found final S3 prefix for meeting_id=96464284775: Interview-Success/Charul_Patel/2026/Month-4/Samyukth_-_challa/96464284775/teksystems/2026-04-24/Round_First/Time-8-22-PM-IST
2026-04-24 21:31:49,862 [INFO] Temp S3 state created: s3://zoom-automation-bucket/temp/live-doc-history/96464284775/
2026-04-24 21:31:49,864 [INFO] Successfully initialized doc tracking meeting_id=96464284775 doc_id=1a2pzXLIy0TjLDr6xIjsfo5rjpdPxIzQ-8Atzb2TyT5E
2026-04-24 21:43:37,657 [INFO] Processing meeting.started for meeting_id=99099048099
2026-04-24 21:43:37,815 [WARNING] No Salesforce record found for meeting_id=99099048099
2026-04-24 21:43:37,815 [WARNING] Skipping meeting_id=99099048099 — no Salesforce match
2026-04-24 21:53:19,107 [INFO] Processing meeting.started for meeting_id=92150179789
2026-04-24 21:53:19,277 [INFO] Found doc_id=1_Z5eIlZR7R5xLUhLQKrUeLiaqOGz0FEgfn95V6iyJNM for meeting_id=92150179789
2026-04-24 21:53:19,667 [INFO] Watch registered doc_id=1_Z5eIlZR7R5xLUhLQKrUeLiaqOGz0FEgfn95V6iyJNM meeting_id=92150179789 channel=50f1f564-450a-4c27-be6f-975533b0fda1
2026-04-24 21:53:29,924 [INFO] Temp S3 state created: s3://zoom-automation-bucket/temp/live-doc-history/92150179789/
2026-04-24 21:53:29,927 [INFO] Successfully initialized doc tracking meeting_id=92150179789 doc_id=1_Z5eIlZR7R5xLUhLQKrUeLiaqOGz0FEgfn95V6iyJNM
2026-04-24 22:00:21,329 [INFO] Processing meeting.started for meeting_id=95208631596
2026-04-24 22:00:21,537 [WARNING] No Salesforce record found for meeting_id=95208631596
2026-04-24 22:00:21,537 [WARNING] Skipping meeting_id=95208631596 — no Salesforce match
2026-04-24 22:05:53,346 [INFO] Processing meeting.started for meeting_id=91457938199
2026-04-24 22:05:53,860 [INFO] Found doc_id=16E-Wx4D1QlFbK4Vi0r2xzKpCERaKjCxUZZjzTd3Eqf8 for meeting_id=91457938199
2026-04-24 22:05:54,218 [INFO] Watch registered doc_id=16E-Wx4D1QlFbK4Vi0r2xzKpCERaKjCxUZZjzTd3Eqf8 meeting_id=91457938199 channel=3c9a7254-b17f-4067-957d-6b5339e7d1ca
2026-04-24 22:06:09,120 [INFO] Temp S3 state created: s3://zoom-automation-bucket/temp/live-doc-history/91457938199/
2026-04-24 22:06:09,123 [INFO] Successfully initialized doc tracking meeting_id=91457938199 doc_id=16E-Wx4D1QlFbK4Vi0r2xzKpCERaKjCxUZZjzTd3Eqf8
2026-04-24 22:07:21,305 [INFO] Processing meeting.started for meeting_id=91749977533
2026-04-24 22:07:21,695 [WARNING] No Salesforce record found for meeting_id=91749977533
2026-04-24 22:07:21,695 [WARNING] Skipping meeting_id=91749977533 — no Salesforce match
2026-04-25 00:21:04,552 [INFO] Processing meeting.started for meeting_id=91749977533
2026-04-25 00:21:05,194 [WARNING] No Salesforce record found for meeting_id=91749977533
2026-04-25 00:21:05,194 [WARNING] Skipping meeting_id=91749977533 — no Salesforce match
2026-04-25 00:55:06,276 [INFO] Processing meeting.started for meeting_id=91749977533
2026-04-25 00:55:06,629 [WARNING] No Salesforce record found for meeting_id=91749977533
2026-04-25 00:55:06,629 [WARNING] Skipping meeting_id=91749977533 — no Salesforce match
2026-04-25 01:28:16,807 [INFO] Found credentials from IAM Role: transcript-ec2-role
2026-04-25 01:28:16,918 [INFO] meeting_start_worker starting...
2026-04-25 02:00:43,104 [INFO] Processing meeting.started for meeting_id=91749977533
2026-04-25 02:00:44,540 [WARNING] No Salesforce record for meeting_id=91749977533
2026-04-25 02:00:44,540 [WARNING] Skipping meeting_id=91749977533 — no Salesforce match
2026-04-25 14:27:10,531 [INFO] Processing meeting.started for meeting_id=98429547637
2026-04-25 14:27:11,854 [WARNING] No Salesforce record for meeting_id=98429547637
2026-04-25 14:27:11,854 [WARNING] Skipping meeting_id=98429547637 — no Salesforce match
2026-04-25 16:26:24,703 [INFO] Processing meeting.started for meeting_id=91485177130
2026-04-25 16:26:25,296 [WARNING] No Salesforce record for meeting_id=91485177130
2026-04-25 16:26:25,296 [WARNING] Skipping meeting_id=91485177130 — no Salesforce match
2026-04-26 00:02:50,921 [INFO] Processing meeting.started for meeting_id=96918231711
2026-04-26 00:02:51,747 [WARNING] No Salesforce record for meeting_id=96918231711
2026-04-26 00:02:51,747 [WARNING] Skipping meeting_id=96918231711 — no Salesforce match
2026-04-26 23:08:11,399 [INFO] Processing meeting.started for meeting_id=98032483827
2026-04-26 23:08:12,650 [WARNING] No Salesforce record for meeting_id=98032483827
2026-04-26 23:08:12,650 [WARNING] Skipping meeting_id=98032483827 — no Salesforce match
2026-04-27 13:22:08,380 [INFO] Processing meeting.started for meeting_id=94157847350
2026-04-27 13:22:10,433 [INFO] Found doc_id=1fNthT9x1W6YKJtezFpIYeofoUHN63g0caQ6ft6iAxFk for meeting_id=94157847350
2026-04-27 13:22:11,153 [INFO] Watch registered doc_id=1fNthT9x1W6YKJtezFpIYeofoUHN63g0caQ6ft6iAxFk meeting_id=94157847350
2026-04-27 13:22:23,311 [INFO] Temp S3 state created: s3://zoom-automation-bucket/temp/live-doc-history/2026/Month-4/2026-04-27/94157847350/
2026-04-27 13:22:23,315 [INFO] Successfully initialized doc tracking meeting_id=94157847350
2026-04-27 13:36:50,812 [INFO] Processing meeting.started for meeting_id=93795690983
2026-04-27 13:36:50,991 [WARNING] No Salesforce record for meeting_id=93795690983
2026-04-27 13:36:50,991 [WARNING] Skipping meeting_id=93795690983 — no Salesforce match
2026-04-27 13:46:19,031 [INFO] Processing meeting.started for meeting_id=99443727183
2026-04-27 13:46:19,194 [WARNING] No Salesforce record for meeting_id=99443727183
2026-04-27 13:46:19,195 [WARNING] Skipping meeting_id=99443727183 — no Salesforce match
2026-04-27 13:48:41,860 [INFO] Processing meeting.started for meeting_id=93944480292
2026-04-27 13:48:42,483 [INFO] Found doc_id=1XlL1csxyLuoHbfbf4MjaZY5u6sVek8dZxNOyXaLjiDg for meeting_id=93944480292
2026-04-27 13:48:42,922 [INFO] Watch registered doc_id=1XlL1csxyLuoHbfbf4MjaZY5u6sVek8dZxNOyXaLjiDg meeting_id=93944480292
2026-04-27 13:48:54,515 [INFO] Temp S3 state created: s3://zoom-automation-bucket/temp/live-doc-history/2026/Month-4/2026-04-27/93944480292/
2026-04-27 13:48:54,518 [INFO] Successfully initialized doc tracking meeting_id=93944480292
2026-04-27 13:49:17,143 [INFO] Processing meeting.started for meeting_id=93944480292
2026-04-27 13:49:17,246 [INFO] Found doc_id=1XlL1csxyLuoHbfbf4MjaZY5u6sVek8dZxNOyXaLjiDg for meeting_id=93944480292
2026-04-27 13:49:17,604 [INFO] Watch registered doc_id=1XlL1csxyLuoHbfbf4MjaZY5u6sVek8dZxNOyXaLjiDg meeting_id=93944480292
2026-04-27 13:49:27,705 [INFO] Temp S3 state created: s3://zoom-automation-bucket/temp/live-doc-history/2026/Month-4/2026-04-27/93944480292/
2026-04-27 13:49:27,710 [INFO] Successfully initialized doc tracking meeting_id=93944480292
2026-04-27 13:50:02,633 [INFO] Processing meeting.started for meeting_id=93984032754
2026-04-27 13:50:02,741 [INFO] Found doc_id=1YytF3S7fXVFm6GlTGlfQmjW_azQ6fQ1pi9PzvMZDDDc for meeting_id=93984032754
2026-04-27 13:50:03,138 [INFO] Watch registered doc_id=1YytF3S7fXVFm6GlTGlfQmjW_azQ6fQ1pi9PzvMZDDDc meeting_id=93984032754
2026-04-27 13:50:13,481 [INFO] Temp S3 state created: s3://zoom-automation-bucket/temp/live-doc-history/2026/Month-4/2026-04-27/93984032754/
2026-04-27 13:50:13,483 [INFO] Successfully initialized doc tracking meeting_id=93984032754
2026-04-27 13:52:17,655 [INFO] Processing meeting.started for meeting_id=93750899889
2026-04-27 13:52:17,780 [INFO] Found doc_id=1ZS-92ONgjT5GR7auEZPTBrOx4NSqt-Bm_0rQtKZDK6s for meeting_id=93750899889
2026-04-27 13:52:18,158 [INFO] Watch registered doc_id=1ZS-92ONgjT5GR7auEZPTBrOx4NSqt-Bm_0rQtKZDK6s meeting_id=93750899889
2026-04-27 13:52:28,099 [INFO] Temp S3 state created: s3://zoom-automation-bucket/temp/live-doc-history/2026/Month-4/2026-04-27/93750899889/
2026-04-27 13:52:28,102 [INFO] Successfully initialized doc tracking meeting_id=93750899889
2026-04-27 13:53:29,790 [INFO] Processing meeting.started for meeting_id=97615657244
2026-04-27 13:53:29,908 [INFO] Found doc_id=1v9d2aYeOAog4cN3I5dOePax5yso7VUzeSxZ14WwY7zs for meeting_id=97615657244
2026-04-27 13:53:30,292 [INFO] Watch registered doc_id=1v9d2aYeOAog4cN3I5dOePax5yso7VUzeSxZ14WwY7zs meeting_id=97615657244
2026-04-27 13:53:40,247 [INFO] Temp S3 state created: s3://zoom-automation-bucket/temp/live-doc-history/2026/Month-4/2026-04-27/97615657244/
2026-04-27 13:53:40,249 [INFO] Successfully initialized doc tracking meeting_id=97615657244
2026-04-27 13:54:01,907 [INFO] Processing meeting.started for meeting_id=96491076129
2026-04-27 13:54:02,006 [WARNING] No Salesforce record for meeting_id=96491076129
2026-04-27 13:54:02,006 [WARNING] Skipping meeting_id=96491076129 — no Salesforce match
2026-04-27 13:54:42,384 [INFO] Processing meeting.started for meeting_id=91274663910
2026-04-27 13:54:42,531 [WARNING] No Salesforce record for meeting_id=91274663910
2026-04-27 13:54:42,531 [WARNING] Skipping meeting_id=91274663910 — no Salesforce match
2026-04-27 13:56:20,990 [INFO] Processing meeting.started for meeting_id=93580846773
2026-04-27 13:56:21,121 [WARNING] No Salesforce record for meeting_id=93580846773
2026-04-27 13:56:21,121 [WARNING] Skipping meeting_id=93580846773 — no Salesforce match
2026-04-27 13:56:26,005 [INFO] Processing meeting.started for meeting_id=98796935988
2026-04-27 13:56:26,104 [WARNING] No Salesforce record for meeting_id=98796935988
2026-04-27 13:56:26,104 [WARNING] Skipping meeting_id=98796935988 — no Salesforce match
2026-04-27 14:03:29,379 [INFO] Processing meeting.started for meeting_id=98676165308
2026-04-27 14:03:29,579 [WARNING] No Salesforce record for meeting_id=98676165308
2026-04-27 14:03:29,579 [WARNING] Skipping meeting_id=98676165308 — no Salesforce match
2026-04-27 14:04:44,802 [INFO] Processing meeting.started for meeting_id=98676165308
2026-04-27 14:04:45,028 [WARNING] No Salesforce record for meeting_id=98676165308
2026-04-27 14:04:45,028 [WARNING] Skipping meeting_id=98676165308 — no Salesforce match
2026-04-27 14:07:07,563 [INFO] Processing meeting.started for meeting_id=99182185996
2026-04-27 14:07:08,145 [WARNING] No Salesforce record for meeting_id=99182185996
2026-04-27 14:07:08,145 [WARNING] Skipping meeting_id=99182185996 — no Salesforce match
2026-04-27 14:07:14,438 [INFO] Processing meeting.started for meeting_id=92253507020
2026-04-27 14:07:14,949 [INFO] Found doc_id=1UQ5lk4ayFK_RGWiXNRLH2HnF1y9l_TXzg07-w6nPV7c for meeting_id=92253507020
2026-04-27 14:07:15,343 [INFO] Watch registered doc_id=1UQ5lk4ayFK_RGWiXNRLH2HnF1y9l_TXzg07-w6nPV7c meeting_id=92253507020
2026-04-27 14:07:27,794 [INFO] Temp S3 state created: s3://zoom-automation-bucket/temp/live-doc-history/2026/Month-4/2026-04-27/92253507020/
2026-04-27 14:07:27,797 [INFO] Successfully initialized doc tracking meeting_id=92253507020
2026-04-27 14:08:38,827 [INFO] Processing meeting.started for meeting_id=94189704675
2026-04-27 14:08:38,975 [WARNING] No Salesforce record for meeting_id=94189704675
2026-04-27 14:08:38,975 [WARNING] Skipping meeting_id=94189704675 — no Salesforce match
2026-04-27 14:09:24,004 [INFO] Processing meeting.started for meeting_id=99391473089
2026-04-27 14:09:24,312 [WARNING] No Salesforce record for meeting_id=99391473089
2026-04-27 14:09:24,312 [WARNING] Skipping meeting_id=99391473089 — no Salesforce match
2026-04-27 14:09:27,999 [INFO] Processing meeting.started for meeting_id=99682138757
2026-04-27 14:09:28,130 [WARNING] No Salesforce record for meeting_id=99682138757
2026-04-27 14:09:28,131 [WARNING] Skipping meeting_id=99682138757 — no Salesforce match
2026-04-27 14:12:17,693 [INFO] Processing meeting.started for meeting_id=91794085757
2026-04-27 14:12:17,914 [WARNING] No Salesforce record for meeting_id=91794085757
2026-04-27 14:12:17,914 [WARNING] Skipping meeting_id=91794085757 — no Salesforce match
2026-04-27 14:19:40,686 [INFO] Processing meeting.started for meeting_id=98948810424
2026-04-27 14:19:40,804 [WARNING] No Salesforce record for meeting_id=98948810424
2026-04-27 14:19:40,804 [WARNING] Skipping meeting_id=98948810424 — no Salesforce match
2026-04-27 14:21:39,007 [INFO] Processing meeting.started for meeting_id=94425353637
2026-04-27 14:21:39,169 [INFO] Found doc_id=1JxUwggrfQ3fYrfkwJoUTxw9HcqXNugctdH5R_D3zf4E for meeting_id=94425353637
2026-04-27 14:21:39,471 [INFO] Watch registered doc_id=1JxUwggrfQ3fYrfkwJoUTxw9HcqXNugctdH5R_D3zf4E meeting_id=94425353637
2026-04-27 14:21:52,875 [INFO] Temp S3 state created: s3://zoom-automation-bucket/temp/live-doc-history/2026/Month-4/2026-04-27/94425353637/
2026-04-27 14:21:52,878 [INFO] Successfully initialized doc tracking meeting_id=94425353637
2026-04-27 14:29:04,591 [INFO] Processing meeting.started for meeting_id=98224924079
2026-04-27 14:29:04,712 [WARNING] No Salesforce record for meeting_id=98224924079
2026-04-27 14:29:04,712 [WARNING] Skipping meeting_id=98224924079 — no Salesforce match
2026-04-27 14:32:58,835 [INFO] Processing meeting.started for meeting_id=98618064842
2026-04-27 14:32:58,942 [WARNING] No Salesforce record for meeting_id=98618064842
2026-04-27 14:32:58,942 [WARNING] Skipping meeting_id=98618064842 — no Salesforce match
2026-04-27 14:33:41,307 [INFO] Processing meeting.started for meeting_id=96835294459
2026-04-27 14:33:41,404 [WARNING] No Salesforce record for meeting_id=96835294459
2026-04-27 14:33:41,405 [WARNING] Skipping meeting_id=96835294459 — no Salesforce match
2026-04-27 14:39:09,576 [INFO] Processing meeting.started for meeting_id=99182185996
2026-04-27 14:39:09,850 [WARNING] No Salesforce record for meeting_id=99182185996
2026-04-27 14:39:09,850 [WARNING] Skipping meeting_id=99182185996 — no Salesforce match
2026-04-27 14:48:57,738 [INFO] Processing meeting.started for meeting_id=94225489672
2026-04-27 14:48:57,928 [INFO] Found doc_id=1BqmZFJ5mhpRYbM99uOw4wx9No_0ppfu4jTpi4k6FYBI for meeting_id=94225489672
2026-04-27 14:48:58,358 [INFO] Watch registered doc_id=1BqmZFJ5mhpRYbM99uOw4wx9No_0ppfu4jTpi4k6FYBI meeting_id=94225489672
2026-04-27 14:49:08,839 [INFO] Temp S3 state created: s3://zoom-automation-bucket/temp/live-doc-history/2026/Month-4/2026-04-27/94225489672/
2026-04-27 14:49:08,842 [INFO] Successfully initialized doc tracking meeting_id=94225489672
2026-04-27 14:49:08,894 [INFO] Processing meeting.started for meeting_id=96218087831
2026-04-27 14:49:09,101 [INFO] Found doc_id=1GYEwhpJaswS312Lq7odr0a89vV6p8ohQ6Ivcm0ESG7Q for meeting_id=96218087831
2026-04-27 14:49:09,426 [INFO] Watch registered doc_id=1GYEwhpJaswS312Lq7odr0a89vV6p8ohQ6Ivcm0ESG7Q meeting_id=96218087831
2026-04-27 14:49:19,701 [INFO] Temp S3 state created: s3://zoom-automation-bucket/temp/live-doc-history/2026/Month-4/2026-04-27/96218087831/
2026-04-27 14:49:19,704 [INFO] Successfully initialized doc tracking meeting_id=96218087831
2026-04-27 14:49:19,762 [INFO] Processing meeting.started for meeting_id=96722458459
2026-04-27 14:49:19,886 [INFO] Found doc_id=1re9MwF-G2H9qARv4gaWLrN7GL75vM0ONuiFRWlyKoNQ for meeting_id=96722458459
2026-04-27 14:49:20,194 [INFO] Watch registered doc_id=1re9MwF-G2H9qARv4gaWLrN7GL75vM0ONuiFRWlyKoNQ meeting_id=96722458459
2026-04-27 14:49:32,122 [INFO] Temp S3 state created: s3://zoom-automation-bucket/temp/live-doc-history/2026/Month-4/2026-04-27/96722458459/
2026-04-27 14:49:32,124 [INFO] Successfully initialized doc tracking meeting_id=96722458459
2026-04-27 14:50:42,249 [INFO] Processing meeting.started for meeting_id=97387688580
2026-04-27 14:50:42,361 [INFO] Found doc_id=1Vu9G5v6MNBrO4d9vSx1-vKgrbSiaT68QWVtU69ZQpWY for meeting_id=97387688580
2026-04-27 14:50:42,896 [INFO] Watch registered doc_id=1Vu9G5v6MNBrO4d9vSx1-vKgrbSiaT68QWVtU69ZQpWY meeting_id=97387688580
2026-04-27 14:50:54,787 [INFO] Temp S3 state created: s3://zoom-automation-bucket/temp/live-doc-history/2026/Month-4/2026-04-27/97387688580/
2026-04-27 14:50:54,790 [INFO] Successfully initialized doc tracking meeting_id=97387688580
2026-04-27 14:50:56,294 [INFO] Processing meeting.started for meeting_id=98370763393
2026-04-27 14:50:56,397 [INFO] Found doc_id=1CDjGT5WZdC5sGxpIto06nb55heKE2iflGzVUJJUJDeQ for meeting_id=98370763393
2026-04-27 14:50:56,789 [INFO] Watch registered doc_id=1CDjGT5WZdC5sGxpIto06nb55heKE2iflGzVUJJUJDeQ meeting_id=98370763393
2026-04-27 14:51:08,994 [INFO] Temp S3 state created: s3://zoom-automation-bucket/temp/live-doc-history/2026/Month-4/2026-04-27/98370763393/
2026-04-27 14:51:08,996 [INFO] Successfully initialized doc tracking meeting_id=98370763393
2026-04-27 14:51:34,027 [INFO] Processing meeting.started for meeting_id=95624657894
2026-04-27 14:51:34,193 [INFO] Found doc_id=1XozTNV20m6mar5AbFFiFqkLUfVoLY3kq5YIR8J5Opso for meeting_id=95624657894
2026-04-27 14:51:34,608 [INFO] Watch registered doc_id=1XozTNV20m6mar5AbFFiFqkLUfVoLY3kq5YIR8J5Opso meeting_id=95624657894
2026-04-27 14:51:46,518 [INFO] Temp S3 state created: s3://zoom-automation-bucket/temp/live-doc-history/2026/Month-4/2026-04-27/95624657894/
2026-04-27 14:51:46,521 [INFO] Successfully initialized doc tracking meeting_id=95624657894
2026-04-27 14:51:46,579 [INFO] Processing meeting.started for meeting_id=99682138757
2026-04-27 14:51:46,666 [WARNING] No Salesforce record for meeting_id=99682138757
2026-04-27 14:51:46,666 [WARNING] Skipping meeting_id=99682138757 — no Salesforce match
2026-04-27 14:51:47,265 [INFO] Processing meeting.started for meeting_id=96851055032
2026-04-27 14:51:47,370 [WARNING] No Salesforce record for meeting_id=96851055032
2026-04-27 14:51:47,371 [WARNING] Skipping meeting_id=96851055032 — no Salesforce match
2026-04-27 14:51:58,631 [INFO] Processing meeting.started for meeting_id=99682138757
2026-04-27 14:51:58,714 [WARNING] No Salesforce record for meeting_id=99682138757
2026-04-27 14:51:58,714 [WARNING] Skipping meeting_id=99682138757 — no Salesforce match
2026-04-27 14:53:23,297 [INFO] Processing meeting.started for meeting_id=97574081204
2026-04-27 14:53:23,456 [INFO] Found doc_id=1RvrQLRdrc0oXX4ERR2m3GFgiOPNaAVTrkORbA9dCKQ4 for meeting_id=97574081204
2026-04-27 14:53:23,803 [INFO] Watch registered doc_id=1RvrQLRdrc0oXX4ERR2m3GFgiOPNaAVTrkORbA9dCKQ4 meeting_id=97574081204
2026-04-27 14:53:34,095 [INFO] Temp S3 state created: s3://zoom-automation-bucket/temp/live-doc-history/2026/Month-4/2026-04-27/97574081204/
2026-04-27 14:53:34,098 [INFO] Successfully initialized doc tracking meeting_id=97574081204
2026-04-27 14:54:18,035 [INFO] Processing meeting.started for meeting_id=92114443203
2026-04-27 14:54:18,201 [INFO] Found doc_id=1XIs0EQFfcfxbSR3ma8GpwoFmxPXBfche1dYsFNBs8E4 for meeting_id=92114443203
2026-04-27 14:54:18,576 [INFO] Watch registered doc_id=1XIs0EQFfcfxbSR3ma8GpwoFmxPXBfche1dYsFNBs8E4 meeting_id=92114443203
2026-04-27 14:54:30,811 [INFO] Temp S3 state created: s3://zoom-automation-bucket/temp/live-doc-history/2026/Month-4/2026-04-27/92114443203/
2026-04-27 14:54:30,814 [INFO] Successfully initialized doc tracking meeting_id=92114443203
2026-04-27 15:00:45,181 [INFO] Processing meeting.started for meeting_id=91676958222
2026-04-27 15:00:45,356 [WARNING] No Salesforce record for meeting_id=91676958222
2026-04-27 15:00:45,356 [WARNING] Skipping meeting_id=91676958222 — no Salesforce match
2026-04-27 15:01:00,908 [INFO] Processing meeting.started for meeting_id=99682138757
2026-04-27 15:01:01,219 [WARNING] No Salesforce record for meeting_id=99682138757
2026-04-27 15:01:01,220 [WARNING] Skipping meeting_id=99682138757 — no Salesforce match
2026-04-27 15:05:07,210 [INFO] Processing meeting.started for meeting_id=99182185996
2026-04-27 15:05:07,983 [WARNING] No Salesforce record for meeting_id=99182185996
2026-04-27 15:05:07,983 [WARNING] Skipping meeting_id=99182185996 — no Salesforce match
2026-04-27 15:12:57,301 [INFO] Processing meeting.started for meeting_id=97574081204
2026-04-27 15:12:58,144 [INFO] Found doc_id=1RvrQLRdrc0oXX4ERR2m3GFgiOPNaAVTrkORbA9dCKQ4 for meeting_id=97574081204
2026-04-27 15:12:58,567 [INFO] Watch registered doc_id=1RvrQLRdrc0oXX4ERR2m3GFgiOPNaAVTrkORbA9dCKQ4 meeting_id=97574081204
2026-04-27 15:13:10,095 [INFO] Temp S3 state created: s3://zoom-automation-bucket/temp/live-doc-history/2026/Month-4/2026-04-27/97574081204/
2026-04-27 15:13:10,097 [INFO] Successfully initialized doc tracking meeting_id=97574081204
2026-04-27 15:23:00,356 [INFO] Processing meeting.started for meeting_id=99580711235
2026-04-27 15:23:00,541 [INFO] Found doc_id=1q42G1DW7c7qIBZ84O2634IoUp13_TgDogaIEnXAcZBg for meeting_id=99580711235
2026-04-27 15:23:00,971 [INFO] Watch registered doc_id=1q42G1DW7c7qIBZ84O2634IoUp13_TgDogaIEnXAcZBg meeting_id=99580711235
2026-04-27 15:23:11,127 [INFO] Temp S3 state created: s3://zoom-automation-bucket/temp/live-doc-history/2026/Month-4/2026-04-27/99580711235/
2026-04-27 15:23:11,130 [INFO] Successfully initialized doc tracking meeting_id=99580711235
2026-04-27 15:29:48,015 [INFO] Processing meeting.started for meeting_id=98861276854
2026-04-27 15:29:48,145 [WARNING] No Salesforce record for meeting_id=98861276854
2026-04-27 15:29:48,145 [WARNING] Skipping meeting_id=98861276854 — no Salesforce match
2026-04-27 15:35:32,683 [INFO] Processing meeting.started for meeting_id=94812405922
2026-04-27 15:35:32,879 [WARNING] No Salesforce record for meeting_id=94812405922
2026-04-27 15:35:32,879 [WARNING] Skipping meeting_id=94812405922 — no Salesforce match
2026-04-27 15:36:04,276 [INFO] Processing meeting.started for meeting_id=91423676285
2026-04-27 15:36:04,439 [WARNING] No Salesforce record for meeting_id=91423676285
2026-04-27 15:36:04,440 [WARNING] Skipping meeting_id=91423676285 — no Salesforce match
2026-04-27 15:38:41,675 [INFO] Processing meeting.started for meeting_id=91423676285
2026-04-27 15:38:41,792 [WARNING] No Salesforce record for meeting_id=91423676285
2026-04-27 15:38:41,792 [WARNING] Skipping meeting_id=91423676285 — no Salesforce match
2026-04-27 15:41:23,500 [INFO] Processing meeting.started for meeting_id=94812405922
2026-04-27 15:41:23,602 [WARNING] No Salesforce record for meeting_id=94812405922
2026-04-27 15:41:23,602 [WARNING] Skipping meeting_id=94812405922 — no Salesforce match
2026-04-27 15:43:26,386 [INFO] Processing meeting.started for meeting_id=99391473089
2026-04-27 15:43:26,820 [WARNING] No Salesforce record for meeting_id=99391473089
2026-04-27 15:43:26,820 [WARNING] Skipping meeting_id=99391473089 — no Salesforce match
2026-04-27 15:43:50,599 [INFO] Processing meeting.started for meeting_id=99852005319
2026-04-27 15:43:50,744 [WARNING] No Salesforce record for meeting_id=99852005319
2026-04-27 15:43:50,745 [WARNING] Skipping meeting_id=99852005319 — no Salesforce match
2026-04-27 15:44:06,617 [INFO] Processing meeting.started for meeting_id=95772896839
2026-04-27 15:44:06,731 [WARNING] No Salesforce record for meeting_id=95772896839
2026-04-27 15:44:06,731 [WARNING] Skipping meeting_id=95772896839 — no Salesforce match
2026-04-27 15:44:51,295 [INFO] Processing meeting.started for meeting_id=97118885777
2026-04-27 15:44:52,131 [INFO] Found doc_id=14T1xDf8pbu1_G0N2di5AvrymUu5EU2x3tVZbnf49ywY for meeting_id=97118885777
2026-04-27 15:44:52,559 [INFO] Watch registered doc_id=14T1xDf8pbu1_G0N2di5AvrymUu5EU2x3tVZbnf49ywY meeting_id=97118885777
2026-04-27 15:45:04,563 [INFO] Temp S3 state created: s3://zoom-automation-bucket/temp/live-doc-history/2026/Month-4/2026-04-27/97118885777/
2026-04-27 15:45:04,566 [INFO] Successfully initialized doc tracking meeting_id=97118885777
2026-04-27 15:45:22,939 [INFO] Processing meeting.started for meeting_id=95328473386
2026-04-27 15:45:23,152 [WARNING] No Salesforce record for meeting_id=95328473386
2026-04-27 15:45:23,152 [WARNING] Skipping meeting_id=95328473386 — no Salesforce match
2026-04-27 15:45:31,903 [INFO] Processing meeting.started for meeting_id=99073979397
2026-04-27 15:45:32,034 [WARNING] No Salesforce record for meeting_id=99073979397
2026-04-27 15:45:32,034 [WARNING] Skipping meeting_id=99073979397 — no Salesforce match
2026-04-27 15:45:34,514 [INFO] Processing meeting.started for meeting_id=95593607704
2026-04-27 15:45:34,616 [WARNING] No Salesforce record for meeting_id=95593607704
2026-04-27 15:45:34,616 [WARNING] Skipping meeting_id=95593607704 — no Salesforce match
2026-04-27 15:46:08,669 [INFO] Processing meeting.started for meeting_id=99848781278
2026-04-27 15:46:08,783 [INFO] Found doc_id=1bZV_G-nbEU8ujUeYNPVfPkzLXy9iDmU2RXB0S-faNAg for meeting_id=99848781278
2026-04-27 15:46:09,268 [INFO] Watch registered doc_id=1bZV_G-nbEU8ujUeYNPVfPkzLXy9iDmU2RXB0S-faNAg meeting_id=99848781278
2026-04-27 15:46:20,356 [INFO] Temp S3 state created: s3://zoom-automation-bucket/temp/live-doc-history/2026/Month-4/2026-04-27/99848781278/
2026-04-27 15:46:20,359 [INFO] Successfully initialized doc tracking meeting_id=99848781278
2026-04-27 15:47:19,210 [INFO] Processing meeting.started for meeting_id=92687229066
2026-04-27 15:47:19,320 [INFO] Found doc_id=18nM9zB04h27-TkFQfPf82K88C7BJF7YupTQ1T1K2BN4 for meeting_id=92687229066
2026-04-27 15:47:19,793 [INFO] Watch registered doc_id=18nM9zB04h27-TkFQfPf82K88C7BJF7YupTQ1T1K2BN4 meeting_id=92687229066
2026-04-27 15:47:31,763 [INFO] Temp S3 state created: s3://zoom-automation-bucket/temp/live-doc-history/2026/Month-4/2026-04-27/92687229066/
2026-04-27 15:47:31,765 [INFO] Successfully initialized doc tracking meeting_id=92687229066
2026-04-27 15:48:18,110 [INFO] Processing meeting.started for meeting_id=95216652055
2026-04-27 15:48:18,246 [INFO] Found doc_id=1vqm4E7falzRy06t05XZukjSMnqwbJMkGBjiuO5RyACI for meeting_id=95216652055
2026-04-27 15:48:18,703 [INFO] Watch registered doc_id=1vqm4E7falzRy06t05XZukjSMnqwbJMkGBjiuO5RyACI meeting_id=95216652055
2026-04-27 15:48:29,565 [INFO] Temp S3 state created: s3://zoom-automation-bucket/temp/live-doc-history/2026/Month-4/2026-04-27/95216652055/
2026-04-27 15:48:29,568 [INFO] Successfully initialized doc tracking meeting_id=95216652055
2026-04-27 15:48:54,865 [INFO] Processing meeting.started for meeting_id=96952797680
2026-04-27 15:48:54,982 [WARNING] No Google_Docs_ID__c for meeting_id=96952797680
2026-04-27 15:49:44,903 [INFO] Processing meeting.started for meeting_id=97505022269
2026-04-27 15:49:45,203 [INFO] Found doc_id=1V8vmQpUggcPt79tjB4ON7UTJBKCuLl4gmp0nFtp6Pqw for meeting_id=97505022269
2026-04-27 15:49:45,598 [INFO] Watch registered doc_id=1V8vmQpUggcPt79tjB4ON7UTJBKCuLl4gmp0nFtp6Pqw meeting_id=97505022269
2026-04-27 15:49:57,915 [INFO] Temp S3 state created: s3://zoom-automation-bucket/temp/live-doc-history/2026/Month-4/2026-04-27/97505022269/
2026-04-27 15:49:57,919 [INFO] Successfully initialized doc tracking meeting_id=97505022269
2026-04-27 15:51:55,281 [INFO] Processing meeting.started for meeting_id=99985148142
2026-04-27 15:51:55,463 [INFO] Found doc_id=1lGyIMv4iOfQWIjQfakcISM2-bV6wh_PRPSKWXz_Ni_A for meeting_id=99985148142
2026-04-27 15:51:55,827 [INFO] Watch registered doc_id=1lGyIMv4iOfQWIjQfakcISM2-bV6wh_PRPSKWXz_Ni_A meeting_id=99985148142
2026-04-27 15:52:07,883 [INFO] Temp S3 state created: s3://zoom-automation-bucket/temp/live-doc-history/2026/Month-4/2026-04-27/99985148142/
2026-04-27 15:52:07,887 [INFO] Successfully initialized doc tracking meeting_id=99985148142
2026-04-27 15:52:07,935 [INFO] Processing meeting.started for meeting_id=97463982544
2026-04-27 15:52:08,057 [INFO] Found doc_id=1bg2nRY9fXtH8fKJeuBLD-4vbEySIlxjC9qTqerZSz_M for meeting_id=97463982544
2026-04-27 15:52:08,502 [INFO] Watch registered doc_id=1bg2nRY9fXtH8fKJeuBLD-4vbEySIlxjC9qTqerZSz_M meeting_id=97463982544
2026-04-27 15:52:21,270 [INFO] Temp S3 state created: s3://zoom-automation-bucket/temp/live-doc-history/2026/Month-4/2026-04-27/97463982544/
2026-04-27 15:52:21,273 [INFO] Successfully initialized doc tracking meeting_id=97463982544
2026-04-27 15:52:45,667 [INFO] Processing meeting.started for meeting_id=94053971266
2026-04-27 15:52:46,045 [INFO] Found doc_id=1kukRy1RSN09xBaFwFIaLa0UqxvUW81ECfGpiEo6UhFE for meeting_id=94053971266
2026-04-27 15:52:46,408 [INFO] Watch registered doc_id=1kukRy1RSN09xBaFwFIaLa0UqxvUW81ECfGpiEo6UhFE meeting_id=94053971266
2026-04-27 15:52:57,609 [INFO] Temp S3 state created: s3://zoom-automation-bucket/temp/live-doc-history/2026/Month-4/2026-04-27/94053971266/
2026-04-27 15:52:57,611 [INFO] Successfully initialized doc tracking meeting_id=94053971266
2026-04-27 15:52:57,654 [INFO] Processing meeting.started for meeting_id=95548903662
2026-04-27 15:52:57,763 [INFO] Found doc_id=1rCd_97giF-o-lxWhX0P7pB8Ko4FtCrx0ZGoY2JeEZdM for meeting_id=95548903662
2026-04-27 15:52:58,163 [INFO] Watch registered doc_id=1rCd_97giF-o-lxWhX0P7pB8Ko4FtCrx0ZGoY2JeEZdM meeting_id=95548903662
2026-04-27 15:53:09,472 [INFO] Temp S3 state created: s3://zoom-automation-bucket/temp/live-doc-history/2026/Month-4/2026-04-27/95548903662/
2026-04-27 15:53:09,476 [INFO] Successfully initialized doc tracking meeting_id=95548903662
2026-04-27 15:53:09,548 [INFO] Processing meeting.started for meeting_id=91889419786
2026-04-27 15:53:09,694 [INFO] Found doc_id=1gkUJoEC4yCH5wgM87pRUeHjHcQT99gXvEf_43blqh10 for meeting_id=91889419786
2026-04-27 15:53:10,066 [INFO] Watch registered doc_id=1gkUJoEC4yCH5wgM87pRUeHjHcQT99gXvEf_43blqh10 meeting_id=91889419786
2026-04-27 15:53:20,560 [INFO] Temp S3 state created: s3://zoom-automation-bucket/temp/live-doc-history/2026/Month-4/2026-04-27/91889419786/
2026-04-27 15:53:20,563 [INFO] Successfully initialized doc tracking meeting_id=91889419786
2026-04-27 15:53:56,792 [INFO] Processing meeting.started for meeting_id=96486782531
2026-04-27 15:53:56,919 [INFO] Found doc_id=1VduI7NDdR_X8AQTDMAGRvU6E3w4ENYUNWgCvf6IEOP0 for meeting_id=96486782531
2026-04-27 15:53:57,326 [INFO] Watch registered doc_id=1VduI7NDdR_X8AQTDMAGRvU6E3w4ENYUNWgCvf6IEOP0 meeting_id=96486782531
2026-04-27 15:54:07,083 [INFO] Temp S3 state created: s3://zoom-automation-bucket/temp/live-doc-history/2026/Month-4/2026-04-27/96486782531/
2026-04-27 15:54:07,085 [INFO] Successfully initialized doc tracking meeting_id=96486782531
2026-04-27 15:54:07,135 [INFO] Processing meeting.started for meeting_id=93295101658
2026-04-27 15:54:07,251 [WARNING] No Google_Docs_ID__c for meeting_id=93295101658
2026-04-27 15:55:20,335 [INFO] Processing meeting.started for meeting_id=93295101658
2026-04-27 15:55:20,442 [WARNING] No Google_Docs_ID__c for meeting_id=93295101658
2026-04-27 15:55:38,297 [INFO] Processing meeting.started for meeting_id=98618064842
2026-04-27 15:55:38,413 [WARNING] No Salesforce record for meeting_id=98618064842
2026-04-27 15:55:38,414 [WARNING] Skipping meeting_id=98618064842 — no Salesforce match
2026-04-27 15:57:15,519 [INFO] Processing meeting.started for meeting_id=93475736240
2026-04-27 15:57:15,698 [INFO] Found doc_id=16gvtFRRK-F7tok6XO8C1Ul4xnp2OYpuYZKwNtDX4s-8 for meeting_id=93475736240
2026-04-27 15:57:16,109 [INFO] Watch registered doc_id=16gvtFRRK-F7tok6XO8C1Ul4xnp2OYpuYZKwNtDX4s-8 meeting_id=93475736240
2026-04-27 15:57:26,771 [INFO] Temp S3 state created: s3://zoom-automation-bucket/temp/live-doc-history/2026/Month-4/2026-04-27/93475736240/
2026-04-27 15:57:26,773 [INFO] Successfully initialized doc tracking meeting_id=93475736240
2026-04-27 16:00:14,923 [INFO] Processing meeting.started for meeting_id=94244259977
2026-04-27 16:00:15,051 [WARNING] No Salesforce record for meeting_id=94244259977
2026-04-27 16:00:15,051 [WARNING] Skipping meeting_id=94244259977 — no Salesforce match
2026-04-27 16:13:46,071 [INFO] Processing meeting.started for meeting_id=92717759309
2026-04-27 16:13:46,740 [WARNING] No Salesforce record for meeting_id=92717759309
2026-04-27 16:13:46,743 [WARNING] Skipping meeting_id=92717759309 — no Salesforce match
2026-04-27 16:14:08,971 [INFO] Processing meeting.started for meeting_id=99852005319
2026-04-27 16:14:09,066 [WARNING] No Salesforce record for meeting_id=99852005319
2026-04-27 16:14:09,066 [WARNING] Skipping meeting_id=99852005319 — no Salesforce match
2026-04-27 16:17:33,803 [INFO] Processing meeting.started for meeting_id=92880899243
2026-04-27 16:17:34,446 [WARNING] No Salesforce record for meeting_id=92880899243
2026-04-27 16:17:34,447 [WARNING] Skipping meeting_id=92880899243 — no Salesforce match
2026-04-27 16:24:13,734 [INFO] Processing meeting.started for meeting_id=99318441857
2026-04-27 16:24:14,516 [INFO] Found doc_id=186rSOojxxl12NCOTm05PSayHR1SZcnp0lpqqRl4IgPU for meeting_id=99318441857
2026-04-27 16:24:14,931 [INFO] Watch registered doc_id=186rSOojxxl12NCOTm05PSayHR1SZcnp0lpqqRl4IgPU meeting_id=99318441857
2026-04-27 16:24:26,041 [INFO] Temp S3 state created: s3://zoom-automation-bucket/temp/live-doc-history/2026/Month-4/2026-04-27/99318441857/
2026-04-27 16:24:26,044 [INFO] Successfully initialized doc tracking meeting_id=99318441857
2026-04-27 16:25:43,275 [INFO] Processing meeting.started for meeting_id=98820537172
2026-04-27 16:25:43,411 [INFO] Found doc_id=10TVWl54ncdko8iJx1lnoMtJQBD3mNEH2K4-teqKLReA for meeting_id=98820537172
2026-04-27 16:25:43,931 [INFO] Watch registered doc_id=10TVWl54ncdko8iJx1lnoMtJQBD3mNEH2K4-teqKLReA meeting_id=98820537172
2026-04-27 16:25:54,365 [INFO] Temp S3 state created: s3://zoom-automation-bucket/temp/live-doc-history/2026/Month-4/2026-04-27/98820537172/
2026-04-27 16:25:54,368 [INFO] Successfully initialized doc tracking meeting_id=98820537172
2026-04-27 16:31:57,165 [INFO] Processing meeting.started for meeting_id=98421583478
2026-04-27 16:31:57,859 [INFO] Found doc_id=1QXuJiRFCmecheUXU7wujJq1zb5QfT1h15jnzmjysrbg for meeting_id=98421583478
2026-04-27 16:31:58,435 [INFO] Watch registered doc_id=1QXuJiRFCmecheUXU7wujJq1zb5QfT1h15jnzmjysrbg meeting_id=98421583478
2026-04-27 16:32:10,786 [INFO] Temp S3 state created: s3://zoom-automation-bucket/temp/live-doc-history/2026/Month-4/2026-04-27/98421583478/
2026-04-27 16:32:10,789 [INFO] Successfully initialized doc tracking meeting_id=98421583478
2026-04-27 16:44:42,010 [INFO] Processing meeting.started for meeting_id=96625600199
2026-04-27 16:44:42,141 [INFO] Found doc_id=1BgyikUfT9q478mDrgLjL4A-yh5cE4NzQIh8jnkdTWj0 for meeting_id=96625600199
2026-04-27 16:44:42,633 [INFO] Watch registered doc_id=1BgyikUfT9q478mDrgLjL4A-yh5cE4NzQIh8jnkdTWj0 meeting_id=96625600199
2026-04-27 16:44:54,133 [INFO] Temp S3 state created: s3://zoom-automation-bucket/temp/live-doc-history/2026/Month-4/2026-04-27/96625600199/
2026-04-27 16:44:54,136 [INFO] Successfully initialized doc tracking meeting_id=96625600199
2026-04-27 16:44:59,220 [INFO] Processing meeting.started for meeting_id=98901893224
2026-04-27 16:44:59,332 [WARNING] No Salesforce record for meeting_id=98901893224
2026-04-27 16:44:59,332 [WARNING] Skipping meeting_id=98901893224 — no Salesforce match
2026-04-27 16:46:02,284 [INFO] Processing meeting.started for meeting_id=93853529156
2026-04-27 16:46:02,414 [INFO] Found doc_id=1W0o0Dg-UZUm90al5Lzay5LBKT0f1Qw-wSIcxddaciCk for meeting_id=93853529156
2026-04-27 16:46:04,133 [INFO] Watch registered doc_id=1W0o0Dg-UZUm90al5Lzay5LBKT0f1Qw-wSIcxddaciCk meeting_id=93853529156
2026-04-27 16:46:15,023 [INFO] Temp S3 state created: s3://zoom-automation-bucket/temp/live-doc-history/2026/Month-4/2026-04-27/93853529156/
2026-04-27 16:46:15,026 [INFO] Successfully initialized doc tracking meeting_id=93853529156
2026-04-27 16:49:24,757 [INFO] Processing meeting.started for meeting_id=93831121159
2026-04-27 16:49:24,892 [INFO] Found doc_id=1POQ5IcdtU5IOjq0pv607OJPulrUveVPVg9zWD3M7q-E for meeting_id=93831121159
2026-04-27 16:49:25,309 [INFO] Watch registered doc_id=1POQ5IcdtU5IOjq0pv607OJPulrUveVPVg9zWD3M7q-E meeting_id=93831121159
2026-04-27 16:49:37,419 [INFO] Temp S3 state created: s3://zoom-automation-bucket/temp/live-doc-history/2026/Month-4/2026-04-27/93831121159/
2026-04-27 16:49:37,422 [INFO] Successfully initialized doc tracking meeting_id=93831121159
2026-04-27 16:49:37,489 [INFO] Processing meeting.started for meeting_id=96247878021
2026-04-27 16:49:37,671 [INFO] Found doc_id=1YgNaH8GXhdRhgFDBq7u_XiDFfhqEa3D-v_Pss0IKV6I for meeting_id=96247878021
2026-04-27 16:49:38,050 [INFO] Watch registered doc_id=1YgNaH8GXhdRhgFDBq7u_XiDFfhqEa3D-v_Pss0IKV6I meeting_id=96247878021
2026-04-27 16:49:49,615 [INFO] Temp S3 state created: s3://zoom-automation-bucket/temp/live-doc-history/2026/Month-4/2026-04-27/96247878021/
2026-04-27 16:49:49,617 [INFO] Successfully initialized doc tracking meeting_id=96247878021
2026-04-27 16:50:55,358 [INFO] Processing meeting.started for meeting_id=97854635487
2026-04-27 16:50:55,473 [INFO] Found doc_id=1XQhH5VAiqEje0nrBu4Umm9x8TCa3lVSFuH6MIGO62Fk for meeting_id=97854635487
2026-04-27 16:50:55,922 [INFO] Watch registered doc_id=1XQhH5VAiqEje0nrBu4Umm9x8TCa3lVSFuH6MIGO62Fk meeting_id=97854635487
2026-04-27 16:51:08,839 [INFO] Temp S3 state created: s3://zoom-automation-bucket/temp/live-doc-history/2026/Month-4/2026-04-27/97854635487/
2026-04-27 16:51:08,841 [INFO] Successfully initialized doc tracking meeting_id=97854635487
2026-04-27 16:51:08,901 [INFO] Processing meeting.started for meeting_id=93086742366
2026-04-27 16:51:09,384 [INFO] Found doc_id=1JNO3cmd7jYVwjYwBSYDlvtZiwCVWEuHyIWums0zX-BM for meeting_id=93086742366
2026-04-27 16:51:09,822 [INFO] Watch registered doc_id=1JNO3cmd7jYVwjYwBSYDlvtZiwCVWEuHyIWums0zX-BM meeting_id=93086742366
2026-04-27 16:51:23,463 [INFO] Temp S3 state created: s3://zoom-automation-bucket/temp/live-doc-history/2026/Month-4/2026-04-27/93086742366/
2026-04-27 16:51:23,466 [INFO] Successfully initialized doc tracking meeting_id=93086742366
2026-04-27 16:52:53,216 [INFO] Processing meeting.started for meeting_id=95299694458
2026-04-27 16:52:53,331 [INFO] Found doc_id=14nwHIPz39mlEQE_kkfW-uJK-m-9cvzB-xDT4b1NNq0k for meeting_id=95299694458
2026-04-27 16:52:53,738 [INFO] Watch registered doc_id=14nwHIPz39mlEQE_kkfW-uJK-m-9cvzB-xDT4b1NNq0k meeting_id=95299694458
2026-04-27 16:53:03,777 [INFO] Temp S3 state created: s3://zoom-automation-bucket/temp/live-doc-history/2026/Month-4/2026-04-27/95299694458/
2026-04-27 16:53:03,780 [INFO] Successfully initialized doc tracking meeting_id=95299694458
2026-04-27 16:53:39,256 [INFO] Processing meeting.started for meeting_id=95367480406
2026-04-27 16:53:39,366 [INFO] Found doc_id=15HFfiHs9ACqsbMkNyQMs4sCFmVAO1tOGER7uiJP1s2M for meeting_id=95367480406
2026-04-27 16:53:39,731 [INFO] Watch registered doc_id=15HFfiHs9ACqsbMkNyQMs4sCFmVAO1tOGER7uiJP1s2M meeting_id=95367480406
2026-04-27 16:53:51,146 [INFO] Temp S3 state created: s3://zoom-automation-bucket/temp/live-doc-history/2026/Month-4/2026-04-27/95367480406/
2026-04-27 16:53:51,152 [INFO] Successfully initialized doc tracking meeting_id=95367480406
2026-04-27 16:54:01,050 [INFO] Processing meeting.started for meeting_id=93813006086
2026-04-27 16:54:01,153 [INFO] Found doc_id=1DhnOzSznR7Ui8rDycJbR5wK9r_aVGfbWUB1LAD12Bi8 for meeting_id=93813006086
2026-04-27 16:54:01,532 [INFO] Watch registered doc_id=1DhnOzSznR7Ui8rDycJbR5wK9r_aVGfbWUB1LAD12Bi8 meeting_id=93813006086
2026-04-27 16:54:12,063 [INFO] Temp S3 state created: s3://zoom-automation-bucket/temp/live-doc-history/2026/Month-4/2026-04-27/93813006086/
2026-04-27 16:54:12,066 [INFO] Successfully initialized doc tracking meeting_id=93813006086
2026-04-27 16:56:34,830 [INFO] Processing meeting.started for meeting_id=94443105379
2026-04-27 16:56:34,945 [INFO] Found doc_id=1efGy7ahPToVWKOr2IxX-N3XvJn0fK5XWh5YFrqeRBew for meeting_id=94443105379
2026-04-27 16:56:35,321 [INFO] Watch registered doc_id=1efGy7ahPToVWKOr2IxX-N3XvJn0fK5XWh5YFrqeRBew meeting_id=94443105379
2026-04-27 16:56:46,310 [INFO] Temp S3 state created: s3://zoom-automation-bucket/temp/live-doc-history/2026/Month-4/2026-04-27/94443105379/
2026-04-27 16:56:46,313 [INFO] Successfully initialized doc tracking meeting_id=94443105379
2026-04-27 17:03:21,627 [INFO] Processing meeting.started for meeting_id=94003133748
2026-04-27 17:03:21,876 [WARNING] No Salesforce record for meeting_id=94003133748
2026-04-27 17:03:21,876 [WARNING] Skipping meeting_id=94003133748 — no Salesforce match
2026-04-27 17:07:29,389 [INFO] Processing meeting.started for meeting_id=98990488203
2026-04-27 17:07:29,600 [WARNING] No Salesforce record for meeting_id=98990488203
2026-04-27 17:07:29,600 [WARNING] Skipping meeting_id=98990488203 — no Salesforce match
2026-04-27 17:10:37,690 [INFO] Processing meeting.started for meeting_id=93207839734
2026-04-27 17:10:37,893 [WARNING] No Salesforce record for meeting_id=93207839734
2026-04-27 17:10:37,893 [WARNING] Skipping meeting_id=93207839734 — no Salesforce match
2026-04-27 17:16:48,361 [INFO] Processing meeting.started for meeting_id=95977949961
2026-04-27 17:16:48,633 [INFO] Found doc_id=1FA3VUj-dUHFn3PWFj39XTSaWocqOGa1ZqjOvjMl4AvU for meeting_id=95977949961
2026-04-27 17:16:49,019 [INFO] Watch registered doc_id=1FA3VUj-dUHFn3PWFj39XTSaWocqOGa1ZqjOvjMl4AvU meeting_id=95977949961
2026-04-27 17:17:01,921 [INFO] Temp S3 state created: s3://zoom-automation-bucket/temp/live-doc-history/2026/Month-4/2026-04-27/95977949961/
2026-04-27 17:17:01,925 [INFO] Successfully initialized doc tracking meeting_id=95977949961
2026-04-27 17:22:14,589 [INFO] Processing meeting.started for meeting_id=91645678465
2026-04-27 17:22:14,814 [WARNING] No Salesforce record for meeting_id=91645678465
2026-04-27 17:22:14,815 [WARNING] Skipping meeting_id=91645678465 — no Salesforce match
2026-04-27 17:24:41,298 [INFO] Processing meeting.started for meeting_id=96400876212
2026-04-27 17:24:41,452 [INFO] Found doc_id=1XHXp_kUM9qvGdgKT0A1hDZOLFoYd6i45KGwbGvv1UA8 for meeting_id=96400876212
2026-04-27 17:24:41,938 [INFO] Watch registered doc_id=1XHXp_kUM9qvGdgKT0A1hDZOLFoYd6i45KGwbGvv1UA8 meeting_id=96400876212
2026-04-27 17:24:52,086 [INFO] Temp S3 state created: s3://zoom-automation-bucket/temp/live-doc-history/2026/Month-4/2026-04-27/96400876212/
2026-04-27 17:24:52,089 [INFO] Successfully initialized doc tracking meeting_id=96400876212
2026-04-27 17:27:28,028 [INFO] Processing meeting.started for meeting_id=91345547597
2026-04-27 17:27:28,204 [WARNING] No Salesforce record for meeting_id=91345547597
2026-04-27 17:27:28,204 [WARNING] Skipping meeting_id=91345547597 — no Salesforce match
2026-04-27 17:27:49,209 [INFO] Processing meeting.started for meeting_id=96843332681
2026-04-27 17:27:49,346 [WARNING] No Salesforce record for meeting_id=96843332681
2026-04-27 17:27:49,347 [WARNING] Skipping meeting_id=96843332681 — no Salesforce match
2026-04-27 17:27:50,770 [INFO] Processing meeting.started for meeting_id=93240506772
2026-04-27 17:27:51,035 [INFO] Found doc_id=1TVfN3G_9Mn7lx3KpCq9MEzqhvDfY7bnIfa9wiDJPkWQ for meeting_id=93240506772
2026-04-27 17:27:51,546 [INFO] Watch registered doc_id=1TVfN3G_9Mn7lx3KpCq9MEzqhvDfY7bnIfa9wiDJPkWQ meeting_id=93240506772
2026-04-27 17:28:01,793 [INFO] Temp S3 state created: s3://zoom-automation-bucket/temp/live-doc-history/2026/Month-4/2026-04-27/93240506772/
2026-04-27 17:28:01,796 [INFO] Successfully initialized doc tracking meeting_id=93240506772
2026-04-27 17:30:12,637 [INFO] Processing meeting.started for meeting_id=91749977533
2026-04-27 17:30:13,453 [WARNING] No Salesforce record for meeting_id=91749977533
2026-04-27 17:30:13,454 [WARNING] Skipping meeting_id=91749977533 — no Salesforce match
2026-04-27 17:44:10,705 [INFO] Processing meeting.started for meeting_id=97334028241
2026-04-27 17:44:10,938 [INFO] Found doc_id=1r3HeG7lbcsbrbHyaS6CrJY7dvwu2ziUAxh8CtxWGsV4 for meeting_id=97334028241
2026-04-27 17:44:11,313 [INFO] Watch registered doc_id=1r3HeG7lbcsbrbHyaS6CrJY7dvwu2ziUAxh8CtxWGsV4 meeting_id=97334028241
2026-04-27 17:44:22,360 [INFO] Temp S3 state created: s3://zoom-automation-bucket/temp/live-doc-history/2026/Month-4/2026-04-27/97334028241/
2026-04-27 17:44:22,363 [INFO] Successfully initialized doc tracking meeting_id=97334028241
2026-04-27 17:47:02,188 [INFO] Processing meeting.started for meeting_id=93849886189
2026-04-27 17:47:02,328 [INFO] Found doc_id=1nHIcqT7p52r7NZVbo0lFGNYFeLfWcuBqXBCKpLChy50 for meeting_id=93849886189
2026-04-27 17:47:02,863 [INFO] Watch registered doc_id=1nHIcqT7p52r7NZVbo0lFGNYFeLfWcuBqXBCKpLChy50 meeting_id=93849886189
2026-04-27 17:47:13,817 [INFO] Temp S3 state created: s3://zoom-automation-bucket/temp/live-doc-history/2026/Month-4/2026-04-27/93849886189/
2026-04-27 17:47:13,819 [INFO] Successfully initialized doc tracking meeting_id=93849886189
2026-04-27 17:48:48,332 [INFO] Processing meeting.started for meeting_id=92629486067
2026-04-27 17:48:48,492 [INFO] Found doc_id=1-3Ek_WBx9v45qWDwCtj5bPdtNnR0mSrPbOpAzGtiJKo for meeting_id=92629486067
2026-04-27 17:48:49,016 [INFO] Watch registered doc_id=1-3Ek_WBx9v45qWDwCtj5bPdtNnR0mSrPbOpAzGtiJKo meeting_id=92629486067
2026-04-27 17:48:59,670 [INFO] Temp S3 state created: s3://zoom-automation-bucket/temp/live-doc-history/2026/Month-4/2026-04-27/92629486067/
2026-04-27 17:48:59,673 [INFO] Successfully initialized doc tracking meeting_id=92629486067
2026-04-27 17:48:59,742 [INFO] Processing meeting.started for meeting_id=92457313163
2026-04-27 17:48:59,959 [INFO] Found doc_id=1a24LFyxABW-qLeCNaohHHs3WoYzM8Xlp2FapFkKYJ8w for meeting_id=92457313163
2026-04-27 17:49:00,386 [INFO] Watch registered doc_id=1a24LFyxABW-qLeCNaohHHs3WoYzM8Xlp2FapFkKYJ8w meeting_id=92457313163
2026-04-27 17:49:11,606 [INFO] Temp S3 state created: s3://zoom-automation-bucket/temp/live-doc-history/2026/Month-4/2026-04-27/92457313163/
2026-04-27 17:49:11,608 [INFO] Successfully initialized doc tracking meeting_id=92457313163
2026-04-27 17:49:33,641 [INFO] Processing meeting.started for meeting_id=95413476042
2026-04-27 17:49:33,836 [INFO] Found doc_id=1dRMtsgSbUoy2ILS4saU7VQKWxTzpHak4r_tFpeiHnnE for meeting_id=95413476042
2026-04-27 17:49:34,322 [INFO] Watch registered doc_id=1dRMtsgSbUoy2ILS4saU7VQKWxTzpHak4r_tFpeiHnnE meeting_id=95413476042
2026-04-27 17:49:46,339 [INFO] Temp S3 state created: s3://zoom-automation-bucket/temp/live-doc-history/2026/Month-4/2026-04-27/95413476042/
2026-04-27 17:49:46,342 [INFO] Successfully initialized doc tracking meeting_id=95413476042
2026-04-27 17:50:02,934 [INFO] Processing meeting.started for meeting_id=96543965857
2026-04-27 17:50:03,048 [INFO] Found doc_id=1rNPo3o9OX5jDaDi5Jl_6H19dUQTjiIGs8DCf4HPjuNU for meeting_id=96543965857
2026-04-27 17:50:03,443 [INFO] Watch registered doc_id=1rNPo3o9OX5jDaDi5Jl_6H19dUQTjiIGs8DCf4HPjuNU meeting_id=96543965857
2026-04-27 17:50:13,616 [INFO] Temp S3 state created: s3://zoom-automation-bucket/temp/live-doc-history/2026/Month-4/2026-04-27/96543965857/
2026-04-27 17:50:13,619 [INFO] Successfully initialized doc tracking meeting_id=96543965857
2026-04-27 17:51:17,639 [INFO] Processing meeting.started for meeting_id=97672579855
2026-04-27 17:51:17,879 [WARNING] No Google_Docs_ID__c for meeting_id=97672579855
2026-04-27 17:51:39,211 [INFO] Processing meeting.started for meeting_id=98638573109
2026-04-27 17:51:39,341 [INFO] Found doc_id=1xacw8E_aJD3p2iYobnijt_zc4ISgSSWJycOX0TskQfU for meeting_id=98638573109
2026-04-27 17:51:39,669 [INFO] Watch registered doc_id=1xacw8E_aJD3p2iYobnijt_zc4ISgSSWJycOX0TskQfU meeting_id=98638573109
2026-04-27 17:51:49,878 [INFO] Temp S3 state created: s3://zoom-automation-bucket/temp/live-doc-history/2026/Month-4/2026-04-27/98638573109/
2026-04-27 17:51:49,882 [INFO] Successfully initialized doc tracking meeting_id=98638573109
2026-04-27 17:51:58,639 [INFO] Processing meeting.started for meeting_id=97901074104
2026-04-27 17:51:59,188 [INFO] Found doc_id=16HeOqfvRMlbsmd0Jh6byt5FisOhLuDZh9FvM2gRWdhg for meeting_id=97901074104
2026-04-27 17:51:59,558 [INFO] Watch registered doc_id=16HeOqfvRMlbsmd0Jh6byt5FisOhLuDZh9FvM2gRWdhg meeting_id=97901074104
2026-04-27 17:52:10,994 [INFO] Temp S3 state created: s3://zoom-automation-bucket/temp/live-doc-history/2026/Month-4/2026-04-27/97901074104/
2026-04-27 17:52:10,997 [INFO] Successfully initialized doc tracking meeting_id=97901074104
2026-04-27 17:52:31,739 [INFO] Processing meeting.started for meeting_id=99658436613
2026-04-27 17:52:31,845 [INFO] Found doc_id=1C_muFDh7FHJ-ndyudEVSUAgspPNfnDU0UF4yXHlZrlM for meeting_id=99658436613
2026-04-27 17:52:32,296 [INFO] Watch registered doc_id=1C_muFDh7FHJ-ndyudEVSUAgspPNfnDU0UF4yXHlZrlM meeting_id=99658436613
2026-04-27 17:52:43,930 [INFO] Temp S3 state created: s3://zoom-automation-bucket/temp/live-doc-history/2026/Month-4/2026-04-27/99658436613/
2026-04-27 17:52:43,933 [INFO] Successfully initialized doc tracking meeting_id=99658436613
2026-04-27 17:55:51,274 [INFO] Processing meeting.started for meeting_id=92129040947
2026-04-27 17:55:51,697 [INFO] Found doc_id=1VQtzJP_bVfwKyYCYiyYd0LVXJzC8SqxjECD9DT0DXJo for meeting_id=92129040947
2026-04-27 17:55:52,071 [INFO] Watch registered doc_id=1VQtzJP_bVfwKyYCYiyYd0LVXJzC8SqxjECD9DT0DXJo meeting_id=92129040947
2026-04-27 17:56:03,089 [INFO] Temp S3 state created: s3://zoom-automation-bucket/temp/live-doc-history/2026/Month-4/2026-04-27/92129040947/
2026-04-27 17:56:03,092 [INFO] Successfully initialized doc tracking meeting_id=92129040947
2026-04-27 17:56:27,250 [INFO] Processing meeting.started for meeting_id=93176533599
2026-04-27 17:56:27,604 [INFO] Found doc_id=1wiGFdPv5H0EYRpn4xCxtVOkVOEC9OVmD99qiTplrm-o for meeting_id=93176533599
2026-04-27 17:56:28,011 [INFO] Watch registered doc_id=1wiGFdPv5H0EYRpn4xCxtVOkVOEC9OVmD99qiTplrm-o meeting_id=93176533599
2026-04-27 17:56:38,958 [INFO] Temp S3 state created: s3://zoom-automation-bucket/temp/live-doc-history/2026/Month-4/2026-04-27/93176533599/
2026-04-27 17:56:38,961 [INFO] Successfully initialized doc tracking meeting_id=93176533599
2026-04-27 17:56:39,006 [INFO] Processing meeting.started for meeting_id=95178317832
2026-04-27 17:56:39,342 [WARNING] No Salesforce record for meeting_id=95178317832
2026-04-27 17:56:39,343 [WARNING] Skipping meeting_id=95178317832 — no Salesforce match
2026-04-27 17:57:51,033 [INFO] Processing meeting.started for meeting_id=94115133336
2026-04-27 17:57:51,149 [WARNING] No Salesforce record for meeting_id=94115133336
2026-04-27 17:57:51,150 [WARNING] Skipping meeting_id=94115133336 — no Salesforce match
2026-04-27 18:09:43,346 [INFO] Processing meeting.started for meeting_id=96345204770
2026-04-27 18:09:44,038 [INFO] Found doc_id=16PXo7CZnS6PTVmUYuWyd9stPzwriR5_M3xbrskIT5Iw for meeting_id=96345204770
2026-04-27 18:09:44,460 [INFO] Watch registered doc_id=16PXo7CZnS6PTVmUYuWyd9stPzwriR5_M3xbrskIT5Iw meeting_id=96345204770
2026-04-27 18:09:54,938 [INFO] Temp S3 state created: s3://zoom-automation-bucket/temp/live-doc-history/2026/Month-4/2026-04-27/96345204770/
2026-04-27 18:09:54,942 [INFO] Successfully initialized doc tracking meeting_id=96345204770
2026-04-27 18:13:14,214 [INFO] Processing meeting.started for meeting_id=94837131817
2026-04-27 18:13:14,502 [INFO] Found doc_id=1IvoojzJxO9K6Ea3XD35Kf21S-IkC7dmoWIRzqxf2K6I for meeting_id=94837131817
2026-04-27 18:13:14,856 [INFO] Watch registered doc_id=1IvoojzJxO9K6Ea3XD35Kf21S-IkC7dmoWIRzqxf2K6I meeting_id=94837131817
2026-04-27 18:13:29,919 [INFO] Temp S3 state created: s3://zoom-automation-bucket/temp/live-doc-history/2026/Month-4/2026-04-27/94837131817/
2026-04-27 18:13:29,922 [INFO] Successfully initialized doc tracking meeting_id=94837131817
2026-04-27 18:21:18,747 [INFO] Processing meeting.started for meeting_id=97901074104
2026-04-27 18:21:19,413 [INFO] Found doc_id=16HeOqfvRMlbsmd0Jh6byt5FisOhLuDZh9FvM2gRWdhg for meeting_id=97901074104
2026-04-27 18:21:19,858 [INFO] Watch registered doc_id=16HeOqfvRMlbsmd0Jh6byt5FisOhLuDZh9FvM2gRWdhg meeting_id=97901074104
2026-04-27 18:21:27,100 [INFO] Found final S3 prefix for meeting_id=97901074104: Interview-Success/Yashvi_Nagar/2026/Month-4/Sainivas_N_A_Thoutam/97901074104/Perimeter/2026-04-27/Round_Initial/Time-11-21-PM-IST
2026-04-27 18:21:27,180 [INFO] Temp S3 state created: s3://zoom-automation-bucket/temp/live-doc-history/2026/Month-4/2026-04-27/97901074104/
2026-04-27 18:21:27,183 [INFO] Successfully initialized doc tracking meeting_id=97901074104
2026-04-27 18:22:04,552 [INFO] Processing meeting.started for meeting_id=92369469831
2026-04-27 18:22:04,670 [INFO] Found doc_id=1bNdRhSgW23P5cnVBhpuwwp8_Js4fV-dyltFN_fndxgk for meeting_id=92369469831
2026-04-27 18:22:05,052 [INFO] Watch registered doc_id=1bNdRhSgW23P5cnVBhpuwwp8_Js4fV-dyltFN_fndxgk meeting_id=92369469831
2026-04-27 18:22:15,627 [INFO] Temp S3 state created: s3://zoom-automation-bucket/temp/live-doc-history/2026/Month-4/2026-04-27/92369469831/
2026-04-27 18:22:15,630 [INFO] Successfully initialized doc tracking meeting_id=92369469831
2026-04-27 18:23:01,370 [INFO] Processing meeting.started for meeting_id=99447545762
2026-04-27 18:23:01,508 [WARNING] No Salesforce record for meeting_id=99447545762
2026-04-27 18:23:01,509 [WARNING] Skipping meeting_id=99447545762 — no Salesforce match
2026-04-27 18:24:06,768 [INFO] Processing meeting.started for meeting_id=95356092579
2026-04-27 18:24:06,913 [INFO] Found doc_id=1UH-61CAw4iJlPkUjoq6leogQSeBGZ0XQsp0Bk_9ohF4 for meeting_id=95356092579
2026-04-27 18:24:07,370 [INFO] Watch registered doc_id=1UH-61CAw4iJlPkUjoq6leogQSeBGZ0XQsp0Bk_9ohF4 meeting_id=95356092579
2026-04-27 18:24:20,297 [INFO] Temp S3 state created: s3://zoom-automation-bucket/temp/live-doc-history/2026/Month-4/2026-04-27/95356092579/
2026-04-27 18:24:20,299 [INFO] Successfully initialized doc tracking meeting_id=95356092579
2026-04-27 18:26:57,522 [INFO] Processing meeting.started for meeting_id=99906293392
2026-04-27 18:26:57,672 [INFO] Found doc_id=13u9i_mTmHk8M2IgzowOJlU1WAjiOkXLeRkV6dC-GufQ for meeting_id=99906293392
2026-04-27 18:26:58,096 [INFO] Watch registered doc_id=13u9i_mTmHk8M2IgzowOJlU1WAjiOkXLeRkV6dC-GufQ meeting_id=99906293392
2026-04-27 18:27:09,702 [INFO] Temp S3 state created: s3://zoom-automation-bucket/temp/live-doc-history/2026/Month-4/2026-04-27/99906293392/
2026-04-27 18:27:09,704 [INFO] Successfully initialized doc tracking meeting_id=99906293392
2026-04-27 18:30:49,045 [INFO] Processing meeting.started for meeting_id=91794085757
2026-04-27 18:30:49,191 [WARNING] No Salesforce record for meeting_id=91794085757
2026-04-27 18:30:49,191 [WARNING] Skipping meeting_id=91794085757 — no Salesforce match
2026-04-27 18:31:20,480 [INFO] Processing meeting.started for meeting_id=95178317832
2026-04-27 18:31:20,567 [WARNING] No Salesforce record for meeting_id=95178317832
2026-04-27 18:31:20,567 [WARNING] Skipping meeting_id=95178317832 — no Salesforce match
2026-04-27 18:31:59,271 [INFO] Processing meeting.started for meeting_id=91749977533
2026-04-27 18:31:59,399 [WARNING] No Salesforce record for meeting_id=91749977533
2026-04-27 18:31:59,400 [WARNING] Skipping meeting_id=91749977533 — no Salesforce match
2026-04-27 18:32:01,186 [INFO] Processing meeting.started for meeting_id=96851055032
2026-04-27 18:32:02,044 [WARNING] No Salesforce record for meeting_id=96851055032
2026-04-27 18:32:02,044 [WARNING] Skipping meeting_id=96851055032 — no Salesforce match
2026-04-27 18:32:23,525 [INFO] Processing meeting.started for meeting_id=97825751112
2026-04-27 18:32:23,704 [WARNING] No Salesforce record for meeting_id=97825751112
2026-04-27 18:32:23,704 [WARNING] Skipping meeting_id=97825751112 — no Salesforce match
2026-04-27 18:32:58,383 [INFO] Processing meeting.started for meeting_id=91749977533
2026-04-27 18:32:58,550 [WARNING] No Salesforce record for meeting_id=91749977533
2026-04-27 18:32:58,550 [WARNING] Skipping meeting_id=91749977533 — no Salesforce match
2026-04-27 18:34:17,805 [INFO] Processing meeting.started for meeting_id=94055542434
2026-04-27 18:34:17,951 [WARNING] No Salesforce record for meeting_id=94055542434
2026-04-27 18:34:17,952 [WARNING] Skipping meeting_id=94055542434 — no Salesforce match
2026-04-27 18:42:15,256 [INFO] Processing meeting.started for meeting_id=96887995933
2026-04-27 18:42:15,544 [INFO] Found doc_id=1AVJhBhugLrqaoTf9GAl6nTRl2mrneuze3tv3mjewomQ for meeting_id=96887995933
2026-04-27 18:42:15,985 [INFO] Watch registered doc_id=1AVJhBhugLrqaoTf9GAl6nTRl2mrneuze3tv3mjewomQ meeting_id=96887995933
2026-04-27 18:42:28,344 [INFO] Temp S3 state created: s3://zoom-automation-bucket/temp/live-doc-history/2026/Month-4/2026-04-27/96887995933/
2026-04-27 18:42:28,347 [INFO] Successfully initialized doc tracking meeting_id=96887995933
2026-04-27 18:44:19,591 [INFO] Processing meeting.started for meeting_id=96699554564
2026-04-27 18:44:19,750 [INFO] Found doc_id=1PSVSK1FSAr_kL5XvXYd37ZJ9KLtIpa0yv0QCF7q45po for meeting_id=96699554564
2026-04-27 18:44:20,211 [INFO] Watch registered doc_id=1PSVSK1FSAr_kL5XvXYd37ZJ9KLtIpa0yv0QCF7q45po meeting_id=96699554564
2026-04-27 18:44:31,970 [INFO] Temp S3 state created: s3://zoom-automation-bucket/temp/live-doc-history/2026/Month-4/2026-04-27/96699554564/
2026-04-27 18:44:31,973 [INFO] Successfully initialized doc tracking meeting_id=96699554564
2026-04-27 18:44:44,357 [INFO] Processing meeting.started for meeting_id=94726847638
2026-04-27 18:44:44,473 [INFO] Found doc_id=1a7OKvDqITPlL6pYkPjfIV6t0AUDcdk2rz3N8mnQunFk for meeting_id=94726847638
2026-04-27 18:44:44,858 [INFO] Watch registered doc_id=1a7OKvDqITPlL6pYkPjfIV6t0AUDcdk2rz3N8mnQunFk meeting_id=94726847638
2026-04-27 18:44:59,288 [INFO] Temp S3 state created: s3://zoom-automation-bucket/temp/live-doc-history/2026/Month-4/2026-04-27/94726847638/
2026-04-27 18:44:59,290 [INFO] Successfully initialized doc tracking meeting_id=94726847638
2026-04-27 18:45:11,795 [INFO] Processing meeting.started for meeting_id=91274663910
2026-04-27 18:45:11,933 [WARNING] No Salesforce record for meeting_id=91274663910
2026-04-27 18:45:11,933 [WARNING] Skipping meeting_id=91274663910 — no Salesforce match
2026-04-27 18:45:40,653 [INFO] Processing meeting.started for meeting_id=91213400875
2026-04-27 18:45:40,919 [INFO] Found doc_id=1F65AViFetJ8n5rB0KZvJcoFKy0XEk9DkN2xry5ZEugk for meeting_id=91213400875
2026-04-27 18:45:41,353 [INFO] Watch registered doc_id=1F65AViFetJ8n5rB0KZvJcoFKy0XEk9DkN2xry5ZEugk meeting_id=91213400875
2026-04-27 18:45:55,009 [INFO] Temp S3 state created: s3://zoom-automation-bucket/temp/live-doc-history/2026/Month-4/2026-04-27/91213400875/
2026-04-27 18:45:55,011 [INFO] Successfully initialized doc tracking meeting_id=91213400875
2026-04-27 18:47:21,407 [INFO] Processing meeting.started for meeting_id=99107409925
2026-04-27 18:47:21,528 [INFO] Found doc_id=1zEl9AyakVfXAAAC7WIYIpfEbvV0lLafwyITQe6Y-sD4 for meeting_id=99107409925
2026-04-27 18:47:21,950 [INFO] Watch registered doc_id=1zEl9AyakVfXAAAC7WIYIpfEbvV0lLafwyITQe6Y-sD4 meeting_id=99107409925
2026-04-27 18:47:31,915 [INFO] Temp S3 state created: s3://zoom-automation-bucket/temp/live-doc-history/2026/Month-4/2026-04-27/99107409925/
2026-04-27 18:47:31,917 [INFO] Successfully initialized doc tracking meeting_id=99107409925
2026-04-27 18:49:11,306 [INFO] Processing meeting.started for meeting_id=95663471161
2026-04-27 18:49:11,490 [INFO] Found doc_id=1rm-WMPadBiQCla0D0eV-ooMt-SVydsNAKjH4i9UGIeI for meeting_id=95663471161
2026-04-27 18:49:11,884 [INFO] Watch registered doc_id=1rm-WMPadBiQCla0D0eV-ooMt-SVydsNAKjH4i9UGIeI meeting_id=95663471161
2026-04-27 18:49:22,077 [INFO] Temp S3 state created: s3://zoom-automation-bucket/temp/live-doc-history/2026/Month-4/2026-04-27/95663471161/
2026-04-27 18:49:22,080 [INFO] Successfully initialized doc tracking meeting_id=95663471161
2026-04-27 18:49:36,721 [INFO] Processing meeting.started for meeting_id=99759835589
2026-04-27 18:49:36,853 [INFO] Found doc_id=14zt1tyP5wxaL9pEqVFQhe4trUtKiBz3tF-duUxRq2ro for meeting_id=99759835589
2026-04-27 18:49:37,266 [INFO] Watch registered doc_id=14zt1tyP5wxaL9pEqVFQhe4trUtKiBz3tF-duUxRq2ro meeting_id=99759835589
2026-04-27 18:49:49,315 [INFO] Temp S3 state created: s3://zoom-automation-bucket/temp/live-doc-history/2026/Month-4/2026-04-27/99759835589/
2026-04-27 18:49:49,318 [INFO] Successfully initialized doc tracking meeting_id=99759835589
2026-04-27 18:49:49,375 [INFO] Processing meeting.started for meeting_id=96146730458
2026-04-27 18:49:49,832 [INFO] Found doc_id=1DQN6UoLKmiUU9lLLuXJPFuGaJIUUz6tgF9ODQqkwabw for meeting_id=96146730458
2026-04-27 18:49:50,173 [INFO] Watch registered doc_id=1DQN6UoLKmiUU9lLLuXJPFuGaJIUUz6tgF9ODQqkwabw meeting_id=96146730458
2026-04-27 18:50:02,114 [INFO] Temp S3 state created: s3://zoom-automation-bucket/temp/live-doc-history/2026/Month-4/2026-04-27/96146730458/
2026-04-27 18:50:02,117 [INFO] Successfully initialized doc tracking meeting_id=96146730458
2026-04-27 18:51:15,283 [INFO] Processing meeting.started for meeting_id=91063874649
2026-04-27 18:51:15,413 [WARNING] No Salesforce record for meeting_id=91063874649
2026-04-27 18:51:15,413 [WARNING] Skipping meeting_id=91063874649 — no Salesforce match
2026-04-27 18:51:36,219 [INFO] Processing meeting.started for meeting_id=91889636991
2026-04-27 18:51:36,365 [INFO] Found doc_id=1HZXFX1IkPhHs94h92itP4Pgtl7Bj00npUAUm8Cs8m1w for meeting_id=91889636991
2026-04-27 18:51:36,743 [INFO] Watch registered doc_id=1HZXFX1IkPhHs94h92itP4Pgtl7Bj00npUAUm8Cs8m1w meeting_id=91889636991
2026-04-27 18:51:48,179 [INFO] Temp S3 state created: s3://zoom-automation-bucket/temp/live-doc-history/2026/Month-4/2026-04-27/91889636991/
2026-04-27 18:51:48,181 [INFO] Successfully initialized doc tracking meeting_id=91889636991
2026-04-27 18:52:07,399 [INFO] Processing meeting.started for meeting_id=93503585826
2026-04-27 18:52:07,545 [INFO] Found doc_id=1N2Cr3hnSp9nizb34iRybbYwbTqdNnSpeXV6nv5tfsPk for meeting_id=93503585826
2026-04-27 18:52:07,973 [INFO] Watch registered doc_id=1N2Cr3hnSp9nizb34iRybbYwbTqdNnSpeXV6nv5tfsPk meeting_id=93503585826
2026-04-27 18:52:18,261 [INFO] Temp S3 state created: s3://zoom-automation-bucket/temp/live-doc-history/2026/Month-4/2026-04-27/93503585826/
2026-04-27 18:52:18,263 [INFO] Successfully initialized doc tracking meeting_id=93503585826
2026-04-27 18:52:31,164 [INFO] Processing meeting.started for meeting_id=94653986636
2026-04-27 18:52:31,305 [INFO] Found doc_id=1YkvtthK6m1F7Ean90IsTzQdM4TNSAO0EkvM_Udyh5NQ for meeting_id=94653986636
2026-04-27 18:52:31,639 [INFO] Watch registered doc_id=1YkvtthK6m1F7Ean90IsTzQdM4TNSAO0EkvM_Udyh5NQ meeting_id=94653986636
2026-04-27 18:52:41,909 [INFO] Temp S3 state created: s3://zoom-automation-bucket/temp/live-doc-history/2026/Month-4/2026-04-27/94653986636/
2026-04-27 18:52:41,911 [INFO] Successfully initialized doc tracking meeting_id=94653986636
2026-04-27 18:52:59,205 [INFO] Processing meeting.started for meeting_id=93665230822
2026-04-27 18:52:59,354 [WARNING] No Salesforce record for meeting_id=93665230822
2026-04-27 18:52:59,355 [WARNING] Skipping meeting_id=93665230822 — no Salesforce match
2026-04-27 18:55:03,157 [INFO] Processing meeting.started for meeting_id=97667590156
2026-04-27 18:55:03,316 [INFO] Found doc_id=1VyZQb4qJY2oZ-xcN7Af7VCQPybQ2m5fLS7PNX4etjiI for meeting_id=97667590156
2026-04-27 18:55:03,707 [INFO] Watch registered doc_id=1VyZQb4qJY2oZ-xcN7Af7VCQPybQ2m5fLS7PNX4etjiI meeting_id=97667590156
2026-04-27 18:55:16,963 [INFO] Temp S3 state created: s3://zoom-automation-bucket/temp/live-doc-history/2026/Month-4/2026-04-27/97667590156/
2026-04-27 18:55:16,966 [INFO] Successfully initialized doc tracking meeting_id=97667590156
2026-04-27 18:55:17,025 [INFO] Processing meeting.started for meeting_id=99658436613
2026-04-27 18:55:17,149 [INFO] Found doc_id=1C_muFDh7FHJ-ndyudEVSUAgspPNfnDU0UF4yXHlZrlM for meeting_id=99658436613
2026-04-27 18:55:17,525 [INFO] Watch registered doc_id=1C_muFDh7FHJ-ndyudEVSUAgspPNfnDU0UF4yXHlZrlM meeting_id=99658436613
2026-04-27 18:55:30,580 [INFO] Temp S3 state created: s3://zoom-automation-bucket/temp/live-doc-history/2026/Month-4/2026-04-27/99658436613/
2026-04-27 18:55:30,582 [INFO] Successfully initialized doc tracking meeting_id=99658436613
2026-04-27 18:55:31,455 [INFO] Processing meeting.started for meeting_id=95563216968
2026-04-27 18:55:31,616 [INFO] Found doc_id=1KpwN6rTIuPtkNvQnxnUjotKfMLWsnubtu_CFMbWfH80 for meeting_id=95563216968
2026-04-27 18:55:31,991 [INFO] Watch registered doc_id=1KpwN6rTIuPtkNvQnxnUjotKfMLWsnubtu_CFMbWfH80 meeting_id=95563216968
2026-04-27 18:55:46,738 [INFO] Temp S3 state created: s3://zoom-automation-bucket/temp/live-doc-history/2026/Month-4/2026-04-27/95563216968/
2026-04-27 18:55:46,740 [INFO] Successfully initialized doc tracking meeting_id=95563216968
2026-04-27 18:56:59,090 [INFO] Processing meeting.started for meeting_id=92656756227
2026-04-27 18:56:59,318 [WARNING] No Salesforce record for meeting_id=92656756227
2026-04-27 18:56:59,319 [WARNING] Skipping meeting_id=92656756227 — no Salesforce match
2026-04-27 19:05:16,861 [INFO] Processing meeting.started for meeting_id=94055542434
2026-04-27 19:05:17,015 [WARNING] No Salesforce record for meeting_id=94055542434
2026-04-27 19:05:17,015 [WARNING] Skipping meeting_id=94055542434 — no Salesforce match
2026-04-27 19:10:53,794 [INFO] Processing meeting.started for meeting_id=96669643270
2026-04-27 19:10:54,499 [WARNING] No Salesforce record for meeting_id=96669643270
2026-04-27 19:10:54,500 [WARNING] Skipping meeting_id=96669643270 — no Salesforce match
2026-04-27 19:18:31,744 [INFO] Processing meeting.started for meeting_id=93258584287
2026-04-27 19:18:32,346 [WARNING] No Salesforce record for meeting_id=93258584287
2026-04-27 19:18:32,346 [WARNING] Skipping meeting_id=93258584287 — no Salesforce match
2026-04-27 19:18:49,524 [INFO] Processing meeting.started for meeting_id=96668949659
2026-04-27 19:18:49,678 [INFO] Found doc_id=1TLUqqJgECT5SXSKUcjaOVc2v5qRVcDd8_hm3OKqQxdM for meeting_id=96668949659
2026-04-27 19:18:50,124 [INFO] Watch registered doc_id=1TLUqqJgECT5SXSKUcjaOVc2v5qRVcDd8_hm3OKqQxdM meeting_id=96668949659
2026-04-27 19:19:02,758 [INFO] Temp S3 state created: s3://zoom-automation-bucket/temp/live-doc-history/2026/Month-4/2026-04-27/96668949659/
2026-04-27 19:19:02,761 [INFO] Successfully initialized doc tracking meeting_id=96668949659
2026-04-27 19:19:02,838 [INFO] Processing meeting.started for meeting_id=99682138757
2026-04-27 19:19:03,069 [WARNING] No Salesforce record for meeting_id=99682138757
2026-04-27 19:19:03,069 [WARNING] Skipping meeting_id=99682138757 — no Salesforce match
2026-04-27 19:22:06,358 [INFO] Processing meeting.started for meeting_id=92656756227
2026-04-27 19:22:06,724 [WARNING] No Salesforce record for meeting_id=92656756227
2026-04-27 19:22:06,724 [WARNING] Skipping meeting_id=92656756227 — no Salesforce match
2026-04-27 19:22:07,355 [INFO] Processing meeting.started for meeting_id=94858871630
2026-04-27 19:22:07,544 [INFO] Found doc_id=1ytjzfiubZOMN1BfCVCZNHJHJ2KN5SAD47K2tOYMf4ec for meeting_id=94858871630
2026-04-27 19:22:07,869 [INFO] Watch registered doc_id=1ytjzfiubZOMN1BfCVCZNHJHJ2KN5SAD47K2tOYMf4ec meeting_id=94858871630
2026-04-27 19:22:18,095 [INFO] Temp S3 state created: s3://zoom-automation-bucket/temp/live-doc-history/2026/Month-4/2026-04-27/94858871630/
2026-04-27 19:22:18,097 [INFO] Successfully initialized doc tracking meeting_id=94858871630
2026-04-27 19:24:51,531 [INFO] Processing meeting.started for meeting_id=92256042865
2026-04-27 19:24:52,253 [WARNING] No Salesforce record for meeting_id=92256042865
2026-04-27 19:24:52,253 [WARNING] Skipping meeting_id=92256042865 — no Salesforce match
2026-04-27 19:25:08,277 [INFO] Processing meeting.started for meeting_id=92540081353
2026-04-27 19:25:08,388 [INFO] Found doc_id=193cx_ZqYIirr1WeGtdgIHKM3GBZKYjmaI3SEWFwThnQ for meeting_id=92540081353
2026-04-27 19:25:08,797 [INFO] Watch registered doc_id=193cx_ZqYIirr1WeGtdgIHKM3GBZKYjmaI3SEWFwThnQ meeting_id=92540081353
2026-04-27 19:25:19,033 [INFO] Temp S3 state created: s3://zoom-automation-bucket/temp/live-doc-history/2026/Month-4/2026-04-27/92540081353/
2026-04-27 19:25:19,036 [INFO] Successfully initialized doc tracking meeting_id=92540081353
2026-04-27 19:25:25,684 [INFO] Processing meeting.started for meeting_id=94766687943
2026-04-27 19:25:25,827 [INFO] Found doc_id=1tqNde2cLvm3QgzM8kSoUH-_aDDek9R5hmnGdzijfdjE for meeting_id=94766687943
2026-04-27 19:25:26,230 [INFO] Watch registered doc_id=1tqNde2cLvm3QgzM8kSoUH-_aDDek9R5hmnGdzijfdjE meeting_id=94766687943
2026-04-27 19:25:36,715 [INFO] Temp S3 state created: s3://zoom-automation-bucket/temp/live-doc-history/2026/Month-4/2026-04-27/94766687943/
2026-04-27 19:25:36,717 [INFO] Successfully initialized doc tracking meeting_id=94766687943
2026-04-27 19:28:05,284 [INFO] Processing meeting.started for meeting_id=92316137806
2026-04-27 19:28:05,472 [INFO] Found doc_id=1rSK2gAMabdTozCXdmmmnQdXcVY3Fl58cHFHm-axgDtU for meeting_id=92316137806
2026-04-27 19:28:05,990 [INFO] Watch registered doc_id=1rSK2gAMabdTozCXdmmmnQdXcVY3Fl58cHFHm-axgDtU meeting_id=92316137806
2026-04-27 19:28:19,696 [INFO] Temp S3 state created: s3://zoom-automation-bucket/temp/live-doc-history/2026/Month-4/2026-04-27/92316137806/
2026-04-27 19:28:19,699 [INFO] Successfully initialized doc tracking meeting_id=92316137806
2026-04-27 19:28:58,029 [INFO] Processing meeting.started for meeting_id=99284838620
2026-04-27 19:28:58,225 [INFO] Found doc_id=1kZXXQUthmHpP-4gznNZ8DFvRjwK26-oiZRHFWvNU0tk for meeting_id=99284838620
2026-04-27 19:28:58,704 [INFO] Watch registered doc_id=1kZXXQUthmHpP-4gznNZ8DFvRjwK26-oiZRHFWvNU0tk meeting_id=99284838620
2026-04-27 19:29:10,985 [INFO] Temp S3 state created: s3://zoom-automation-bucket/temp/live-doc-history/2026/Month-4/2026-04-27/99284838620/
2026-04-27 19:29:10,988 [INFO] Successfully initialized doc tracking meeting_id=99284838620
2026-04-27 19:35:17,037 [INFO] Processing meeting.started for meeting_id=98618064842
2026-04-27 19:35:17,256 [WARNING] No Salesforce record for meeting_id=98618064842
2026-04-27 19:35:17,256 [WARNING] Skipping meeting_id=98618064842 — no Salesforce match
2026-04-27 19:38:02,987 [INFO] Processing meeting.started for meeting_id=91352654103
2026-04-27 19:38:03,120 [WARNING] No Salesforce record for meeting_id=91352654103
2026-04-27 19:38:03,120 [WARNING] Skipping meeting_id=91352654103 — no Salesforce match
2026-04-27 19:39:22,911 [INFO] Processing meeting.started for meeting_id=92299673933
2026-04-27 19:39:23,037 [INFO] Found doc_id=10DP6bcucqql9bTc0VMIG1-FOThB6VrZgl1YD0hXakvg for meeting_id=92299673933
2026-04-27 19:39:23,589 [INFO] Watch registered doc_id=10DP6bcucqql9bTc0VMIG1-FOThB6VrZgl1YD0hXakvg meeting_id=92299673933
2026-04-27 19:39:35,595 [INFO] Temp S3 state created: s3://zoom-automation-bucket/temp/live-doc-history/2026/Month-4/2026-04-27/92299673933/
2026-04-27 19:39:35,598 [INFO] Successfully initialized doc tracking meeting_id=92299673933
2026-04-27 19:42:22,291 [INFO] Processing meeting.started for meeting_id=92656756227
2026-04-27 19:42:22,393 [WARNING] No Salesforce record for meeting_id=92656756227
2026-04-27 19:42:22,393 [WARNING] Skipping meeting_id=92656756227 — no Salesforce match
2026-04-27 19:49:01,576 [INFO] Processing meeting.started for meeting_id=96763307800
2026-04-27 19:49:02,245 [INFO] Found doc_id=1VrtTSMGKAvUZ38rNcLetQOYxRWVikc_Ip157gT0nvvg for meeting_id=96763307800
2026-04-27 19:49:02,693 [INFO] Watch registered doc_id=1VrtTSMGKAvUZ38rNcLetQOYxRWVikc_Ip157gT0nvvg meeting_id=96763307800
2026-04-27 19:49:16,531 [INFO] Temp S3 state created: s3://zoom-automation-bucket/temp/live-doc-history/2026/Month-4/2026-04-27/96763307800/
2026-04-27 19:49:16,534 [INFO] Successfully initialized doc tracking meeting_id=96763307800
2026-04-27 19:50:51,746 [INFO] Processing meeting.started for meeting_id=96763307800
2026-04-27 19:50:51,847 [INFO] Found doc_id=1VrtTSMGKAvUZ38rNcLetQOYxRWVikc_Ip157gT0nvvg for meeting_id=96763307800
2026-04-27 19:50:52,194 [INFO] Watch registered doc_id=1VrtTSMGKAvUZ38rNcLetQOYxRWVikc_Ip157gT0nvvg meeting_id=96763307800
2026-04-27 19:51:05,673 [INFO] Temp S3 state created: s3://zoom-automation-bucket/temp/live-doc-history/2026/Month-4/2026-04-27/96763307800/
2026-04-27 19:51:05,676 [INFO] Successfully initialized doc tracking meeting_id=96763307800
2026-04-27 19:52:01,892 [INFO] Processing meeting.started for meeting_id=98192404060
2026-04-27 19:52:02,013 [INFO] Found doc_id=1jmnYV2O6cdfLg4qaLXdrdL6hpL0xOeEZ3tik1LAvCZE for meeting_id=98192404060
2026-04-27 19:52:02,387 [INFO] Watch registered doc_id=1jmnYV2O6cdfLg4qaLXdrdL6hpL0xOeEZ3tik1LAvCZE meeting_id=98192404060
2026-04-27 19:52:12,370 [INFO] Temp S3 state created: s3://zoom-automation-bucket/temp/live-doc-history/2026/Month-4/2026-04-27/98192404060/
2026-04-27 19:52:12,372 [INFO] Successfully initialized doc tracking meeting_id=98192404060
2026-04-27 19:53:05,303 [INFO] Processing meeting.started for meeting_id=98379617335
2026-04-27 19:53:05,413 [INFO] Found doc_id=1nrezWRX3wFiI_EGyBBa6t-85TCKImusjyfYYlKCv7o8 for meeting_id=98379617335
2026-04-27 19:53:05,798 [INFO] Watch registered doc_id=1nrezWRX3wFiI_EGyBBa6t-85TCKImusjyfYYlKCv7o8 meeting_id=98379617335
2026-04-27 19:53:16,505 [INFO] Temp S3 state created: s3://zoom-automation-bucket/temp/live-doc-history/2026/Month-4/2026-04-27/98379617335/
2026-04-27 19:53:16,507 [INFO] Successfully initialized doc tracking meeting_id=98379617335
2026-04-27 19:54:00,196 [INFO] Processing meeting.started for meeting_id=92299673933
2026-04-27 19:54:00,312 [INFO] Found doc_id=10DP6bcucqql9bTc0VMIG1-FOThB6VrZgl1YD0hXakvg for meeting_id=92299673933
2026-04-27 19:54:00,685 [INFO] Watch registered doc_id=10DP6bcucqql9bTc0VMIG1-FOThB6VrZgl1YD0hXakvg meeting_id=92299673933
2026-04-27 19:54:11,137 [INFO] Temp S3 state created: s3://zoom-automation-bucket/temp/live-doc-history/2026/Month-4/2026-04-27/92299673933/
2026-04-27 19:54:11,140 [INFO] Successfully initialized doc tracking meeting_id=92299673933
2026-04-27 19:54:42,084 [INFO] Processing meeting.started for meeting_id=95716408669
2026-04-27 19:54:42,284 [WARNING] No Salesforce record for meeting_id=95716408669
2026-04-27 19:54:42,284 [WARNING] Skipping meeting_id=95716408669 — no Salesforce match
2026-04-27 19:54:46,474 [INFO] Processing meeting.started for meeting_id=98086443987
2026-04-27 19:54:46,595 [INFO] Found doc_id=1c3NqVdD1Sbiubbe1p-Fhn_7vcBGyLGcINH08Ma3McD0 for meeting_id=98086443987
2026-04-27 19:54:46,938 [INFO] Watch registered doc_id=1c3NqVdD1Sbiubbe1p-Fhn_7vcBGyLGcINH08Ma3McD0 meeting_id=98086443987
2026-04-27 19:54:57,804 [INFO] Temp S3 state created: s3://zoom-automation-bucket/temp/live-doc-history/2026/Month-4/2026-04-27/98086443987/
2026-04-27 19:54:57,807 [INFO] Successfully initialized doc tracking meeting_id=98086443987
2026-04-27 19:54:57,858 [INFO] Processing meeting.started for meeting_id=97148973180
2026-04-27 19:54:57,982 [INFO] Found doc_id=1CglzwF5eeKzEx88S8KkMg_0RbXnGPHd0n--Pat6IGUk for meeting_id=97148973180
2026-04-27 19:54:58,350 [INFO] Watch registered doc_id=1CglzwF5eeKzEx88S8KkMg_0RbXnGPHd0n--Pat6IGUk meeting_id=97148973180
2026-04-27 19:55:09,471 [INFO] Temp S3 state created: s3://zoom-automation-bucket/temp/live-doc-history/2026/Month-4/2026-04-27/97148973180/
2026-04-27 19:55:09,474 [INFO] Successfully initialized doc tracking meeting_id=97148973180
2026-04-27 19:55:09,511 [INFO] Processing meeting.started for meeting_id=98443784679
2026-04-27 19:55:09,621 [INFO] Found doc_id=1WmfYnrKZMsetMq_P4ESsRGYIDMa1lqpN-34ACW9cVTs for meeting_id=98443784679
2026-04-27 19:55:09,988 [INFO] Watch registered doc_id=1WmfYnrKZMsetMq_P4ESsRGYIDMa1lqpN-34ACW9cVTs meeting_id=98443784679
2026-04-27 19:55:22,010 [INFO] Temp S3 state created: s3://zoom-automation-bucket/temp/live-doc-history/2026/Month-4/2026-04-27/98443784679/
2026-04-27 19:55:22,013 [INFO] Successfully initialized doc tracking meeting_id=98443784679
2026-04-27 20:00:54,366 [INFO] Processing meeting.started for meeting_id=93580846773
2026-04-27 20:00:54,509 [WARNING] No Salesforce record for meeting_id=93580846773
2026-04-27 20:00:54,509 [WARNING] Skipping meeting_id=93580846773 — no Salesforce match
2026-04-27 20:02:34,547 [INFO] Processing meeting.started for meeting_id=92656756227
2026-04-27 20:02:34,736 [WARNING] No Salesforce record for meeting_id=92656756227
2026-04-27 20:02:34,736 [WARNING] Skipping meeting_id=92656756227 — no Salesforce match
2026-04-27 20:03:06,138 [INFO] Processing meeting.started for meeting_id=99682138757
2026-04-27 20:03:06,242 [WARNING] No Salesforce record for meeting_id=99682138757
2026-04-27 20:03:06,243 [WARNING] Skipping meeting_id=99682138757 — no Salesforce match
2026-04-27 20:03:56,617 [INFO] Processing meeting.started for meeting_id=94145690671
2026-04-27 20:03:56,752 [INFO] Found doc_id=1hdxEerPW6nYLEJmyNGqGZMWNWodHFvgP3bNa5uQI0wY for meeting_id=94145690671
2026-04-27 20:03:57,221 [INFO] Watch registered doc_id=1hdxEerPW6nYLEJmyNGqGZMWNWodHFvgP3bNa5uQI0wY meeting_id=94145690671
2026-04-27 20:04:08,561 [INFO] Temp S3 state created: s3://zoom-automation-bucket/temp/live-doc-history/2026/Month-4/2026-04-27/94145690671/
2026-04-27 20:04:08,564 [INFO] Successfully initialized doc tracking meeting_id=94145690671
2026-04-27 20:04:08,608 [INFO] Processing meeting.started for meeting_id=93235619225
2026-04-27 20:04:08,771 [WARNING] No Salesforce record for meeting_id=93235619225
2026-04-27 20:04:08,772 [WARNING] Skipping meeting_id=93235619225 — no Salesforce match
2026-04-27 20:04:57,329 [INFO] Processing meeting.started for meeting_id=99852005319
2026-04-27 20:04:57,453 [WARNING] No Salesforce record for meeting_id=99852005319
2026-04-27 20:04:57,453 [WARNING] Skipping meeting_id=99852005319 — no Salesforce match
2026-04-27 20:15:31,066 [INFO] Processing meeting.started for meeting_id=92299673933
2026-04-27 20:15:31,230 [INFO] Found doc_id=10DP6bcucqql9bTc0VMIG1-FOThB6VrZgl1YD0hXakvg for meeting_id=92299673933
2026-04-27 20:15:31,724 [INFO] Watch registered doc_id=10DP6bcucqql9bTc0VMIG1-FOThB6VrZgl1YD0hXakvg meeting_id=92299673933
2026-04-27 20:15:47,622 [INFO] Temp S3 state created: s3://zoom-automation-bucket/temp/live-doc-history/2026/Month-4/2026-04-27/92299673933/
2026-04-27 20:15:47,624 [INFO] Successfully initialized doc tracking meeting_id=92299673933
2026-04-27 20:16:36,000 [INFO] Processing meeting.started for meeting_id=97424650070
2026-04-27 20:16:36,119 [INFO] Found doc_id=1FpvodzU7xbIhl2-PMd26RaESEKySum9U413ayb5umKs for meeting_id=97424650070
2026-04-27 20:16:36,679 [INFO] Watch registered doc_id=1FpvodzU7xbIhl2-PMd26RaESEKySum9U413ayb5umKs meeting_id=97424650070
2026-04-27 20:16:46,742 [INFO] Temp S3 state created: s3://zoom-automation-bucket/temp/live-doc-history/2026/Month-4/2026-04-27/97424650070/
2026-04-27 20:16:46,745 [INFO] Successfully initialized doc tracking meeting_id=97424650070
2026-04-27 20:18:11,502 [INFO] Processing meeting.started for meeting_id=99248559793
2026-04-27 20:18:11,647 [WARNING] No Salesforce record for meeting_id=99248559793
2026-04-27 20:18:11,647 [WARNING] Skipping meeting_id=99248559793 — no Salesforce match
2026-04-27 20:19:32,445 [INFO] Processing meeting.started for meeting_id=99683263023
2026-04-27 20:19:32,675 [WARNING] No Salesforce record for meeting_id=99683263023
2026-04-27 20:19:32,675 [WARNING] Skipping meeting_id=99683263023 — no Salesforce match
2026-04-27 20:19:50,726 [INFO] Processing meeting.started for meeting_id=97694056621
2026-04-27 20:19:50,842 [INFO] Found doc_id=1obAb1TU5EiGF6KUaYvoCNwqXFiYe84VRVpDTBxMQ5sg for meeting_id=97694056621
2026-04-27 20:19:51,380 [INFO] Watch registered doc_id=1obAb1TU5EiGF6KUaYvoCNwqXFiYe84VRVpDTBxMQ5sg meeting_id=97694056621
2026-04-27 20:20:02,098 [INFO] Temp S3 state created: s3://zoom-automation-bucket/temp/live-doc-history/2026/Month-4/2026-04-27/97694056621/
2026-04-27 20:20:02,101 [INFO] Successfully initialized doc tracking meeting_id=97694056621
2026-04-27 20:22:44,664 [INFO] Processing meeting.started for meeting_id=99523404367
2026-04-27 20:22:45,072 [INFO] Found doc_id=1GpV5meQBw72BYiknQabV0ICh-mV3IkhSB-jiZ6dS2YA for meeting_id=99523404367
2026-04-27 20:22:45,660 [INFO] Watch registered doc_id=1GpV5meQBw72BYiknQabV0ICh-mV3IkhSB-jiZ6dS2YA meeting_id=99523404367
2026-04-27 20:22:58,607 [INFO] Temp S3 state created: s3://zoom-automation-bucket/temp/live-doc-history/2026/Month-4/2026-04-27/99523404367/
2026-04-27 20:22:58,610 [INFO] Successfully initialized doc tracking meeting_id=99523404367
2026-04-27 20:23:32,577 [INFO] Processing meeting.started for meeting_id=98251548710
2026-04-27 20:23:32,690 [INFO] Found doc_id=1ErHcLJ9280-ZqOSp7DIAsYCu1t8uSlQZvHMU6eltkBc for meeting_id=98251548710
2026-04-27 20:23:33,152 [INFO] Watch registered doc_id=1ErHcLJ9280-ZqOSp7DIAsYCu1t8uSlQZvHMU6eltkBc meeting_id=98251548710
2026-04-27 20:23:45,497 [INFO] Temp S3 state created: s3://zoom-automation-bucket/temp/live-doc-history/2026/Month-4/2026-04-27/98251548710/
2026-04-27 20:23:45,501 [INFO] Successfully initialized doc tracking meeting_id=98251548710
2026-04-27 20:25:18,722 [INFO] Processing meeting.started for meeting_id=94704490333
2026-04-27 20:25:18,824 [WARNING] No Salesforce record for meeting_id=94704490333
2026-04-27 20:25:18,825 [WARNING] Skipping meeting_id=94704490333 — no Salesforce match
2026-04-27 20:30:49,700 [INFO] Processing meeting.started for meeting_id=92993557875
2026-04-27 20:30:49,895 [WARNING] No Salesforce record for meeting_id=92993557875
2026-04-27 20:30:49,895 [WARNING] Skipping meeting_id=92993557875 — no Salesforce match
2026-04-27 20:31:55,103 [INFO] Processing meeting.started for meeting_id=99182185996
2026-04-27 20:31:55,389 [WARNING] No Salesforce record for meeting_id=99182185996
2026-04-27 20:31:55,389 [WARNING] Skipping meeting_id=99182185996 — no Salesforce match
2026-04-27 20:33:34,557 [INFO] Processing meeting.started for meeting_id=99391473089
2026-04-27 20:33:34,717 [WARNING] No Salesforce record for meeting_id=99391473089
2026-04-27 20:33:34,717 [WARNING] Skipping meeting_id=99391473089 — no Salesforce match
2026-04-27 20:33:55,067 [INFO] Processing meeting.started for meeting_id=92576097516
2026-04-27 20:33:55,212 [WARNING] No Salesforce record for meeting_id=92576097516
2026-04-27 20:33:55,213 [WARNING] Skipping meeting_id=92576097516 — no Salesforce match
2026-04-27 20:39:06,155 [INFO] Processing meeting.started for meeting_id=96851055032
2026-04-27 20:39:06,362 [WARNING] No Salesforce record for meeting_id=96851055032
2026-04-27 20:39:06,363 [WARNING] Skipping meeting_id=96851055032 — no Salesforce match
2026-04-27 20:41:32,222 [INFO] Processing meeting.started for meeting_id=91274663910
2026-04-27 20:41:32,366 [WARNING] No Salesforce record for meeting_id=91274663910
2026-04-27 20:41:32,366 [WARNING] Skipping meeting_id=91274663910 — no Salesforce match
2026-04-27 20:42:30,045 [INFO] Processing meeting.started for meeting_id=98618064842
2026-04-27 20:42:30,173 [WARNING] No Salesforce record for meeting_id=98618064842
2026-04-27 20:42:30,173 [WARNING] Skipping meeting_id=98618064842 — no Salesforce match
2026-04-27 20:46:34,267 [INFO] Processing meeting.started for meeting_id=97773644177
2026-04-27 20:46:34,473 [INFO] Found doc_id=1pd5zdB7SnsPfK335wrDnKc-p7HJK3iB9GhLwEDaGNRg for meeting_id=97773644177
2026-04-27 20:46:34,985 [INFO] Watch registered doc_id=1pd5zdB7SnsPfK335wrDnKc-p7HJK3iB9GhLwEDaGNRg meeting_id=97773644177
2026-04-27 20:46:46,379 [INFO] Temp S3 state created: s3://zoom-automation-bucket/temp/live-doc-history/2026/Month-4/2026-04-27/97773644177/
2026-04-27 20:46:46,382 [INFO] Successfully initialized doc tracking meeting_id=97773644177
2026-04-27 20:46:46,444 [INFO] Processing meeting.started for meeting_id=94499140941
2026-04-27 20:46:46,569 [INFO] Found doc_id=1PKTWqWUnqLzX9N8qLjlpvwQ-MfxMcD9o7KrxaMMupZM for meeting_id=94499140941
2026-04-27 20:46:47,032 [INFO] Watch registered doc_id=1PKTWqWUnqLzX9N8qLjlpvwQ-MfxMcD9o7KrxaMMupZM meeting_id=94499140941
2026-04-27 20:46:58,420 [INFO] Temp S3 state created: s3://zoom-automation-bucket/temp/live-doc-history/2026/Month-4/2026-04-27/94499140941/
2026-04-27 20:46:58,423 [INFO] Successfully initialized doc tracking meeting_id=94499140941
2026-04-27 20:49:50,636 [INFO] Processing meeting.started for meeting_id=93665924361
2026-04-27 20:49:50,758 [WARNING] No Google_Docs_ID__c for meeting_id=93665924361
2026-04-27 20:53:42,215 [INFO] Processing meeting.started for meeting_id=92914783586
2026-04-27 20:53:42,471 [INFO] Found doc_id=1DgzoWp5m0WPLcxWdaSui1jo4ZCa3SooJ82eghj2AwPk for meeting_id=92914783586
2026-04-27 20:53:42,919 [INFO] Watch registered doc_id=1DgzoWp5m0WPLcxWdaSui1jo4ZCa3SooJ82eghj2AwPk meeting_id=92914783586
2026-04-27 20:53:55,040 [INFO] Temp S3 state created: s3://zoom-automation-bucket/temp/live-doc-history/2026/Month-4/2026-04-27/92914783586/
2026-04-27 20:53:55,047 [INFO] Successfully initialized doc tracking meeting_id=92914783586
2026-04-27 20:54:17,587 [INFO] Processing meeting.started for meeting_id=94366184566
2026-04-27 20:54:17,856 [INFO] Found doc_id=1RuRmSY9BP9uEO0Qh752bzX6nSzDZo2S5vDuOx6kb9Y8 for meeting_id=94366184566
2026-04-27 20:54:18,285 [INFO] Watch registered doc_id=1RuRmSY9BP9uEO0Qh752bzX6nSzDZo2S5vDuOx6kb9Y8 meeting_id=94366184566
2026-04-27 20:54:33,229 [INFO] Temp S3 state created: s3://zoom-automation-bucket/temp/live-doc-history/2026/Month-4/2026-04-27/94366184566/
2026-04-27 20:54:33,231 [INFO] Successfully initialized doc tracking meeting_id=94366184566
2026-04-27 20:56:00,570 [INFO] Found credentials from IAM Role: transcript-ec2-role
2026-04-27 20:56:00,706 [INFO] meeting_start_worker starting...
2026-04-27 21:04:13,687 [INFO] Processing meeting.started for meeting_id=97152900563
2026-04-27 21:04:14,500 [WARNING] No Salesforce record for meeting_id=97152900563
2026-04-27 21:04:14,500 [WARNING] Skipping meeting_id=97152900563 — no Salesforce match
2026-04-27 21:10:52,080 [INFO] Processing meeting.started for meeting_id=95157198972
2026-04-27 21:10:52,252 [WARNING] No Salesforce record for meeting_id=95157198972
2026-04-27 21:10:52,252 [WARNING] Skipping meeting_id=95157198972 — no Salesforce match
2026-04-27 21:14:13,573 [INFO] Processing meeting.started for meeting_id=91989507337
2026-04-27 21:14:13,682 [INFO] Found doc_id=1pltnLBnrzUEOTeAKfDdYc8vxQwD-0FIJr7iLNZPCZaE for meeting_id=91989507337
2026-04-27 21:14:14,321 [INFO] Watch registered doc_id=1pltnLBnrzUEOTeAKfDdYc8vxQwD-0FIJr7iLNZPCZaE meeting_id=91989507337
2026-04-27 21:14:28,329 [INFO] Temp S3 state created: s3://zoom-automation-bucket/temp/live-doc-history/2026/Month-4/2026-04-27/91989507337/
2026-04-27 21:14:28,332 [INFO] Successfully initialized doc tracking meeting_id=91989507337
2026-04-27 21:15:00,030 [INFO] Processing meeting.started for meeting_id=91989507337
2026-04-27 21:15:00,131 [INFO] Found doc_id=1pltnLBnrzUEOTeAKfDdYc8vxQwD-0FIJr7iLNZPCZaE for meeting_id=91989507337
2026-04-27 21:15:00,616 [INFO] Watch registered doc_id=1pltnLBnrzUEOTeAKfDdYc8vxQwD-0FIJr7iLNZPCZaE meeting_id=91989507337
2026-04-27 21:15:11,104 [INFO] Temp S3 state created: s3://zoom-automation-bucket/temp/live-doc-history/2026/Month-4/2026-04-27/91989507337/
2026-04-27 21:15:11,108 [INFO] Successfully initialized doc tracking meeting_id=91989507337
2026-04-27 21:18:27,068 [INFO] Processing meeting.started for meeting_id=96176668082
2026-04-27 21:18:27,192 [WARNING] No Google_Docs_ID__c for meeting_id=96176668082
2026-04-27 21:21:28,152 [INFO] Processing meeting.started for meeting_id=94198697718
2026-04-27 21:21:28,871 [INFO] Found doc_id=1nAocYzBbLGcGPwpL3XPg8a40Wk6K15GUfjKHDKMGsU4 for meeting_id=94198697718
2026-04-27 21:21:29,527 [INFO] Watch registered doc_id=1nAocYzBbLGcGPwpL3XPg8a40Wk6K15GUfjKHDKMGsU4 meeting_id=94198697718
2026-04-27 21:21:39,471 [INFO] Temp S3 state created: s3://zoom-automation-bucket/temp/live-doc-history/2026/Month-4/2026-04-27/94198697718/
2026-04-27 21:21:39,473 [INFO] Successfully initialized doc tracking meeting_id=94198697718
2026-04-27 21:44:51,687 [INFO] Processing meeting.started for meeting_id=98041388644
2026-04-27 21:44:51,847 [WARNING] No Salesforce record for meeting_id=98041388644
2026-04-27 21:44:51,847 [WARNING] Skipping meeting_id=98041388644 — no Salesforce match
2026-04-27 21:52:55,504 [INFO] Processing meeting.started for meeting_id=99787556248
2026-04-27 21:52:55,644 [WARNING] No Salesforce record for meeting_id=99787556248
2026-04-27 21:52:55,644 [WARNING] Skipping meeting_id=99787556248 — no Salesforce match
2026-04-27 21:53:10,028 [INFO] Processing meeting.started for meeting_id=97229343868
2026-04-27 21:53:10,173 [INFO] Found doc_id=12SIFg0Hr1NZfY7yF2FTAlugat5tk_z4w_W71ZiDv3mc for meeting_id=97229343868
2026-04-27 21:53:10,616 [INFO] Watch registered doc_id=12SIFg0Hr1NZfY7yF2FTAlugat5tk_z4w_W71ZiDv3mc meeting_id=97229343868
2026-04-27 21:53:24,182 [INFO] Temp S3 state created: s3://zoom-automation-bucket/temp/live-doc-history/2026/Month-4/2026-04-27/97229343868/
2026-04-27 21:53:24,185 [INFO] Successfully initialized doc tracking meeting_id=97229343868
2026-04-27 21:59:58,666 [INFO] Processing meeting.started for meeting_id=91397734643
2026-04-27 21:59:58,852 [WARNING] No Salesforce record for meeting_id=91397734643
2026-04-27 21:59:58,852 [WARNING] Skipping meeting_id=91397734643 — no Salesforce match
2026-04-28 00:07:10,915 [INFO] Processing meeting.started for meeting_id=93495090327
2026-04-28 00:07:11,653 [WARNING] No Salesforce record for meeting_id=93495090327
2026-04-28 00:07:11,653 [WARNING] Skipping meeting_id=93495090327 — no Salesforce match
2026-04-28 13:25:28,798 [INFO] Processing meeting.started for meeting_id=94290636641
2026-04-28 13:25:30,207 [INFO] Found doc_id=1ne9fJRBRRy8rAQwg-j3NosBzM2hyhq_9ewLcCkjspY8 for meeting_id=94290636641
2026-04-28 13:25:30,726 [INFO] Watch registered doc_id=1ne9fJRBRRy8rAQwg-j3NosBzM2hyhq_9ewLcCkjspY8 meeting_id=94290636641
2026-04-28 13:25:41,220 [INFO] Temp S3 state created: s3://zoom-automation-bucket/temp/live-doc-history/2026/Month-4/2026-04-28/94290636641/
2026-04-28 13:25:41,227 [INFO] Successfully initialized doc tracking meeting_id=94290636641
2026-04-28 13:31:15,682 [INFO] Processing meeting.started for meeting_id=96835294459
2026-04-28 13:31:16,477 [WARNING] No Salesforce record for meeting_id=96835294459
2026-04-28 13:31:16,477 [WARNING] Skipping meeting_id=96835294459 — no Salesforce match
2026-04-28 13:31:24,643 [INFO] Processing meeting.started for meeting_id=94957439621
2026-04-28 13:31:25,303 [WARNING] No Salesforce record for meeting_id=94957439621
2026-04-28 13:31:25,303 [WARNING] Skipping meeting_id=94957439621 — no Salesforce match
2026-04-28 13:32:37,390 [INFO] Processing meeting.started for meeting_id=96491076129
2026-04-28 13:32:37,499 [WARNING] No Salesforce record for meeting_id=96491076129
2026-04-28 13:32:37,499 [WARNING] Skipping meeting_id=96491076129 — no Salesforce match
2026-04-28 13:35:04,140 [INFO] Processing meeting.started for meeting_id=91274663910
2026-04-28 13:35:04,261 [WARNING] No Salesforce record for meeting_id=91274663910
2026-04-28 13:35:04,261 [WARNING] Skipping meeting_id=91274663910 — no Salesforce match
2026-04-28 13:40:59,623 [INFO] Processing meeting.started for meeting_id=99182185996
2026-04-28 13:40:59,874 [WARNING] No Salesforce record for meeting_id=99182185996
2026-04-28 13:40:59,874 [WARNING] Skipping meeting_id=99182185996 — no Salesforce match
2026-04-28 13:42:04,473 [INFO] Processing meeting.started for meeting_id=93795690983
2026-04-28 13:42:04,603 [WARNING] No Salesforce record for meeting_id=93795690983
2026-04-28 13:42:04,603 [WARNING] Skipping meeting_id=93795690983 — no Salesforce match
2026-04-28 13:46:30,421 [INFO] Processing meeting.started for meeting_id=98095863723
2026-04-28 13:46:31,095 [INFO] Found doc_id=1V_Wrmjct4abOVoLDMmjk5OxvMyPTLE4HSedkNqVGp0M for meeting_id=98095863723
2026-04-28 13:46:31,484 [INFO] Watch registered doc_id=1V_Wrmjct4abOVoLDMmjk5OxvMyPTLE4HSedkNqVGp0M meeting_id=98095863723
2026-04-28 13:46:41,866 [INFO] Temp S3 state created: s3://zoom-automation-bucket/temp/live-doc-history/2026/Month-4/2026-04-28/98095863723/
2026-04-28 13:46:41,869 [INFO] Successfully initialized doc tracking meeting_id=98095863723
2026-04-28 13:49:15,248 [INFO] Processing meeting.started for meeting_id=94319718066
2026-04-28 13:49:15,407 [INFO] Found doc_id=1WigqtWe89mB73KDfgXtApSqXCltILvx3dxXF8EGZN1I for meeting_id=94319718066
2026-04-28 13:49:15,820 [INFO] Watch registered doc_id=1WigqtWe89mB73KDfgXtApSqXCltILvx3dxXF8EGZN1I meeting_id=94319718066
2026-04-28 13:49:27,353 [INFO] Temp S3 state created: s3://zoom-automation-bucket/temp/live-doc-history/2026/Month-4/2026-04-28/94319718066/
2026-04-28 13:49:27,357 [INFO] Successfully initialized doc tracking meeting_id=94319718066
2026-04-28 13:49:56,830 [INFO] Processing meeting.started for meeting_id=99391473089
2026-04-28 13:49:56,966 [WARNING] No Salesforce record for meeting_id=99391473089
2026-04-28 13:49:56,966 [WARNING] Skipping meeting_id=99391473089 — no Salesforce match
2026-04-28 13:51:19,779 [INFO] Processing meeting.started for meeting_id=91794085757
2026-04-28 13:51:20,011 [WARNING] No Salesforce record for meeting_id=91794085757
2026-04-28 13:51:20,011 [WARNING] Skipping meeting_id=91794085757 — no Salesforce match
2026-04-28 13:52:19,718 [INFO] Processing meeting.started for meeting_id=96872448844
2026-04-28 13:52:19,866 [INFO] Found doc_id=1w-SJPqb2SYoZGqAY3tUBarGMnDcXg6Veq5n5ZPcjYWg for meeting_id=96872448844
2026-04-28 13:52:20,330 [INFO] Watch registered doc_id=1w-SJPqb2SYoZGqAY3tUBarGMnDcXg6Veq5n5ZPcjYWg meeting_id=96872448844
2026-04-28 13:52:32,469 [INFO] Temp S3 state created: s3://zoom-automation-bucket/temp/live-doc-history/2026/Month-4/2026-04-28/96872448844/
2026-04-28 13:52:32,472 [INFO] Successfully initialized doc tracking meeting_id=96872448844
2026-04-28 13:55:51,744 [INFO] Processing meeting.started for meeting_id=98095863723
2026-04-28 13:55:51,927 [INFO] Found doc_id=1V_Wrmjct4abOVoLDMmjk5OxvMyPTLE4HSedkNqVGp0M for meeting_id=98095863723
2026-04-28 13:55:52,318 [INFO] Watch registered doc_id=1V_Wrmjct4abOVoLDMmjk5OxvMyPTLE4HSedkNqVGp0M meeting_id=98095863723
2026-04-28 13:56:03,985 [INFO] Temp S3 state created: s3://zoom-automation-bucket/temp/live-doc-history/2026/Month-4/2026-04-28/98095863723/
2026-04-28 13:56:03,987 [INFO] Successfully initialized doc tracking meeting_id=98095863723
2026-04-28 13:56:04,117 [INFO] Processing meeting.started for meeting_id=99190381126
2026-04-28 13:56:04,252 [WARNING] No Salesforce record for meeting_id=99190381126
2026-04-28 13:56:04,252 [WARNING] Skipping meeting_id=99190381126 — no Salesforce match
2026-04-28 13:56:31,561 [INFO] Processing meeting.started for meeting_id=98095863723
2026-04-28 13:56:31,710 [INFO] Found doc_id=1V_Wrmjct4abOVoLDMmjk5OxvMyPTLE4HSedkNqVGp0M for meeting_id=98095863723
2026-04-28 13:56:32,194 [INFO] Watch registered doc_id=1V_Wrmjct4abOVoLDMmjk5OxvMyPTLE4HSedkNqVGp0M meeting_id=98095863723
2026-04-28 13:56:43,155 [INFO] Temp S3 state created: s3://zoom-automation-bucket/temp/live-doc-history/2026/Month-4/2026-04-28/98095863723/
2026-04-28 13:56:43,158 [INFO] Successfully initialized doc tracking meeting_id=98095863723
2026-04-28 13:59:37,867 [INFO] Processing meeting.started for meeting_id=93580846773
2026-04-28 13:59:38,019 [WARNING] No Salesforce record for meeting_id=93580846773
2026-04-28 13:59:38,019 [WARNING] Skipping meeting_id=93580846773 — no Salesforce match
2026-04-28 14:00:09,226 [INFO] Processing meeting.started for meeting_id=94349945533
2026-04-28 14:00:09,406 [WARNING] No Salesforce record for meeting_id=94349945533
2026-04-28 14:00:09,407 [WARNING] Skipping meeting_id=94349945533 — no Salesforce match
2026-04-28 14:15:52,080 [INFO] Processing meeting.started for meeting_id=98836378795
2026-04-28 14:15:52,665 [INFO] Found doc_id=1HFZX4JgIRwV9cHVUFAuorFVDrR0KvCI5wmOemmgfBRY for meeting_id=98836378795
2026-04-28 14:15:53,055 [INFO] Watch registered doc_id=1HFZX4JgIRwV9cHVUFAuorFVDrR0KvCI5wmOemmgfBRY meeting_id=98836378795
2026-04-28 14:16:03,619 [INFO] Temp S3 state created: s3://zoom-automation-bucket/temp/live-doc-history/2026/Month-4/2026-04-28/98836378795/
2026-04-28 14:16:03,622 [INFO] Successfully initialized doc tracking meeting_id=98836378795
2026-04-28 14:18:47,223 [INFO] Processing meeting.started for meeting_id=91016279071
2026-04-28 14:18:47,836 [INFO] Found doc_id=1YDfS3z83ptIRzVzlxfUNRHujQBkIYuiiOHzMvQ8o9PA for meeting_id=91016279071
2026-04-28 14:18:48,257 [INFO] Watch registered doc_id=1YDfS3z83ptIRzVzlxfUNRHujQBkIYuiiOHzMvQ8o9PA meeting_id=91016279071
2026-04-28 14:19:01,219 [INFO] Temp S3 state created: s3://zoom-automation-bucket/temp/live-doc-history/2026/Month-4/2026-04-28/91016279071/
2026-04-28 14:19:01,224 [INFO] Successfully initialized doc tracking meeting_id=91016279071
2026-04-28 14:19:28,848 [INFO] Processing meeting.started for meeting_id=99396225275
2026-04-28 14:19:28,957 [INFO] Found doc_id=1dHm1e0EmhYUIyVXLG74lYPJc2hsL7DUPh8rLpx2ZCRQ for meeting_id=99396225275
2026-04-28 14:19:29,498 [INFO] Watch registered doc_id=1dHm1e0EmhYUIyVXLG74lYPJc2hsL7DUPh8rLpx2ZCRQ meeting_id=99396225275
2026-04-28 14:19:39,776 [INFO] Temp S3 state created: s3://zoom-automation-bucket/temp/live-doc-history/2026/Month-4/2026-04-28/99396225275/
2026-04-28 14:19:39,779 [INFO] Successfully initialized doc tracking meeting_id=99396225275
2026-04-28 14:19:50,413 [INFO] Processing meeting.started for meeting_id=95876885800
2026-04-28 14:19:50,500 [INFO] Found doc_id=1ZTDuxFRZuDdWZ4P87ancVMyNYeKyhRqwSv2CZez2J70 for meeting_id=95876885800
2026-04-28 14:19:50,873 [INFO] Watch registered doc_id=1ZTDuxFRZuDdWZ4P87ancVMyNYeKyhRqwSv2CZez2J70 meeting_id=95876885800
2026-04-28 14:20:01,682 [INFO] Temp S3 state created: s3://zoom-automation-bucket/temp/live-doc-history/2026/Month-4/2026-04-28/95876885800/
2026-04-28 14:20:01,684 [INFO] Successfully initialized doc tracking meeting_id=95876885800
2026-04-28 14:20:48,079 [INFO] Processing meeting.started for meeting_id=95876885800
2026-04-28 14:20:48,557 [INFO] Found doc_id=1ZTDuxFRZuDdWZ4P87ancVMyNYeKyhRqwSv2CZez2J70 for meeting_id=95876885800
2026-04-28 14:20:48,987 [INFO] Watch registered doc_id=1ZTDuxFRZuDdWZ4P87ancVMyNYeKyhRqwSv2CZez2J70 meeting_id=95876885800
2026-04-28 14:21:01,903 [INFO] Temp S3 state created: s3://zoom-automation-bucket/temp/live-doc-history/2026/Month-4/2026-04-28/95876885800/
2026-04-28 14:21:01,907 [INFO] Successfully initialized doc tracking meeting_id=95876885800
2026-04-28 14:23:10,404 [INFO] Processing meeting.started for meeting_id=92529102945
2026-04-28 14:23:10,517 [INFO] Found doc_id=1RlbUlOVyYptKUcuOJpN1ROGeoMG0YeqdTVUtlinozw8 for meeting_id=92529102945
2026-04-28 14:23:10,927 [INFO] Watch registered doc_id=1RlbUlOVyYptKUcuOJpN1ROGeoMG0YeqdTVUtlinozw8 meeting_id=92529102945
2026-04-28 14:23:22,847 [INFO] Temp S3 state created: s3://zoom-automation-bucket/temp/live-doc-history/2026/Month-4/2026-04-28/92529102945/
2026-04-28 14:23:22,849 [INFO] Successfully initialized doc tracking meeting_id=92529102945
2026-04-28 14:27:36,496 [INFO] Processing meeting.started for meeting_id=98224924079
2026-04-28 14:27:36,600 [WARNING] No Salesforce record for meeting_id=98224924079
2026-04-28 14:27:36,600 [WARNING] Skipping meeting_id=98224924079 — no Salesforce match
2026-04-28 14:27:56,116 [INFO] Processing meeting.started for meeting_id=94596684010
2026-04-28 14:27:56,205 [WARNING] No Salesforce record for meeting_id=94596684010
2026-04-28 14:27:56,205 [WARNING] Skipping meeting_id=94596684010 — no Salesforce match
2026-04-28 14:29:43,129 [INFO] Processing meeting.started for meeting_id=99121701345
2026-04-28 14:29:43,255 [WARNING] No Salesforce record for meeting_id=99121701345
2026-04-28 14:29:43,255 [WARNING] Skipping meeting_id=99121701345 — no Salesforce match
2026-04-28 14:30:15,454 [INFO] Processing meeting.started for meeting_id=91444508512
2026-04-28 14:30:15,598 [WARNING] No Salesforce record for meeting_id=91444508512
2026-04-28 14:30:15,598 [WARNING] Skipping meeting_id=91444508512 — no Salesforce match
2026-04-28 14:45:59,103 [INFO] Processing meeting.started for meeting_id=95160524437
2026-04-28 14:45:59,296 [INFO] Found doc_id=1pG1H-mfyLn6JwxCsJsTayvB8klet0d5IknhNm6jINgM for meeting_id=95160524437
2026-04-28 14:45:59,766 [INFO] Watch registered doc_id=1pG1H-mfyLn6JwxCsJsTayvB8klet0d5IknhNm6jINgM meeting_id=95160524437
2026-04-28 14:46:12,380 [INFO] Temp S3 state created: s3://zoom-automation-bucket/temp/live-doc-history/2026/Month-4/2026-04-28/95160524437/
2026-04-28 14:46:12,383 [INFO] Successfully initialized doc tracking meeting_id=95160524437
2026-04-28 14:46:19,607 [INFO] Processing meeting.started for meeting_id=95884218498
2026-04-28 14:46:19,745 [INFO] Found doc_id=1xn2u8x13yk5saDPYyEuIR_FtEUSZdoYSfO3p7YlBC9A for meeting_id=95884218498
2026-04-28 14:46:20,109 [INFO] Watch registered doc_id=1xn2u8x13yk5saDPYyEuIR_FtEUSZdoYSfO3p7YlBC9A meeting_id=95884218498
2026-04-28 14:46:32,691 [INFO] Temp S3 state created: s3://zoom-automation-bucket/temp/live-doc-history/2026/Month-4/2026-04-28/95884218498/
2026-04-28 14:46:32,694 [INFO] Successfully initialized doc tracking meeting_id=95884218498
2026-04-28 14:48:25,713 [INFO] Processing meeting.started for meeting_id=97691502398
2026-04-28 14:48:25,831 [INFO] Found doc_id=1EU-t9dSZJc-0nBOTnHQNeA8sj_upYPB87wadaH6UgyM for meeting_id=97691502398
2026-04-28 14:48:26,243 [INFO] Watch registered doc_id=1EU-t9dSZJc-0nBOTnHQNeA8sj_upYPB87wadaH6UgyM meeting_id=97691502398
2026-04-28 14:48:37,239 [INFO] Temp S3 state created: s3://zoom-automation-bucket/temp/live-doc-history/2026/Month-4/2026-04-28/97691502398/
2026-04-28 14:48:37,242 [INFO] Successfully initialized doc tracking meeting_id=97691502398
2026-04-28 14:50:00,716 [INFO] Processing meeting.started for meeting_id=93365045511
2026-04-28 14:50:00,884 [INFO] Found doc_id=16PtXdL_TUJNslR5HoOJO3veFDKP8CWiU9iXRSz1jNpU for meeting_id=93365045511
2026-04-28 14:50:01,217 [INFO] Watch registered doc_id=16PtXdL_TUJNslR5HoOJO3veFDKP8CWiU9iXRSz1jNpU meeting_id=93365045511
2026-04-28 14:50:12,783 [INFO] Temp S3 state created: s3://zoom-automation-bucket/temp/live-doc-history/2026/Month-4/2026-04-28/93365045511/
2026-04-28 14:50:12,786 [INFO] Successfully initialized doc tracking meeting_id=93365045511
2026-04-28 14:51:44,922 [INFO] Processing meeting.started for meeting_id=98836378795
2026-04-28 14:51:45,076 [INFO] Found doc_id=1HFZX4JgIRwV9cHVUFAuorFVDrR0KvCI5wmOemmgfBRY for meeting_id=98836378795
2026-04-28 14:51:45,433 [INFO] Watch registered doc_id=1HFZX4JgIRwV9cHVUFAuorFVDrR0KvCI5wmOemmgfBRY meeting_id=98836378795
2026-04-28 14:51:57,280 [INFO] Temp S3 state created: s3://zoom-automation-bucket/temp/live-doc-history/2026/Month-4/2026-04-28/98836378795/
2026-04-28 14:51:57,283 [INFO] Successfully initialized doc tracking meeting_id=98836378795
2026-04-28 14:52:06,887 [INFO] Processing meeting.started for meeting_id=98836378795
2026-04-28 14:52:07,140 [INFO] Found doc_id=1HFZX4JgIRwV9cHVUFAuorFVDrR0KvCI5wmOemmgfBRY for meeting_id=98836378795
2026-04-28 14:52:07,577 [INFO] Watch registered doc_id=1HFZX4JgIRwV9cHVUFAuorFVDrR0KvCI5wmOemmgfBRY meeting_id=98836378795
2026-04-28 14:52:17,712 [INFO] Temp S3 state created: s3://zoom-automation-bucket/temp/live-doc-history/2026/Month-4/2026-04-28/98836378795/
2026-04-28 14:52:17,717 [INFO] Successfully initialized doc tracking meeting_id=98836378795
2026-04-28 14:53:06,910 [INFO] Processing meeting.started for meeting_id=92029478127
2026-04-28 14:53:07,047 [INFO] Found doc_id=17Ah4z6UgQiJRXYJmMuK6NIJ33Fh5E6q5oNS2c81S2j0 for meeting_id=92029478127
2026-04-28 14:53:07,377 [INFO] Watch registered doc_id=17Ah4z6UgQiJRXYJmMuK6NIJ33Fh5E6q5oNS2c81S2j0 meeting_id=92029478127
2026-04-28 14:53:19,232 [INFO] Temp S3 state created: s3://zoom-automation-bucket/temp/live-doc-history/2026/Month-4/2026-04-28/92029478127/
2026-04-28 14:53:19,235 [INFO] Successfully initialized doc tracking meeting_id=92029478127
2026-04-28 15:17:58,187 [INFO] Processing meeting.started for meeting_id=99436339016
2026-04-28 15:17:58,383 [INFO] Found doc_id=15GPNtfBNODKWD8AUxaYnu2TLgHBJ7GQOFA7gb5EGEM4 for meeting_id=99436339016
2026-04-28 15:17:58,816 [INFO] Watch registered doc_id=15GPNtfBNODKWD8AUxaYnu2TLgHBJ7GQOFA7gb5EGEM4 meeting_id=99436339016
2026-04-28 15:18:11,195 [INFO] Temp S3 state created: s3://zoom-automation-bucket/temp/live-doc-history/2026/Month-4/2026-04-28/99436339016/
2026-04-28 15:18:11,198 [INFO] Successfully initialized doc tracking meeting_id=99436339016
2026-04-28 15:18:33,232 [INFO] Processing meeting.started for meeting_id=93654167667
2026-04-28 15:18:33,623 [INFO] Found doc_id=17d-oywZsFcmOBK-8q81qFObTzs9AkitaXkjSEUud6GI for meeting_id=93654167667
2026-04-28 15:18:34,025 [INFO] Watch registered doc_id=17d-oywZsFcmOBK-8q81qFObTzs9AkitaXkjSEUud6GI meeting_id=93654167667
2026-04-28 15:18:44,491 [INFO] Temp S3 state created: s3://zoom-automation-bucket/temp/live-doc-history/2026/Month-4/2026-04-28/93654167667/
2026-04-28 15:18:44,494 [INFO] Successfully initialized doc tracking meeting_id=93654167667
2026-04-28 15:23:05,483 [INFO] Processing meeting.started for meeting_id=96481620985
2026-04-28 15:23:05,631 [INFO] Found doc_id=1XkHupx26qFGuYCkQw9fn_nY7OsY50K50Smb-1KrVsZc for meeting_id=96481620985
2026-04-28 15:23:06,491 [INFO] Watch registered doc_id=1XkHupx26qFGuYCkQw9fn_nY7OsY50K50Smb-1KrVsZc meeting_id=96481620985
2026-04-28 15:23:21,170 [INFO] Temp S3 state created: s3://zoom-automation-bucket/temp/live-doc-history/2026/Month-4/2026-04-28/96481620985/
2026-04-28 15:23:21,175 [INFO] Successfully initialized doc tracking meeting_id=96481620985
2026-04-28 15:29:16,718 [INFO] Processing meeting.started for meeting_id=91794085757
2026-04-28 15:29:17,549 [WARNING] No Salesforce record for meeting_id=91794085757
2026-04-28 15:29:17,549 [WARNING] Skipping meeting_id=91794085757 — no Salesforce match
2026-04-28 15:29:48,579 [INFO] Processing meeting.started for meeting_id=98861276854
2026-04-28 15:29:49,235 [WARNING] No Salesforce record for meeting_id=98861276854
2026-04-28 15:29:49,235 [WARNING] Skipping meeting_id=98861276854 — no Salesforce match
2026-04-28 15:30:46,639 [INFO] Processing meeting.started for meeting_id=95772896839
2026-04-28 15:30:46,824 [WARNING] No Salesforce record for meeting_id=95772896839
2026-04-28 15:30:46,824 [WARNING] Skipping meeting_id=95772896839 — no Salesforce match
2026-04-28 15:31:36,469 [INFO] Processing meeting.started for meeting_id=99182185996
2026-04-28 15:31:36,612 [WARNING] No Salesforce record for meeting_id=99182185996
2026-04-28 15:31:36,612 [WARNING] Skipping meeting_id=99182185996 — no Salesforce match
2026-04-28 15:31:49,063 [INFO] Processing meeting.started for meeting_id=91423676285
2026-04-28 15:31:49,194 [WARNING] No Salesforce record for meeting_id=91423676285
2026-04-28 15:31:49,195 [WARNING] Skipping meeting_id=91423676285 — no Salesforce match
2026-04-28 15:34:26,926 [INFO] Processing meeting.started for meeting_id=99391473089
2026-04-28 15:34:27,064 [WARNING] No Salesforce record for meeting_id=99391473089
2026-04-28 15:34:27,064 [WARNING] Skipping meeting_id=99391473089 — no Salesforce match
2026-04-28 15:34:33,130 [INFO] Processing meeting.started for meeting_id=95772896839
2026-04-28 15:34:33,802 [WARNING] No Salesforce record for meeting_id=95772896839
2026-04-28 15:34:33,802 [WARNING] Skipping meeting_id=95772896839 — no Salesforce match
2026-04-28 15:35:04,319 [INFO] Processing meeting.started for meeting_id=96168562284
2026-04-28 15:35:04,454 [WARNING] No Salesforce record for meeting_id=96168562284
2026-04-28 15:35:04,454 [WARNING] Skipping meeting_id=96168562284 — no Salesforce match
2026-04-28 15:36:36,476 [INFO] Processing meeting.started for meeting_id=93783260078
2026-04-28 15:36:36,851 [WARNING] No Salesforce record for meeting_id=93783260078
2026-04-28 15:36:36,852 [WARNING] Skipping meeting_id=93783260078 — no Salesforce match
2026-04-28 15:42:32,784 [INFO] Processing meeting.started for meeting_id=92103749144
2026-04-28 15:42:33,396 [INFO] Found doc_id=1tTkpaKU_VT0aFzx3tPiWm8JBjQL1PwaBWsbrJozjPYg for meeting_id=92103749144
2026-04-28 15:42:33,946 [INFO] Watch registered doc_id=1tTkpaKU_VT0aFzx3tPiWm8JBjQL1PwaBWsbrJozjPYg meeting_id=92103749144
2026-04-28 15:42:44,147 [INFO] Temp S3 state created: s3://zoom-automation-bucket/temp/live-doc-history/2026/Month-4/2026-04-28/92103749144/
2026-04-28 15:42:44,150 [INFO] Successfully initialized doc tracking meeting_id=92103749144
2026-04-28 15:46:26,283 [INFO] Processing meeting.started for meeting_id=99512951963
2026-04-28 15:46:26,519 [WARNING] No Salesforce record for meeting_id=99512951963
2026-04-28 15:46:26,519 [WARNING] Skipping meeting_id=99512951963 — no Salesforce match
2026-04-28 15:46:59,434 [INFO] Processing meeting.started for meeting_id=95974192447
2026-04-28 15:46:59,632 [WARNING] No Google_Docs_ID__c for meeting_id=95974192447
2026-04-28 15:47:36,967 [INFO] Processing meeting.started for meeting_id=91471876395
2026-04-28 15:47:37,104 [WARNING] No Salesforce record for meeting_id=91471876395
2026-04-28 15:47:37,104 [WARNING] Skipping meeting_id=91471876395 — no Salesforce match
2026-04-28 15:48:07,124 [INFO] Processing meeting.started for meeting_id=94177696575
2026-04-28 15:48:07,744 [INFO] Found doc_id=1KgH7gALknyn1p_nK33x6kr0fZK7B7W2AxDrZT0YOyX4 for meeting_id=94177696575
2026-04-28 15:48:08,116 [INFO] Watch registered doc_id=1KgH7gALknyn1p_nK33x6kr0fZK7B7W2AxDrZT0YOyX4 meeting_id=94177696575
2026-04-28 15:48:22,555 [INFO] Temp S3 state created: s3://zoom-automation-bucket/temp/live-doc-history/2026/Month-4/2026-04-28/94177696575/
2026-04-28 15:48:22,558 [INFO] Successfully initialized doc tracking meeting_id=94177696575
2026-04-28 15:48:29,529 [INFO] Processing meeting.started for meeting_id=92347163309
2026-04-28 15:48:29,709 [INFO] Found doc_id=1T0QNCK6srdFZNI0e5Q450TCZRRbQWplVxMfQHocBCis for meeting_id=92347163309
2026-04-28 15:48:30,130 [INFO] Watch registered doc_id=1T0QNCK6srdFZNI0e5Q450TCZRRbQWplVxMfQHocBCis meeting_id=92347163309
2026-04-28 15:48:42,671 [INFO] Temp S3 state created: s3://zoom-automation-bucket/temp/live-doc-history/2026/Month-4/2026-04-28/92347163309/
2026-04-28 15:48:42,673 [INFO] Successfully initialized doc tracking meeting_id=92347163309
2026-04-28 15:48:42,731 [INFO] Processing meeting.started for meeting_id=93005190294
2026-04-28 15:48:42,857 [INFO] Found doc_id=1pnId1fGT6pSSbKWEh3RZc6xjFsLvCjHhdWbVfaGMJ5c for meeting_id=93005190294
2026-04-28 15:48:43,263 [INFO] Watch registered doc_id=1pnId1fGT6pSSbKWEh3RZc6xjFsLvCjHhdWbVfaGMJ5c meeting_id=93005190294
2026-04-28 15:48:54,263 [INFO] Temp S3 state created: s3://zoom-automation-bucket/temp/live-doc-history/2026/Month-4/2026-04-28/93005190294/
2026-04-28 15:48:54,267 [INFO] Successfully initialized doc tracking meeting_id=93005190294
2026-04-28 15:49:56,348 [INFO] Processing meeting.started for meeting_id=98715980166
2026-04-28 15:49:56,873 [INFO] Found doc_id=1JLsNTRfEpBXBLXQthhGooifnlDMMPQsQKOV7Tim-mCY for meeting_id=98715980166
2026-04-28 15:49:57,278 [INFO] Watch registered doc_id=1JLsNTRfEpBXBLXQthhGooifnlDMMPQsQKOV7Tim-mCY meeting_id=98715980166
2026-04-28 15:50:09,115 [INFO] Temp S3 state created: s3://zoom-automation-bucket/temp/live-doc-history/2026/Month-4/2026-04-28/98715980166/
2026-04-28 15:50:09,117 [INFO] Successfully initialized doc tracking meeting_id=98715980166
2026-04-28 15:51:21,443 [INFO] Processing meeting.started for meeting_id=98568730996
2026-04-28 15:51:21,617 [INFO] Found doc_id=1uGTcXeGynT0vmt7dCVeec9ZSmMghtlQjQq_M2CQFNFs for meeting_id=98568730996
2026-04-28 15:51:22,016 [INFO] Watch registered doc_id=1uGTcXeGynT0vmt7dCVeec9ZSmMghtlQjQq_M2CQFNFs meeting_id=98568730996
2026-04-28 15:51:32,201 [INFO] Temp S3 state created: s3://zoom-automation-bucket/temp/live-doc-history/2026/Month-4/2026-04-28/98568730996/
2026-04-28 15:51:32,205 [INFO] Successfully initialized doc tracking meeting_id=98568730996
2026-04-28 15:51:32,262 [INFO] Processing meeting.started for meeting_id=96548879143
2026-04-28 15:51:32,399 [INFO] Found doc_id=1GOQ60TcG7G5edOnOYtIYycHQbWAIiB8ESmRQFrbpTA4 for meeting_id=96548879143
2026-04-28 15:51:32,785 [INFO] Watch registered doc_id=1GOQ60TcG7G5edOnOYtIYycHQbWAIiB8ESmRQFrbpTA4 meeting_id=96548879143
2026-04-28 15:51:43,177 [INFO] Temp S3 state created: s3://zoom-automation-bucket/temp/live-doc-history/2026/Month-4/2026-04-28/96548879143/
2026-04-28 15:51:43,180 [INFO] Successfully initialized doc tracking meeting_id=96548879143
2026-04-28 15:52:11,318 [INFO] Processing meeting.started for meeting_id=99391473089
2026-04-28 15:52:12,007 [WARNING] No Salesforce record for meeting_id=99391473089
2026-04-28 15:52:12,007 [WARNING] Skipping meeting_id=99391473089 — no Salesforce match
2026-04-28 15:52:56,572 [INFO] Processing meeting.started for meeting_id=93753231521
2026-04-28 15:52:56,774 [INFO] Found doc_id=1YGeCbbx65iwWRG3fOX8I-K-W_owDbU5qDnDT4TDW0WI for meeting_id=93753231521
2026-04-28 15:52:57,237 [INFO] Watch registered doc_id=1YGeCbbx65iwWRG3fOX8I-K-W_owDbU5qDnDT4TDW0WI meeting_id=93753231521
2026-04-28 15:53:07,695 [INFO] Temp S3 state created: s3://zoom-automation-bucket/temp/live-doc-history/2026/Month-4/2026-04-28/93753231521/
2026-04-28 15:53:07,701 [INFO] Successfully initialized doc tracking meeting_id=93753231521
2026-04-28 15:53:13,715 [INFO] Processing meeting.started for meeting_id=95360700223
2026-04-28 15:53:13,837 [INFO] Found doc_id=1o1_TeZWK2iSfryFz57Z8gPiKejVnZrbhonVernEGYX0 for meeting_id=95360700223
2026-04-28 15:53:14,267 [INFO] Watch registered doc_id=1o1_TeZWK2iSfryFz57Z8gPiKejVnZrbhonVernEGYX0 meeting_id=95360700223
2026-04-28 15:53:24,570 [INFO] Temp S3 state created: s3://zoom-automation-bucket/temp/live-doc-history/2026/Month-4/2026-04-28/95360700223/
2026-04-28 15:53:24,572 [INFO] Successfully initialized doc tracking meeting_id=95360700223
2026-04-28 15:55:15,838 [INFO] Processing meeting.started for meeting_id=95772896839
2026-04-28 15:55:15,964 [WARNING] No Salesforce record for meeting_id=95772896839
2026-04-28 15:55:15,964 [WARNING] Skipping meeting_id=95772896839 — no Salesforce match
2026-04-28 15:55:57,876 [INFO] Processing meeting.started for meeting_id=92638182097
2026-04-28 15:55:58,675 [INFO] Found doc_id=105-SiI1hhHsp2rkxeFZje0kwfcQoFkA1Evl4UHzpoY8 for meeting_id=92638182097
2026-04-28 15:55:59,029 [INFO] Watch registered doc_id=105-SiI1hhHsp2rkxeFZje0kwfcQoFkA1Evl4UHzpoY8 meeting_id=92638182097
2026-04-28 15:56:09,519 [INFO] Temp S3 state created: s3://zoom-automation-bucket/temp/live-doc-history/2026/Month-4/2026-04-28/92638182097/
2026-04-28 15:56:09,522 [INFO] Successfully initialized doc tracking meeting_id=92638182097
2026-04-28 16:03:36,938 [INFO] Processing meeting.started for meeting_id=92638182097
2026-04-28 16:03:37,044 [INFO] Found doc_id=105-SiI1hhHsp2rkxeFZje0kwfcQoFkA1Evl4UHzpoY8 for meeting_id=92638182097
2026-04-28 16:03:37,468 [INFO] Watch registered doc_id=105-SiI1hhHsp2rkxeFZje0kwfcQoFkA1Evl4UHzpoY8 meeting_id=92638182097
2026-04-28 16:03:49,531 [INFO] Temp S3 state created: s3://zoom-automation-bucket/temp/live-doc-history/2026/Month-4/2026-04-28/92638182097/
2026-04-28 16:03:49,534 [INFO] Successfully initialized doc tracking meeting_id=92638182097
2026-04-28 16:04:45,505 [INFO] Processing meeting.started for meeting_id=95056679489
2026-04-28 16:04:45,644 [WARNING] No Salesforce record for meeting_id=95056679489
2026-04-28 16:04:45,644 [WARNING] Skipping meeting_id=95056679489 — no Salesforce match
2026-04-28 16:12:22,034 [INFO] Processing meeting.started for meeting_id=92638182097
2026-04-28 16:12:22,207 [INFO] Found doc_id=105-SiI1hhHsp2rkxeFZje0kwfcQoFkA1Evl4UHzpoY8 for meeting_id=92638182097
2026-04-28 16:12:22,592 [INFO] Watch registered doc_id=105-SiI1hhHsp2rkxeFZje0kwfcQoFkA1Evl4UHzpoY8 meeting_id=92638182097
2026-04-28 16:12:35,005 [INFO] Temp S3 state created: s3://zoom-automation-bucket/temp/live-doc-history/2026/Month-4/2026-04-28/92638182097/
2026-04-28 16:12:35,008 [INFO] Successfully initialized doc tracking meeting_id=92638182097
2026-04-28 16:13:36,761 [INFO] Processing meeting.started for meeting_id=92245791863
2026-04-28 16:13:37,450 [WARNING] No Salesforce record for meeting_id=92245791863
2026-04-28 16:13:37,451 [WARNING] Skipping meeting_id=92245791863 — no Salesforce match
2026-04-28 16:18:22,015 [INFO] Processing meeting.started for meeting_id=99655929481
2026-04-28 16:18:22,262 [INFO] Found doc_id=1KTUU9F-liC1GJexunV62A-hKdX6xNIfEyf2yxVQZjd8 for meeting_id=99655929481
2026-04-28 16:18:22,802 [INFO] Watch registered doc_id=1KTUU9F-liC1GJexunV62A-hKdX6xNIfEyf2yxVQZjd8 meeting_id=99655929481
2026-04-28 16:18:34,214 [INFO] Temp S3 state created: s3://zoom-automation-bucket/temp/live-doc-history/2026/Month-4/2026-04-28/99655929481/
2026-04-28 16:18:34,216 [INFO] Successfully initialized doc tracking meeting_id=99655929481
2026-04-28 16:18:34,287 [INFO] Processing meeting.started for meeting_id=93688242150
2026-04-28 16:18:34,451 [INFO] Found doc_id=1P2VFtX4Tzh74ov_Mh9EGmHGsBQLnfmEpD81jcfBq0lU for meeting_id=93688242150
2026-04-28 16:18:34,887 [INFO] Watch registered doc_id=1P2VFtX4Tzh74ov_Mh9EGmHGsBQLnfmEpD81jcfBq0lU meeting_id=93688242150
2026-04-28 16:18:46,162 [INFO] Temp S3 state created: s3://zoom-automation-bucket/temp/live-doc-history/2026/Month-4/2026-04-28/93688242150/
2026-04-28 16:18:46,165 [INFO] Successfully initialized doc tracking meeting_id=93688242150
2026-04-28 16:19:08,969 [INFO] Processing meeting.started for meeting_id=99954102511
2026-04-28 16:19:09,393 [INFO] Found doc_id=1sBWzmuzAdMRFZsLf89WuotUpm1YRCvvY60KrQ2Ygqw0 for meeting_id=99954102511
2026-04-28 16:19:09,820 [INFO] Watch registered doc_id=1sBWzmuzAdMRFZsLf89WuotUpm1YRCvvY60KrQ2Ygqw0 meeting_id=99954102511
2026-04-28 16:19:23,326 [INFO] Temp S3 state created: s3://zoom-automation-bucket/temp/live-doc-history/2026/Month-4/2026-04-28/99954102511/
2026-04-28 16:19:23,328 [INFO] Successfully initialized doc tracking meeting_id=99954102511
2026-04-28 16:23:20,667 [INFO] Processing meeting.started for meeting_id=94186061883
2026-04-28 16:23:21,238 [WARNING] No Salesforce record for meeting_id=94186061883
2026-04-28 16:23:21,238 [WARNING] Skipping meeting_id=94186061883 — no Salesforce match
2026-04-28 16:23:25,958 [INFO] Processing meeting.started for meeting_id=91794085757
2026-04-28 16:23:26,064 [WARNING] No Salesforce record for meeting_id=91794085757
2026-04-28 16:23:26,064 [WARNING] Skipping meeting_id=91794085757 — no Salesforce match
2026-04-28 16:40:00,114 [INFO] Processing meeting.started for meeting_id=93932589741
2026-04-28 16:40:00,445 [INFO] Found doc_id=1Mf2nZFw07lz1Xf3VtIBrTLANHEY2y_SWMDYTsmzkPJE for meeting_id=93932589741
2026-04-28 16:40:00,882 [INFO] Watch registered doc_id=1Mf2nZFw07lz1Xf3VtIBrTLANHEY2y_SWMDYTsmzkPJE meeting_id=93932589741
2026-04-28 16:40:13,217 [INFO] Temp S3 state created: s3://zoom-automation-bucket/temp/live-doc-history/2026/Month-4/2026-04-28/93932589741/
2026-04-28 16:40:13,221 [INFO] Successfully initialized doc tracking meeting_id=93932589741
2026-04-28 16:40:32,124 [INFO] Processing meeting.started for meeting_id=98503424486
2026-04-28 16:40:32,294 [WARNING] No Salesforce record for meeting_id=98503424486
2026-04-28 16:40:32,294 [WARNING] Skipping meeting_id=98503424486 — no Salesforce match
2026-04-28 16:41:11,301 [INFO] Processing meeting.started for meeting_id=93516258483
2026-04-28 16:41:11,455 [INFO] Found doc_id=1-ENqBPX8DBUPOw22tQ0v-ewPaf9Eedu4EIIYupCNrqc for meeting_id=93516258483
2026-04-28 16:41:11,963 [INFO] Watch registered doc_id=1-ENqBPX8DBUPOw22tQ0v-ewPaf9Eedu4EIIYupCNrqc meeting_id=93516258483
2026-04-28 16:41:23,956 [INFO] Temp S3 state created: s3://zoom-automation-bucket/temp/live-doc-history/2026/Month-4/2026-04-28/93516258483/
2026-04-28 16:41:23,958 [INFO] Successfully initialized doc tracking meeting_id=93516258483
2026-04-28 16:41:24,002 [INFO] Processing meeting.started for meeting_id=97866065020
2026-04-28 16:41:24,756 [WARNING] No Salesforce record for meeting_id=97866065020
2026-04-28 16:41:24,756 [WARNING] Skipping meeting_id=97866065020 — no Salesforce match
2026-04-28 16:41:25,804 [INFO] Processing meeting.started for meeting_id=93932589741
2026-04-28 16:41:25,946 [INFO] Found doc_id=1Mf2nZFw07lz1Xf3VtIBrTLANHEY2y_SWMDYTsmzkPJE for meeting_id=93932589741
2026-04-28 16:41:26,331 [INFO] Watch registered doc_id=1Mf2nZFw07lz1Xf3VtIBrTLANHEY2y_SWMDYTsmzkPJE meeting_id=93932589741
2026-04-28 16:41:37,762 [INFO] Temp S3 state created: s3://zoom-automation-bucket/temp/live-doc-history/2026/Month-4/2026-04-28/93932589741/
2026-04-28 16:41:37,764 [INFO] Successfully initialized doc tracking meeting_id=93932589741
2026-04-28 16:44:10,958 [INFO] Processing meeting.started for meeting_id=97232435519
2026-04-28 16:44:11,093 [INFO] Found doc_id=1IhWuLvWk1BbafeMm2_NAK8JYnpkVteoqkrJmTD6h8Wg for meeting_id=97232435519
2026-04-28 16:44:11,564 [INFO] Watch registered doc_id=1IhWuLvWk1BbafeMm2_NAK8JYnpkVteoqkrJmTD6h8Wg meeting_id=97232435519
2026-04-28 16:44:24,034 [INFO] Temp S3 state created: s3://zoom-automation-bucket/temp/live-doc-history/2026/Month-4/2026-04-28/97232435519/
2026-04-28 16:44:24,037 [INFO] Successfully initialized doc tracking meeting_id=97232435519
2026-04-28 16:45:20,910 [INFO] Processing meeting.started for meeting_id=91003504467
2026-04-28 16:45:21,073 [INFO] Found doc_id=18G0WqXip6vumcTxZ2WAfAGU2bWrM7u5U7WMXSpG9XMA for meeting_id=91003504467
2026-04-28 16:45:21,450 [INFO] Watch registered doc_id=18G0WqXip6vumcTxZ2WAfAGU2bWrM7u5U7WMXSpG9XMA meeting_id=91003504467
2026-04-28 16:45:32,564 [INFO] Temp S3 state created: s3://zoom-automation-bucket/temp/live-doc-history/2026/Month-4/2026-04-28/91003504467/
2026-04-28 16:45:32,566 [INFO] Successfully initialized doc tracking meeting_id=91003504467
2026-04-28 16:45:32,609 [INFO] Processing meeting.started for meeting_id=97956870577
2026-04-28 16:45:32,782 [INFO] Found doc_id=1s39u33uOPsx4r2yClJA6aO9-ll5jpUJX_f94toocaHw for meeting_id=97956870577
2026-04-28 16:45:33,310 [INFO] Watch registered doc_id=1s39u33uOPsx4r2yClJA6aO9-ll5jpUJX_f94toocaHw meeting_id=97956870577
2026-04-28 16:45:44,689 [INFO] Temp S3 state created: s3://zoom-automation-bucket/temp/live-doc-history/2026/Month-4/2026-04-28/97956870577/
2026-04-28 16:45:44,692 [INFO] Successfully initialized doc tracking meeting_id=97956870577
2026-04-28 16:45:44,749 [INFO] Processing meeting.started for meeting_id=91071465732
2026-04-28 16:45:44,873 [INFO] Found doc_id=1x0RAU4e73efWQ1J7QBx4MWtw63heJdSIcQFMoiTtutk for meeting_id=91071465732
2026-04-28 16:45:45,270 [INFO] Watch registered doc_id=1x0RAU4e73efWQ1J7QBx4MWtw63heJdSIcQFMoiTtutk meeting_id=91071465732
2026-04-28 16:45:55,258 [INFO] Temp S3 state created: s3://zoom-automation-bucket/temp/live-doc-history/2026/Month-4/2026-04-28/91071465732/
2026-04-28 16:45:55,260 [INFO] Successfully initialized doc tracking meeting_id=91071465732
2026-04-28 16:46:00,027 [INFO] Processing meeting.started for meeting_id=98219447532
2026-04-28 16:46:00,151 [INFO] Found doc_id=1BieSSBsIyygbgqYwmUxfFFxZ8kNw47Sn6uiNoH3LvZA for meeting_id=98219447532
2026-04-28 16:46:00,503 [INFO] Watch registered doc_id=1BieSSBsIyygbgqYwmUxfFFxZ8kNw47Sn6uiNoH3LvZA meeting_id=98219447532
2026-04-28 16:46:10,829 [INFO] Temp S3 state created: s3://zoom-automation-bucket/temp/live-doc-history/2026/Month-4/2026-04-28/98219447532/
2026-04-28 16:46:10,832 [INFO] Successfully initialized doc tracking meeting_id=98219447532
2026-04-28 16:46:40,971 [INFO] Processing meeting.started for meeting_id=97827774697
2026-04-28 16:46:41,136 [INFO] Found doc_id=1GolXBnOK4nPvV4wHSOHAXlXxwN-trkyqxpxQP0fL1po for meeting_id=97827774697
2026-04-28 16:46:41,482 [INFO] Watch registered doc_id=1GolXBnOK4nPvV4wHSOHAXlXxwN-trkyqxpxQP0fL1po meeting_id=97827774697
2026-04-28 16:46:54,446 [INFO] Temp S3 state created: s3://zoom-automation-bucket/temp/live-doc-history/2026/Month-4/2026-04-28/97827774697/
2026-04-28 16:46:54,449 [INFO] Successfully initialized doc tracking meeting_id=97827774697
2026-04-28 16:47:07,889 [INFO] Processing meeting.started for meeting_id=97823142215
2026-04-28 16:47:08,022 [INFO] Found doc_id=1o7HojfWQV5KssLNd6ZVGCMpOHinNjxRsb6T2RQpraP8 for meeting_id=97823142215
2026-04-28 16:47:08,490 [INFO] Watch registered doc_id=1o7HojfWQV5KssLNd6ZVGCMpOHinNjxRsb6T2RQpraP8 meeting_id=97823142215
2026-04-28 16:47:20,841 [INFO] Temp S3 state created: s3://zoom-automation-bucket/temp/live-doc-history/2026/Month-4/2026-04-28/97823142215/
2026-04-28 16:47:20,846 [INFO] Successfully initialized doc tracking meeting_id=97823142215
2026-04-28 16:51:14,342 [INFO] Processing meeting.started for meeting_id=93921780367
2026-04-28 16:51:14,493 [INFO] Found doc_id=1S0SqzSZwYvyfAo9ZEZtVnUgcLrxp8JAC7hg5CRySYCc for meeting_id=93921780367
2026-04-28 16:51:14,903 [INFO] Watch registered doc_id=1S0SqzSZwYvyfAo9ZEZtVnUgcLrxp8JAC7hg5CRySYCc meeting_id=93921780367
2026-04-28 16:51:26,680 [INFO] Temp S3 state created: s3://zoom-automation-bucket/temp/live-doc-history/2026/Month-4/2026-04-28/93921780367/
2026-04-28 16:51:26,683 [INFO] Successfully initialized doc tracking meeting_id=93921780367
2026-04-28 16:51:43,009 [INFO] Processing meeting.started for meeting_id=92983319880
2026-04-28 16:51:43,261 [INFO] Found doc_id=1iGMvDTP7n3JMy-zgKBRCTXXRjgLuVuuq9_h7YpwiGes for meeting_id=92983319880
2026-04-28 16:51:43,622 [INFO] Watch registered doc_id=1iGMvDTP7n3JMy-zgKBRCTXXRjgLuVuuq9_h7YpwiGes meeting_id=92983319880
2026-04-28 16:51:56,154 [INFO] Temp S3 state created: s3://zoom-automation-bucket/temp/live-doc-history/2026/Month-4/2026-04-28/92983319880/
2026-04-28 16:51:56,157 [INFO] Successfully initialized doc tracking meeting_id=92983319880
2026-04-28 17:03:04,788 [INFO] Processing meeting.started for meeting_id=97812576544
2026-04-28 17:03:05,036 [WARNING] No Salesforce record for meeting_id=97812576544
2026-04-28 17:03:05,036 [WARNING] Skipping meeting_id=97812576544 — no Salesforce match
2026-04-28 17:10:04,467 [INFO] Processing meeting.started for meeting_id=95552150441
2026-04-28 17:10:05,152 [INFO] Found doc_id=1L9nwG5I-F1e_drhUzt8g24jbTY5rFwf7qQFtQfZ_XsY for meeting_id=95552150441
2026-04-28 17:10:05,708 [INFO] Watch registered doc_id=1L9nwG5I-F1e_drhUzt8g24jbTY5rFwf7qQFtQfZ_XsY meeting_id=95552150441
2026-04-28 17:10:18,866 [INFO] Temp S3 state created: s3://zoom-automation-bucket/temp/live-doc-history/2026/Month-4/2026-04-28/95552150441/
2026-04-28 17:10:18,869 [INFO] Successfully initialized doc tracking meeting_id=95552150441
2026-04-28 17:16:03,938 [INFO] Processing meeting.started for meeting_id=96628536948
2026-04-28 17:16:04,661 [WARNING] No Salesforce record for meeting_id=96628536948
2026-04-28 17:16:04,661 [WARNING] Skipping meeting_id=96628536948 — no Salesforce match
2026-04-28 17:16:41,832 [INFO] Processing meeting.started for meeting_id=94660474113
2026-04-28 17:16:41,990 [INFO] Found doc_id=1WhznS3ZDSKi5CXXDRbte8xsnUAVw0ZiBKavB1xGa1Tg for meeting_id=94660474113
2026-04-28 17:16:42,397 [INFO] Watch registered doc_id=1WhznS3ZDSKi5CXXDRbte8xsnUAVw0ZiBKavB1xGa1Tg meeting_id=94660474113
2026-04-28 17:16:52,482 [INFO] Temp S3 state created: s3://zoom-automation-bucket/temp/live-doc-history/2026/Month-4/2026-04-28/94660474113/
2026-04-28 17:16:52,485 [INFO] Successfully initialized doc tracking meeting_id=94660474113
2026-04-28 17:17:02,100 [INFO] Processing meeting.started for meeting_id=95403231010
2026-04-28 17:17:02,604 [INFO] Found doc_id=1K_6_mMECEMH6GBd6rShNw_zMnAQ4XsaWuhONVjgeZWk for meeting_id=95403231010
2026-04-28 17:17:03,008 [INFO] Watch registered doc_id=1K_6_mMECEMH6GBd6rShNw_zMnAQ4XsaWuhONVjgeZWk meeting_id=95403231010
2026-04-28 17:17:16,657 [INFO] Temp S3 state created: s3://zoom-automation-bucket/temp/live-doc-history/2026/Month-4/2026-04-28/95403231010/
2026-04-28 17:17:16,659 [INFO] Successfully initialized doc tracking meeting_id=95403231010
2026-04-28 17:19:14,751 [INFO] Processing meeting.started for meeting_id=96095540991
2026-04-28 17:19:14,905 [INFO] Found doc_id=1_ixuZRY6_naGw0dqP_eh9YTovRjO2iktiGRT6pkKKCk for meeting_id=96095540991
2026-04-28 17:19:15,264 [INFO] Watch registered doc_id=1_ixuZRY6_naGw0dqP_eh9YTovRjO2iktiGRT6pkKKCk meeting_id=96095540991
2026-04-28 17:19:27,281 [INFO] Temp S3 state created: s3://zoom-automation-bucket/temp/live-doc-history/2026/Month-4/2026-04-28/96095540991/
2026-04-28 17:19:27,284 [INFO] Successfully initialized doc tracking meeting_id=96095540991
2026-04-28 17:21:18,575 [INFO] Processing meeting.started for meeting_id=91384783509
2026-04-28 17:21:18,711 [INFO] Found doc_id=1FWh9seJTSr5yQpubIxmVTDhmgEnVSMDGzcY_AGKT1iU for meeting_id=91384783509
2026-04-28 17:21:19,128 [INFO] Watch registered doc_id=1FWh9seJTSr5yQpubIxmVTDhmgEnVSMDGzcY_AGKT1iU meeting_id=91384783509
2026-04-28 17:21:31,290 [INFO] Temp S3 state created: s3://zoom-automation-bucket/temp/live-doc-history/2026/Month-4/2026-04-28/91384783509/
2026-04-28 17:21:31,292 [INFO] Successfully initialized doc tracking meeting_id=91384783509
2026-04-28 17:21:50,060 [INFO] Processing meeting.started for meeting_id=96076881219
2026-04-28 17:21:51,171 [WARNING] No Google_Docs_ID__c for meeting_id=96076881219
2026-04-28 17:27:45,835 [INFO] Processing meeting.started for meeting_id=97725883226
2026-04-28 17:27:46,575 [WARNING] No Salesforce record for meeting_id=97725883226
2026-04-28 17:27:46,575 [WARNING] Skipping meeting_id=97725883226 — no Salesforce match
2026-04-28 17:32:21,537 [INFO] Processing meeting.started for meeting_id=97598852843
2026-04-28 17:32:21,702 [INFO] Found doc_id=1eYPzck5m5JGYJQIwCgP7NoXIF9csGCu3ziECl6Ba5EQ for meeting_id=97598852843
2026-04-28 17:32:22,129 [INFO] Watch registered doc_id=1eYPzck5m5JGYJQIwCgP7NoXIF9csGCu3ziECl6Ba5EQ meeting_id=97598852843
2026-04-28 17:32:33,136 [INFO] Temp S3 state created: s3://zoom-automation-bucket/temp/live-doc-history/2026/Month-4/2026-04-28/97598852843/
2026-04-28 17:32:33,139 [INFO] Successfully initialized doc tracking meeting_id=97598852843
2026-04-28 17:33:49,386 [INFO] Processing meeting.started for meeting_id=97598852843
2026-04-28 17:33:49,507 [INFO] Found doc_id=1eYPzck5m5JGYJQIwCgP7NoXIF9csGCu3ziECl6Ba5EQ for meeting_id=97598852843
2026-04-28 17:33:49,915 [INFO] Watch registered doc_id=1eYPzck5m5JGYJQIwCgP7NoXIF9csGCu3ziECl6Ba5EQ meeting_id=97598852843
2026-04-28 17:34:03,448 [INFO] Temp S3 state created: s3://zoom-automation-bucket/temp/live-doc-history/2026/Month-4/2026-04-28/97598852843/
2026-04-28 17:34:03,451 [INFO] Successfully initialized doc tracking meeting_id=97598852843
2026-04-28 17:46:42,487 [INFO] Processing meeting.started for meeting_id=99084678129
2026-04-28 17:46:42,637 [INFO] Found doc_id=1MNiaOw7_tlMsa6zM07kdzULVqSKD3KKcuUcXpAXCHoI for meeting_id=99084678129
2026-04-28 17:46:43,011 [INFO] Watch registered doc_id=1MNiaOw7_tlMsa6zM07kdzULVqSKD3KKcuUcXpAXCHoI meeting_id=99084678129
2026-04-28 17:46:53,319 [INFO] Temp S3 state created: s3://zoom-automation-bucket/temp/live-doc-history/2026/Month-4/2026-04-28/99084678129/
2026-04-28 17:46:53,322 [INFO] Successfully initialized doc tracking meeting_id=99084678129
2026-04-28 17:47:53,062 [INFO] Processing meeting.started for meeting_id=95343613750
2026-04-28 17:47:53,223 [INFO] Found doc_id=1ekxnOfkJVlyrpcm-8ogdJrUKpyEwvI1PuaxI8R3Dtuk for meeting_id=95343613750
2026-04-28 17:47:53,584 [INFO] Watch registered doc_id=1ekxnOfkJVlyrpcm-8ogdJrUKpyEwvI1PuaxI8R3Dtuk meeting_id=95343613750
2026-04-28 17:48:06,305 [INFO] Temp S3 state created: s3://zoom-automation-bucket/temp/live-doc-history/2026/Month-4/2026-04-28/95343613750/
2026-04-28 17:48:06,306 [INFO] Successfully initialized doc tracking meeting_id=95343613750
2026-04-28 17:51:56,648 [INFO] Processing meeting.started for meeting_id=96752073838
2026-04-28 17:51:56,818 [INFO] Found doc_id=1XNMnvBPPitI_rqr7QudJfvV8MaPvmDRg8eGW8Hqium4 for meeting_id=96752073838
2026-04-28 17:51:57,237 [INFO] Watch registered doc_id=1XNMnvBPPitI_rqr7QudJfvV8MaPvmDRg8eGW8Hqium4 meeting_id=96752073838
2026-04-28 17:52:07,785 [INFO] Temp S3 state created: s3://zoom-automation-bucket/temp/live-doc-history/2026/Month-4/2026-04-28/96752073838/
2026-04-28 17:52:07,788 [INFO] Successfully initialized doc tracking meeting_id=96752073838
2026-04-28 17:53:49,617 [INFO] Processing meeting.started for meeting_id=96937150222
2026-04-28 17:53:49,781 [INFO] Found doc_id=1q8DxMHoSvmDU6NG07qOiua_6-mENBmKETuS8qFC4qlM for meeting_id=96937150222
2026-04-28 17:53:50,336 [INFO] Watch registered doc_id=1q8DxMHoSvmDU6NG07qOiua_6-mENBmKETuS8qFC4qlM meeting_id=96937150222
2026-04-28 17:54:02,019 [INFO] Temp S3 state created: s3://zoom-automation-bucket/temp/live-doc-history/2026/Month-4/2026-04-28/96937150222/
2026-04-28 17:54:02,022 [INFO] Successfully initialized doc tracking meeting_id=96937150222
2026-04-28 17:54:17,044 [INFO] Processing meeting.started for meeting_id=96937150222
2026-04-28 17:54:17,379 [INFO] Found doc_id=1q8DxMHoSvmDU6NG07qOiua_6-mENBmKETuS8qFC4qlM for meeting_id=96937150222
2026-04-28 17:54:17,869 [INFO] Watch registered doc_id=1q8DxMHoSvmDU6NG07qOiua_6-mENBmKETuS8qFC4qlM meeting_id=96937150222
2026-04-28 17:54:28,963 [INFO] Temp S3 state created: s3://zoom-automation-bucket/temp/live-doc-history/2026/Month-4/2026-04-28/96937150222/
2026-04-28 17:54:28,966 [INFO] Successfully initialized doc tracking meeting_id=96937150222
2026-04-28 17:56:03,421 [INFO] Processing meeting.started for meeting_id=94161513928
2026-04-28 17:56:03,677 [INFO] Found doc_id=154g9W4ggJBi4EXcVA2FDn1nKjU5jTMAW_FcoWuapU9Y for meeting_id=94161513928
2026-04-28 17:56:04,071 [INFO] Watch registered doc_id=154g9W4ggJBi4EXcVA2FDn1nKjU5jTMAW_FcoWuapU9Y meeting_id=94161513928
2026-04-28 17:56:18,065 [INFO] Temp S3 state created: s3://zoom-automation-bucket/temp/live-doc-history/2026/Month-4/2026-04-28/94161513928/
2026-04-28 17:56:18,068 [INFO] Successfully initialized doc tracking meeting_id=94161513928
2026-04-28 17:59:18,268 [INFO] Processing meeting.started for meeting_id=92241532508
2026-04-28 17:59:18,384 [WARNING] No Salesforce record for meeting_id=92241532508
2026-04-28 17:59:18,384 [WARNING] Skipping meeting_id=92241532508 — no Salesforce match
2026-04-28 18:03:04,199 [INFO] Processing meeting.started for meeting_id=94228461065
2026-04-28 18:03:04,931 [INFO] Found doc_id=15QeDNamvIdBDDVslVEfcP7Z74ZMZb9uZ_Jx0kXmI1YA for meeting_id=94228461065
2026-04-28 18:03:05,238 [INFO] Watch registered doc_id=15QeDNamvIdBDDVslVEfcP7Z74ZMZb9uZ_Jx0kXmI1YA meeting_id=94228461065
2026-04-28 18:03:17,825 [INFO] Temp S3 state created: s3://zoom-automation-bucket/temp/live-doc-history/2026/Month-4/2026-04-28/94228461065/
2026-04-28 18:03:17,828 [INFO] Successfully initialized doc tracking meeting_id=94228461065
2026-04-28 18:10:05,711 [INFO] Processing meeting.started for meeting_id=97663454717
2026-04-28 18:10:05,961 [INFO] Found doc_id=1hy_7TP9-h6WOcgXHnE9yntbDeRYx9L_71PGHHX7qDBQ for meeting_id=97663454717
2026-04-28 18:10:06,401 [INFO] Watch registered doc_id=1hy_7TP9-h6WOcgXHnE9yntbDeRYx9L_71PGHHX7qDBQ meeting_id=97663454717
2026-04-28 18:10:17,039 [INFO] Temp S3 state created: s3://zoom-automation-bucket/temp/live-doc-history/2026/Month-4/2026-04-28/97663454717/
2026-04-28 18:10:17,050 [INFO] Successfully initialized doc tracking meeting_id=97663454717
2026-04-28 18:17:15,131 [INFO] Processing meeting.started for meeting_id=95527253855
2026-04-28 18:17:15,499 [INFO] Found doc_id=1QxjO4HDaZ0sZEEZWUztdmFkyFSUQxJAPsGLlMGvcAv4 for meeting_id=95527253855
2026-04-28 18:17:16,008 [INFO] Watch registered doc_id=1QxjO4HDaZ0sZEEZWUztdmFkyFSUQxJAPsGLlMGvcAv4 meeting_id=95527253855
2026-04-28 18:17:26,559 [INFO] Temp S3 state created: s3://zoom-automation-bucket/temp/live-doc-history/2026/Month-4/2026-04-28/95527253855/
2026-04-28 18:17:26,562 [INFO] Successfully initialized doc tracking meeting_id=95527253855
2026-04-28 18:17:26,613 [INFO] Processing meeting.started for meeting_id=94442838177
2026-04-28 18:17:26,781 [WARNING] No Salesforce record for meeting_id=94442838177
2026-04-28 18:17:26,781 [WARNING] Skipping meeting_id=94442838177 — no Salesforce match
2026-04-28 18:19:31,003 [INFO] Processing meeting.started for meeting_id=95245307103
2026-04-28 18:19:31,196 [INFO] Found doc_id=1RGcsFaWrPtqM26DLmoq7ooTW5bEneFzyTbWOrwGufSI for meeting_id=95245307103
2026-04-28 18:19:31,670 [INFO] Watch registered doc_id=1RGcsFaWrPtqM26DLmoq7ooTW5bEneFzyTbWOrwGufSI meeting_id=95245307103
2026-04-28 18:19:43,262 [INFO] Temp S3 state created: s3://zoom-automation-bucket/temp/live-doc-history/2026/Month-4/2026-04-28/95245307103/
2026-04-28 18:19:43,265 [INFO] Successfully initialized doc tracking meeting_id=95245307103
2026-04-28 18:23:37,100 [INFO] Processing meeting.started for meeting_id=96224286626
2026-04-28 18:23:37,680 [WARNING] No Salesforce record for meeting_id=96224286626
2026-04-28 18:23:37,681 [WARNING] Skipping meeting_id=96224286626 — no Salesforce match
2026-04-28 18:25:00,389 [INFO] Processing meeting.started for meeting_id=96851055032
2026-04-28 18:25:00,527 [WARNING] No Salesforce record for meeting_id=96851055032
2026-04-28 18:25:00,527 [WARNING] Skipping meeting_id=96851055032 — no Salesforce match
2026-04-28 18:25:22,146 [INFO] Processing meeting.started for meeting_id=95178317832
2026-04-28 18:25:22,387 [WARNING] No Salesforce record for meeting_id=95178317832
2026-04-28 18:25:22,387 [WARNING] Skipping meeting_id=95178317832 — no Salesforce match
2026-04-28 18:26:17,836 [INFO] Processing meeting.started for meeting_id=98069059367
2026-04-28 18:26:17,984 [INFO] Found doc_id=1N3mixeVgf1cBQJHx9HPxtsH8a_owtKlRAwrJjS6aQf4 for meeting_id=98069059367
2026-04-28 18:26:18,437 [INFO] Watch registered doc_id=1N3mixeVgf1cBQJHx9HPxtsH8a_owtKlRAwrJjS6aQf4 meeting_id=98069059367
2026-04-28 18:26:30,859 [INFO] Temp S3 state created: s3://zoom-automation-bucket/temp/live-doc-history/2026/Month-4/2026-04-28/98069059367/
2026-04-28 18:26:30,864 [INFO] Successfully initialized doc tracking meeting_id=98069059367
2026-04-28 18:26:52,898 [INFO] Processing meeting.started for meeting_id=98607088324
2026-04-28 18:26:53,058 [INFO] Found doc_id=1jKSmn7_N8YVMj-KFCZA1CfsmTrvkJr4GYxvCDGTIktc for meeting_id=98607088324
2026-04-28 18:26:54,404 [INFO] Watch registered doc_id=1jKSmn7_N8YVMj-KFCZA1CfsmTrvkJr4GYxvCDGTIktc meeting_id=98607088324
2026-04-28 18:27:07,550 [INFO] Temp S3 state created: s3://zoom-automation-bucket/temp/live-doc-history/2026/Month-4/2026-04-28/98607088324/
2026-04-28 18:27:07,553 [INFO] Successfully initialized doc tracking meeting_id=98607088324
2026-04-28 18:28:24,284 [INFO] Processing meeting.started for meeting_id=97825751112
2026-04-28 18:28:24,472 [WARNING] No Salesforce record for meeting_id=97825751112
2026-04-28 18:28:24,473 [WARNING] Skipping meeting_id=97825751112 — no Salesforce match
2026-04-28 18:28:28,144 [INFO] Processing meeting.started for meeting_id=98607088324
2026-04-28 18:28:28,599 [INFO] Found doc_id=1jKSmn7_N8YVMj-KFCZA1CfsmTrvkJr4GYxvCDGTIktc for meeting_id=98607088324
2026-04-28 18:28:29,067 [INFO] Watch registered doc_id=1jKSmn7_N8YVMj-KFCZA1CfsmTrvkJr4GYxvCDGTIktc meeting_id=98607088324
2026-04-28 18:28:41,458 [INFO] Temp S3 state created: s3://zoom-automation-bucket/temp/live-doc-history/2026/Month-4/2026-04-28/98607088324/
2026-04-28 18:28:41,461 [INFO] Successfully initialized doc tracking meeting_id=98607088324
2026-04-28 18:29:31,973 [INFO] Processing meeting.started for meeting_id=99182185996
2026-04-28 18:29:32,239 [WARNING] No Salesforce record for meeting_id=99182185996
2026-04-28 18:29:32,239 [WARNING] Skipping meeting_id=99182185996 — no Salesforce match
2026-04-28 18:29:38,326 [INFO] Processing meeting.started for meeting_id=98148527857
2026-04-28 18:29:38,463 [INFO] Found doc_id=1cU_jMep_UHlg1uhCakXoh1sKPhg9DxmMBXZhnuQgee0 for meeting_id=98148527857
2026-04-28 18:29:38,872 [INFO] Watch registered doc_id=1cU_jMep_UHlg1uhCakXoh1sKPhg9DxmMBXZhnuQgee0 meeting_id=98148527857
2026-04-28 18:29:48,723 [INFO] Temp S3 state created: s3://zoom-automation-bucket/temp/live-doc-history/2026/Month-4/2026-04-28/98148527857/
2026-04-28 18:29:48,726 [INFO] Successfully initialized doc tracking meeting_id=98148527857
2026-04-28 18:33:23,113 [INFO] Processing meeting.started for meeting_id=91274663910
2026-04-28 18:33:23,688 [WARNING] No Salesforce record for meeting_id=91274663910
2026-04-28 18:33:23,689 [WARNING] Skipping meeting_id=91274663910 — no Salesforce match
2026-04-28 18:34:47,697 [INFO] Processing meeting.started for meeting_id=99391473089
2026-04-28 18:34:47,876 [WARNING] No Salesforce record for meeting_id=99391473089
2026-04-28 18:34:47,877 [WARNING] Skipping meeting_id=99391473089 — no Salesforce match
2026-04-28 18:38:06,629 [INFO] Processing meeting.started for meeting_id=91794085757
2026-04-28 18:38:06,778 [WARNING] No Salesforce record for meeting_id=91794085757
2026-04-28 18:38:06,778 [WARNING] Skipping meeting_id=91794085757 — no Salesforce match
2026-04-28 18:42:10,554 [INFO] Processing meeting.started for meeting_id=95001734583
2026-04-28 18:42:10,700 [INFO] Found doc_id=1Id26ubl2gASDAUkk23dKLUpCJb9jzMcxAQxTrmjOnIA for meeting_id=95001734583
2026-04-28 18:42:11,100 [INFO] Watch registered doc_id=1Id26ubl2gASDAUkk23dKLUpCJb9jzMcxAQxTrmjOnIA meeting_id=95001734583
2026-04-28 18:42:22,327 [INFO] Temp S3 state created: s3://zoom-automation-bucket/temp/live-doc-history/2026/Month-4/2026-04-28/95001734583/
2026-04-28 18:42:22,331 [INFO] Successfully initialized doc tracking meeting_id=95001734583
2026-04-28 18:42:22,394 [INFO] Processing meeting.started for meeting_id=98625125018
2026-04-28 18:42:23,049 [WARNING] No Salesforce record for meeting_id=98625125018
2026-04-28 18:42:23,049 [WARNING] Skipping meeting_id=98625125018 — no Salesforce match
2026-04-28 18:43:27,275 [INFO] Processing meeting.started for meeting_id=96134021246
2026-04-28 18:43:27,437 [INFO] Found doc_id=1DOCrus0n0a5evkUdsr_19bAKrHXTL8SVFQ3CHnQVcJU for meeting_id=96134021246
2026-04-28 18:43:27,881 [INFO] Watch registered doc_id=1DOCrus0n0a5evkUdsr_19bAKrHXTL8SVFQ3CHnQVcJU meeting_id=96134021246
2026-04-28 18:43:38,228 [INFO] Temp S3 state created: s3://zoom-automation-bucket/temp/live-doc-history/2026/Month-4/2026-04-28/96134021246/
2026-04-28 18:43:38,235 [INFO] Successfully initialized doc tracking meeting_id=96134021246
2026-04-28 18:44:58,537 [INFO] Processing meeting.started for meeting_id=96833833441
2026-04-28 18:44:58,681 [INFO] Found doc_id=1Qz_5spquKmXEC39gHR9RX5LzejsAOVvI9OTQN0LxnTw for meeting_id=96833833441
2026-04-28 18:44:59,046 [INFO] Watch registered doc_id=1Qz_5spquKmXEC39gHR9RX5LzejsAOVvI9OTQN0LxnTw meeting_id=96833833441
2026-04-28 18:45:11,463 [INFO] Temp S3 state created: s3://zoom-automation-bucket/temp/live-doc-history/2026/Month-4/2026-04-28/96833833441/
2026-04-28 18:45:11,466 [INFO] Successfully initialized doc tracking meeting_id=96833833441
2026-04-28 18:46:15,315 [INFO] Processing meeting.started for meeting_id=95973307155
2026-04-28 18:46:15,509 [INFO] Found doc_id=1yulzu8EaMl8VxCsjqpl3mLxOHcH5garyKxFPm34hFOc for meeting_id=95973307155
2026-04-28 18:46:15,859 [INFO] Watch registered doc_id=1yulzu8EaMl8VxCsjqpl3mLxOHcH5garyKxFPm34hFOc meeting_id=95973307155
2026-04-28 18:46:28,279 [INFO] Temp S3 state created: s3://zoom-automation-bucket/temp/live-doc-history/2026/Month-4/2026-04-28/95973307155/
2026-04-28 18:46:28,282 [INFO] Successfully initialized doc tracking meeting_id=95973307155
2026-04-28 18:47:00,391 [INFO] Processing meeting.started for meeting_id=93580846773
2026-04-28 18:47:00,724 [WARNING] No Salesforce record for meeting_id=93580846773
2026-04-28 18:47:00,724 [WARNING] Skipping meeting_id=93580846773 — no Salesforce match
2026-04-28 18:49:18,135 [INFO] Processing meeting.started for meeting_id=95669764264
2026-04-28 18:49:18,346 [INFO] Found doc_id=1CwXgBzUn6HnpXY0wqZ_G7gwlSJjh4PQTKlLBbwkrKBc for meeting_id=95669764264
2026-04-28 18:49:18,721 [INFO] Watch registered doc_id=1CwXgBzUn6HnpXY0wqZ_G7gwlSJjh4PQTKlLBbwkrKBc meeting_id=95669764264
2026-04-28 18:49:33,450 [INFO] Temp S3 state created: s3://zoom-automation-bucket/temp/live-doc-history/2026/Month-4/2026-04-28/95669764264/
2026-04-28 18:49:33,460 [INFO] Successfully initialized doc tracking meeting_id=95669764264
2026-04-28 18:51:24,759 [INFO] Processing meeting.started for meeting_id=91865649034
2026-04-28 18:51:24,877 [INFO] Found doc_id=1mbD2wPN1VEkYA8h5kWgpxk9z_hFmmecfRc9Dsp4xl-0 for meeting_id=91865649034
2026-04-28 18:51:25,241 [INFO] Watch registered doc_id=1mbD2wPN1VEkYA8h5kWgpxk9z_hFmmecfRc9Dsp4xl-0 meeting_id=91865649034
2026-04-28 18:51:35,295 [INFO] Temp S3 state created: s3://zoom-automation-bucket/temp/live-doc-history/2026/Month-4/2026-04-28/91865649034/
2026-04-28 18:51:35,299 [INFO] Successfully initialized doc tracking meeting_id=91865649034
2026-04-28 18:52:37,596 [INFO] Processing meeting.started for meeting_id=95065876453
2026-04-28 18:52:37,731 [INFO] Found doc_id=16oCqLIVLsvTzxb5GlNj2AcEdMpRk6siUqQQnyZVb7pc for meeting_id=95065876453
2026-04-28 18:52:38,135 [INFO] Watch registered doc_id=16oCqLIVLsvTzxb5GlNj2AcEdMpRk6siUqQQnyZVb7pc meeting_id=95065876453
2026-04-28 18:52:50,538 [INFO] Temp S3 state created: s3://zoom-automation-bucket/temp/live-doc-history/2026/Month-4/2026-04-28/95065876453/
2026-04-28 18:52:50,543 [INFO] Successfully initialized doc tracking meeting_id=95065876453
2026-04-28 18:53:46,959 [INFO] Processing meeting.started for meeting_id=91892888688
2026-04-28 18:53:47,076 [INFO] Found doc_id=1g7q7SftW5YxDvh08mclpLWF115M6LB9rQjWvTvnCqVw for meeting_id=91892888688
2026-04-28 18:53:47,460 [INFO] Watch registered doc_id=1g7q7SftW5YxDvh08mclpLWF115M6LB9rQjWvTvnCqVw meeting_id=91892888688
2026-04-28 18:54:01,767 [INFO] Temp S3 state created: s3://zoom-automation-bucket/temp/live-doc-history/2026/Month-4/2026-04-28/91892888688/
2026-04-28 18:54:01,773 [INFO] Successfully initialized doc tracking meeting_id=91892888688
2026-04-28 18:54:01,853 [INFO] Processing meeting.started for meeting_id=99761868170
2026-04-28 18:54:02,095 [INFO] Found doc_id=1RAgJKkGMDHsWrj_2mfN8QSb5mCQ1Db7SOVvOHdynYj8 for meeting_id=99761868170
2026-04-28 18:54:02,481 [INFO] Watch registered doc_id=1RAgJKkGMDHsWrj_2mfN8QSb5mCQ1Db7SOVvOHdynYj8 meeting_id=99761868170
2026-04-28 18:54:15,247 [INFO] Temp S3 state created: s3://zoom-automation-bucket/temp/live-doc-history/2026/Month-4/2026-04-28/99761868170/
2026-04-28 18:54:15,250 [INFO] Successfully initialized doc tracking meeting_id=99761868170
2026-04-28 18:55:13,134 [INFO] Processing meeting.started for meeting_id=97564268952
2026-04-28 18:55:13,255 [INFO] Found doc_id=19HgMdPD5ABUtlIsv5L62NvH178wmYc7mhJ2BkRN8-T8 for meeting_id=97564268952
2026-04-28 18:55:13,614 [INFO] Watch registered doc_id=19HgMdPD5ABUtlIsv5L62NvH178wmYc7mhJ2BkRN8-T8 meeting_id=97564268952
2026-04-28 18:55:25,003 [INFO] Temp S3 state created: s3://zoom-automation-bucket/temp/live-doc-history/2026/Month-4/2026-04-28/97564268952/
2026-04-28 18:55:25,006 [INFO] Successfully initialized doc tracking meeting_id=97564268952
2026-04-28 18:56:23,207 [INFO] Processing meeting.started for meeting_id=99447545762
2026-04-28 18:56:23,520 [WARNING] No Salesforce record for meeting_id=99447545762
2026-04-28 18:56:23,520 [WARNING] Skipping meeting_id=99447545762 — no Salesforce match
2026-04-28 18:57:16,437 [INFO] Processing meeting.started for meeting_id=98727577321
2026-04-28 18:57:16,597 [INFO] Found doc_id=1ltB-imi-r_Kvz2NdZEoAbBWNlcClbxHtgAXdAiQeC1E for meeting_id=98727577321
2026-04-28 18:57:16,970 [INFO] Watch registered doc_id=1ltB-imi-r_Kvz2NdZEoAbBWNlcClbxHtgAXdAiQeC1E meeting_id=98727577321
2026-04-28 18:57:27,119 [INFO] Temp S3 state created: s3://zoom-automation-bucket/temp/live-doc-history/2026/Month-4/2026-04-28/98727577321/
2026-04-28 18:57:27,122 [INFO] Successfully initialized doc tracking meeting_id=98727577321
2026-04-28 18:58:29,859 [INFO] Processing meeting.started for meeting_id=98878852243
2026-04-28 18:58:30,052 [INFO] Found doc_id=17AujQQxHPeuDKjvSVyY95_DY-DJBFhc0D-TUyH_JKpw for meeting_id=98878852243
2026-04-28 18:58:31,001 [INFO] Watch registered doc_id=17AujQQxHPeuDKjvSVyY95_DY-DJBFhc0D-TUyH_JKpw meeting_id=98878852243
2026-04-28 18:58:41,734 [INFO] Temp S3 state created: s3://zoom-automation-bucket/temp/live-doc-history/2026/Month-4/2026-04-28/98878852243/
2026-04-28 18:58:41,737 [INFO] Successfully initialized doc tracking meeting_id=98878852243
2026-04-28 19:00:28,362 [INFO] Processing meeting.started for meeting_id=99682138757
2026-04-28 19:00:28,512 [WARNING] No Salesforce record for meeting_id=99682138757
2026-04-28 19:00:28,513 [WARNING] Skipping meeting_id=99682138757 — no Salesforce match
2026-04-28 19:06:57,561 [INFO] Processing meeting.started for meeting_id=96343325440
2026-04-28 19:06:57,705 [INFO] Found doc_id=1nOBwFSsNEALLBL8oSmxQLe71XriG5Jto2X31oFEzpB4 for meeting_id=96343325440
2026-04-28 19:06:58,234 [INFO] Watch registered doc_id=1nOBwFSsNEALLBL8oSmxQLe71XriG5Jto2X31oFEzpB4 meeting_id=96343325440
2026-04-28 19:07:08,527 [INFO] Temp S3 state created: s3://zoom-automation-bucket/temp/live-doc-history/2026/Month-4/2026-04-28/96343325440/
2026-04-28 19:07:08,530 [INFO] Successfully initialized doc tracking meeting_id=96343325440
2026-04-28 19:07:47,346 [INFO] Processing meeting.started for meeting_id=94051426958
2026-04-28 19:07:47,469 [INFO] Found doc_id=1cyCfOofsdA3HLGCiP3nEF2m0WynDzWNP32JN-IWfHaI for meeting_id=94051426958
2026-04-28 19:07:47,881 [INFO] Watch registered doc_id=1cyCfOofsdA3HLGCiP3nEF2m0WynDzWNP32JN-IWfHaI meeting_id=94051426958
2026-04-28 19:07:59,564 [INFO] Temp S3 state created: s3://zoom-automation-bucket/temp/live-doc-history/2026/Month-4/2026-04-28/94051426958/
2026-04-28 19:07:59,566 [INFO] Successfully initialized doc tracking meeting_id=94051426958
2026-04-28 19:15:24,591 [INFO] Processing meeting.started for meeting_id=92316579995
2026-04-28 19:15:24,920 [INFO] Found doc_id=13ZrRYLQ__pIOOzsAHjUHweEUhkDX7b7npII0vgOE4is for meeting_id=92316579995
2026-04-28 19:15:25,322 [INFO] Watch registered doc_id=13ZrRYLQ__pIOOzsAHjUHweEUhkDX7b7npII0vgOE4is meeting_id=92316579995
2026-04-28 19:15:36,969 [INFO] Temp S3 state created: s3://zoom-automation-bucket/temp/live-doc-history/2026/Month-4/2026-04-28/92316579995/
2026-04-28 19:15:36,974 [INFO] Successfully initialized doc tracking meeting_id=92316579995
2026-04-28 19:19:07,018 [INFO] Processing meeting.started for meeting_id=95001734583
2026-04-28 19:19:07,140 [INFO] Found doc_id=1Id26ubl2gASDAUkk23dKLUpCJb9jzMcxAQxTrmjOnIA for meeting_id=95001734583
2026-04-28 19:19:07,520 [INFO] Watch registered doc_id=1Id26ubl2gASDAUkk23dKLUpCJb9jzMcxAQxTrmjOnIA meeting_id=95001734583
2026-04-28 19:19:20,752 [INFO] Temp S3 state created: s3://zoom-automation-bucket/temp/live-doc-history/2026/Month-4/2026-04-28/95001734583/
2026-04-28 19:19:20,755 [INFO] Successfully initialized doc tracking meeting_id=95001734583
2026-04-28 19:24:41,104 [INFO] Processing meeting.started for meeting_id=96343325440
2026-04-28 19:24:41,239 [INFO] Found doc_id=1nOBwFSsNEALLBL8oSmxQLe71XriG5Jto2X31oFEzpB4 for meeting_id=96343325440
2026-04-28 19:24:45,465 [INFO] Watch registered doc_id=1nOBwFSsNEALLBL8oSmxQLe71XriG5Jto2X31oFEzpB4 meeting_id=96343325440
2026-04-28 19:24:59,029 [INFO] Temp S3 state created: s3://zoom-automation-bucket/temp/live-doc-history/2026/Month-4/2026-04-28/96343325440/
2026-04-28 19:24:59,031 [INFO] Successfully initialized doc tracking meeting_id=96343325440
2026-04-28 19:25:25,780 [INFO] Processing meeting.started for meeting_id=97697806602
2026-04-28 19:25:25,914 [INFO] Found doc_id=1PJ7FUA8mVf74F0h_sLHtcHOJgYFX7MhM6KumHC_sI-w for meeting_id=97697806602
2026-04-28 19:25:26,915 [INFO] Watch registered doc_id=1PJ7FUA8mVf74F0h_sLHtcHOJgYFX7MhM6KumHC_sI-w meeting_id=97697806602
2026-04-28 19:25:40,385 [INFO] Temp S3 state created: s3://zoom-automation-bucket/temp/live-doc-history/2026/Month-4/2026-04-28/97697806602/
2026-04-28 19:25:40,388 [INFO] Successfully initialized doc tracking meeting_id=97697806602
2026-04-28 19:27:57,672 [INFO] Processing meeting.started for meeting_id=92587069263
2026-04-28 19:27:57,781 [WARNING] No Salesforce record for meeting_id=92587069263
2026-04-28 19:27:57,781 [WARNING] Skipping meeting_id=92587069263 — no Salesforce match
2026-04-28 19:30:30,403 [INFO] Processing meeting.started for meeting_id=93133212464
2026-04-28 19:30:30,557 [WARNING] No Salesforce record for meeting_id=93133212464
2026-04-28 19:30:30,557 [WARNING] Skipping meeting_id=93133212464 — no Salesforce match
2026-04-28 19:34:26,683 [INFO] Processing meeting.started for meeting_id=94596684010
2026-04-28 19:34:26,874 [WARNING] No Salesforce record for meeting_id=94596684010
2026-04-28 19:34:26,874 [WARNING] Skipping meeting_id=94596684010 — no Salesforce match
2026-04-28 19:42:01,417 [INFO] Processing meeting.started for meeting_id=99682138757
2026-04-28 19:42:01,587 [WARNING] No Salesforce record for meeting_id=99682138757
2026-04-28 19:42:01,587 [WARNING] Skipping meeting_id=99682138757 — no Salesforce match
2026-04-28 19:48:13,730 [INFO] Processing meeting.started for meeting_id=96853860314
2026-04-28 19:48:14,064 [INFO] Found doc_id=1YB6qqoIQV2db0jCmLZ57XaoifT1lR6UkQ9WLKlb1dIM for meeting_id=96853860314
2026-04-28 19:48:14,585 [INFO] Watch registered doc_id=1YB6qqoIQV2db0jCmLZ57XaoifT1lR6UkQ9WLKlb1dIM meeting_id=96853860314
2026-04-28 19:48:26,961 [INFO] Temp S3 state created: s3://zoom-automation-bucket/temp/live-doc-history/2026/Month-4/2026-04-28/96853860314/
2026-04-28 19:48:26,964 [INFO] Successfully initialized doc tracking meeting_id=96853860314
2026-04-28 19:50:31,784 [INFO] Processing meeting.started for meeting_id=91047333641
2026-04-28 19:50:31,925 [INFO] Found doc_id=1oK1cTqSLgZ2vr4xbXyCyzSNsJljLhMq7B7idCgHSCi0 for meeting_id=91047333641
2026-04-28 19:50:32,361 [INFO] Watch registered doc_id=1oK1cTqSLgZ2vr4xbXyCyzSNsJljLhMq7B7idCgHSCi0 meeting_id=91047333641
2026-04-28 19:50:45,952 [INFO] Temp S3 state created: s3://zoom-automation-bucket/temp/live-doc-history/2026/Month-4/2026-04-28/91047333641/
2026-04-28 19:50:45,954 [INFO] Successfully initialized doc tracking meeting_id=91047333641
2026-04-28 19:51:18,926 [INFO] Processing meeting.started for meeting_id=98178375313
2026-04-28 19:51:19,094 [INFO] Found doc_id=1dUeS7x0OgeBhapZr10Qa3WhQlBuNbxRdvfQzaqWbq2Y for meeting_id=98178375313
2026-04-28 19:51:19,463 [INFO] Watch registered doc_id=1dUeS7x0OgeBhapZr10Qa3WhQlBuNbxRdvfQzaqWbq2Y meeting_id=98178375313
2026-04-28 19:51:31,906 [INFO] Temp S3 state created: s3://zoom-automation-bucket/temp/live-doc-history/2026/Month-4/2026-04-28/98178375313/
2026-04-28 19:51:31,908 [INFO] Successfully initialized doc tracking meeting_id=98178375313
2026-04-28 19:52:12,797 [INFO] Processing meeting.started for meeting_id=91339609150
2026-04-28 19:52:12,952 [INFO] Found doc_id=1rL6RDkHuxfLrPZ5tnmcTMWayyJnQMYA7iKwQG9fkLUs for meeting_id=91339609150
2026-04-28 19:52:13,298 [INFO] Watch registered doc_id=1rL6RDkHuxfLrPZ5tnmcTMWayyJnQMYA7iKwQG9fkLUs meeting_id=91339609150
2026-04-28 19:52:23,481 [INFO] Temp S3 state created: s3://zoom-automation-bucket/temp/live-doc-history/2026/Month-4/2026-04-28/91339609150/
2026-04-28 19:52:23,483 [INFO] Successfully initialized doc tracking meeting_id=91339609150
2026-04-28 19:52:35,910 [INFO] Processing meeting.started for meeting_id=91853212615
2026-04-28 19:52:36,034 [INFO] Found doc_id=1P2VFtX4Tzh74ov_Mh9EGmHGsBQLnfmEpD81jcfBq0lU for meeting_id=91853212615
2026-04-28 19:52:36,450 [INFO] Watch registered doc_id=1P2VFtX4Tzh74ov_Mh9EGmHGsBQLnfmEpD81jcfBq0lU meeting_id=91853212615
2026-04-28 19:52:48,717 [INFO] Temp S3 state created: s3://zoom-automation-bucket/temp/live-doc-history/2026/Month-4/2026-04-28/91853212615/
2026-04-28 19:52:48,720 [INFO] Successfully initialized doc tracking meeting_id=91853212615
2026-04-28 19:52:48,783 [INFO] Processing meeting.started for meeting_id=94384023620
2026-04-28 19:52:48,928 [INFO] Found doc_id=1IRULPBv4gw-YZBfCrrjC83QKnDG33TtXWuvNOCfxo5c for meeting_id=94384023620
2026-04-28 19:52:49,263 [INFO] Watch registered doc_id=1IRULPBv4gw-YZBfCrrjC83QKnDG33TtXWuvNOCfxo5c meeting_id=94384023620
2026-04-28 19:53:01,395 [INFO] Temp S3 state created: s3://zoom-automation-bucket/temp/live-doc-history/2026/Month-4/2026-04-28/94384023620/
2026-04-28 19:53:01,397 [INFO] Successfully initialized doc tracking meeting_id=94384023620
2026-04-28 20:02:32,189 [INFO] Processing meeting.started for meeting_id=93175736925
2026-04-28 20:02:32,663 [WARNING] No Salesforce record for meeting_id=93175736925
2026-04-28 20:02:32,663 [WARNING] Skipping meeting_id=93175736925 — no Salesforce match
2026-04-28 20:18:20,447 [INFO] Processing meeting.started for meeting_id=98646118940
2026-04-28 20:18:20,715 [INFO] Found doc_id=1-xS0qqja884zYhoWwLlz3i8rZ1dai4k_Coj9NEIq2b8 for meeting_id=98646118940
2026-04-28 20:18:21,168 [INFO] Watch registered doc_id=1-xS0qqja884zYhoWwLlz3i8rZ1dai4k_Coj9NEIq2b8 meeting_id=98646118940
2026-04-28 20:18:32,679 [INFO] Temp S3 state created: s3://zoom-automation-bucket/temp/live-doc-history/2026/Month-4/2026-04-28/98646118940/
2026-04-28 20:18:32,682 [INFO] Successfully initialized doc tracking meeting_id=98646118940
2026-04-28 20:18:52,817 [INFO] Processing meeting.started for meeting_id=96485658576
2026-04-28 20:18:52,931 [WARNING] No Salesforce record for meeting_id=96485658576
2026-04-28 20:18:52,931 [WARNING] Skipping meeting_id=96485658576 — no Salesforce match
2026-04-28 20:18:59,759 [INFO] Processing meeting.started for meeting_id=96011506011
2026-04-28 20:18:59,883 [INFO] Found doc_id=1jPmUZi266u4dJHIjyCIza7hfAv7dc09yAT5Ernh94YY for meeting_id=96011506011
2026-04-28 20:19:00,238 [INFO] Watch registered doc_id=1jPmUZi266u4dJHIjyCIza7hfAv7dc09yAT5Ernh94YY meeting_id=96011506011
2026-04-28 20:19:10,234 [INFO] Temp S3 state created: s3://zoom-automation-bucket/temp/live-doc-history/2026/Month-4/2026-04-28/96011506011/
2026-04-28 20:19:10,238 [INFO] Successfully initialized doc tracking meeting_id=96011506011
2026-04-28 20:20:12,243 [INFO] Processing meeting.started for meeting_id=97002140355
2026-04-28 20:20:12,367 [INFO] Found doc_id=1pYxfmrsdVZ8HF6r8NfX-sjSTuCrqFFQ8-Fllb2aUiJs for meeting_id=97002140355
2026-04-28 20:20:12,734 [INFO] Watch registered doc_id=1pYxfmrsdVZ8HF6r8NfX-sjSTuCrqFFQ8-Fllb2aUiJs meeting_id=97002140355
2026-04-28 20:20:22,756 [INFO] Temp S3 state created: s3://zoom-automation-bucket/temp/live-doc-history/2026/Month-4/2026-04-28/97002140355/
2026-04-28 20:20:22,758 [INFO] Successfully initialized doc tracking meeting_id=97002140355
2026-04-28 20:20:33,556 [INFO] Processing meeting.started for meeting_id=96065733608
2026-04-28 20:20:33,708 [INFO] Found doc_id=1o0Rk_JtZuCbjUK23iIa8SBLVuJKFSIzpPm-PooielYQ for meeting_id=96065733608
2026-04-28 20:20:34,084 [INFO] Watch registered doc_id=1o0Rk_JtZuCbjUK23iIa8SBLVuJKFSIzpPm-PooielYQ meeting_id=96065733608
2026-04-28 20:20:46,783 [INFO] Temp S3 state created: s3://zoom-automation-bucket/temp/live-doc-history/2026/Month-4/2026-04-28/96065733608/
2026-04-28 20:20:46,787 [INFO] Successfully initialized doc tracking meeting_id=96065733608
2026-04-28 20:22:21,706 [INFO] Processing meeting.started for meeting_id=99682138757
2026-04-28 20:22:21,959 [WARNING] No Salesforce record for meeting_id=99682138757
2026-04-28 20:22:21,960 [WARNING] Skipping meeting_id=99682138757 — no Salesforce match
2026-04-28 20:23:02,674 [INFO] Processing meeting.started for meeting_id=96011506011
2026-04-28 20:23:02,824 [INFO] Found doc_id=1jPmUZi266u4dJHIjyCIza7hfAv7dc09yAT5Ernh94YY for meeting_id=96011506011
2026-04-28 20:23:03,403 [INFO] Watch registered doc_id=1jPmUZi266u4dJHIjyCIza7hfAv7dc09yAT5Ernh94YY meeting_id=96011506011
2026-04-28 20:23:15,931 [INFO] Temp S3 state created: s3://zoom-automation-bucket/temp/live-doc-history/2026/Month-4/2026-04-28/96011506011/
2026-04-28 20:23:15,934 [INFO] Successfully initialized doc tracking meeting_id=96011506011
2026-04-28 20:25:08,812 [INFO] Processing meeting.started for meeting_id=97786093694
2026-04-28 20:25:08,959 [WARNING] No Salesforce record for meeting_id=97786093694
2026-04-28 20:25:08,959 [WARNING] Skipping meeting_id=97786093694 — no Salesforce match
2026-04-28 20:28:05,827 [INFO] Processing meeting.started for meeting_id=97002140355
2026-04-28 20:28:06,190 [INFO] Found doc_id=1pYxfmrsdVZ8HF6r8NfX-sjSTuCrqFFQ8-Fllb2aUiJs for meeting_id=97002140355
2026-04-28 20:28:06,597 [INFO] Watch registered doc_id=1pYxfmrsdVZ8HF6r8NfX-sjSTuCrqFFQ8-Fllb2aUiJs meeting_id=97002140355
2026-04-28 20:28:17,531 [INFO] Temp S3 state created: s3://zoom-automation-bucket/temp/live-doc-history/2026/Month-4/2026-04-28/97002140355/
2026-04-28 20:28:17,534 [INFO] Successfully initialized doc tracking meeting_id=97002140355
2026-04-28 20:28:38,964 [INFO] Processing meeting.started for meeting_id=99248559793
2026-04-28 20:28:39,096 [WARNING] No Salesforce record for meeting_id=99248559793
2026-04-28 20:28:39,096 [WARNING] Skipping meeting_id=99248559793 — no Salesforce match
2026-04-28 20:30:51,009 [INFO] Processing meeting.started for meeting_id=94704490333
2026-04-28 20:30:51,144 [WARNING] No Salesforce record for meeting_id=94704490333
2026-04-28 20:30:51,144 [WARNING] Skipping meeting_id=94704490333 — no Salesforce match
2026-04-28 20:32:29,587 [INFO] Processing meeting.started for meeting_id=91274663910
2026-04-28 20:32:29,745 [WARNING] No Salesforce record for meeting_id=91274663910
2026-04-28 20:32:29,745 [WARNING] Skipping meeting_id=91274663910 — no Salesforce match
2026-04-28 20:33:00,959 [INFO] Processing meeting.started for meeting_id=99391473089
2026-04-28 20:33:01,101 [WARNING] No Salesforce record for meeting_id=99391473089
2026-04-28 20:33:01,101 [WARNING] Skipping meeting_id=99391473089 — no Salesforce match
2026-04-28 20:39:52,775 [INFO] Processing meeting.started for meeting_id=96851055032
2026-04-28 20:39:52,932 [WARNING] No Salesforce record for meeting_id=96851055032
2026-04-28 20:39:52,932 [WARNING] Skipping meeting_id=96851055032 — no Salesforce match
2026-04-28 20:47:41,826 [INFO] Processing meeting.started for meeting_id=97010012474
2026-04-28 20:47:41,965 [INFO] Found doc_id=1_5LhNRZ-geFqSfuWj5XNIhkJ7sROqbPu3QLluK0HawY for meeting_id=97010012474
2026-04-28 20:47:42,392 [INFO] Watch registered doc_id=1_5LhNRZ-geFqSfuWj5XNIhkJ7sROqbPu3QLluK0HawY meeting_id=97010012474
2026-04-28 20:47:52,704 [INFO] Temp S3 state created: s3://zoom-automation-bucket/temp/live-doc-history/2026/Month-4/2026-04-28/97010012474/
2026-04-28 20:47:52,707 [INFO] Successfully initialized doc tracking meeting_id=97010012474
2026-04-28 20:49:05,507 [INFO] Processing meeting.started for meeting_id=94671937797
2026-04-28 20:49:05,661 [WARNING] No Google_Docs_ID__c for meeting_id=94671937797
2026-04-28 20:49:28,945 [INFO] Processing meeting.started for meeting_id=93580846773
2026-04-28 20:49:29,097 [WARNING] No Salesforce record for meeting_id=93580846773
2026-04-28 20:49:29,097 [WARNING] Skipping meeting_id=93580846773 — no Salesforce match
2026-04-28 20:53:56,563 [INFO] Processing meeting.started for meeting_id=98500436972
2026-04-28 20:53:56,704 [INFO] Found doc_id=1f445I7SNcthw7uUW6xoi6iLjM-UjrPZRRaKAW-LoroY for meeting_id=98500436972
2026-04-28 20:53:57,095 [INFO] Watch registered doc_id=1f445I7SNcthw7uUW6xoi6iLjM-UjrPZRRaKAW-LoroY meeting_id=98500436972
2026-04-28 20:54:11,861 [INFO] Temp S3 state created: s3://zoom-automation-bucket/temp/live-doc-history/2026/Month-4/2026-04-28/98500436972/
2026-04-28 20:54:11,865 [INFO] Successfully initialized doc tracking meeting_id=98500436972
2026-04-28 20:57:23,029 [INFO] Processing meeting.started for meeting_id=91794085757
2026-04-28 20:57:23,145 [WARNING] No Salesforce record for meeting_id=91794085757
2026-04-28 20:57:23,147 [WARNING] Skipping meeting_id=91794085757 — no Salesforce match
2026-04-28 21:22:30,287 [INFO] Processing meeting.started for meeting_id=95312386632
2026-04-28 21:22:30,423 [INFO] Found doc_id=1tw8Eh6ZCy37f0gvGGbZIgeGTQbVe14j7mFRQb6M6xh8 for meeting_id=95312386632
2026-04-28 21:22:30,784 [INFO] Watch registered doc_id=1tw8Eh6ZCy37f0gvGGbZIgeGTQbVe14j7mFRQb6M6xh8 meeting_id=95312386632
2026-04-28 21:22:42,306 [INFO] Temp S3 state created: s3://zoom-automation-bucket/temp/live-doc-history/2026/Month-4/2026-04-28/95312386632/
2026-04-28 21:22:42,308 [INFO] Successfully initialized doc tracking meeting_id=95312386632
2026-04-28 21:30:34,125 [INFO] Processing meeting.started for meeting_id=96152313811
2026-04-28 21:30:34,251 [INFO] Found doc_id=1jBesN_QgE4FDO-EENQvB-cDHqrqxHEKhtZYLvAJjXAo for meeting_id=96152313811
2026-04-28 21:30:35,149 [INFO] Watch registered doc_id=1jBesN_QgE4FDO-EENQvB-cDHqrqxHEKhtZYLvAJjXAo meeting_id=96152313811
2026-04-28 21:30:45,320 [INFO] Temp S3 state created: s3://zoom-automation-bucket/temp/live-doc-history/2026/Month-4/2026-04-28/96152313811/
2026-04-28 21:30:45,324 [INFO] Successfully initialized doc tracking meeting_id=96152313811
2026-04-28 21:48:30,031 [INFO] Processing meeting.started for meeting_id=96553217412
2026-04-28 21:48:30,245 [INFO] Found doc_id=12zxERdVbvbtdaCFKKXGZ8MKhdI3txrqyEI2ty8hTf2o for meeting_id=96553217412
2026-04-28 21:48:30,646 [INFO] Watch registered doc_id=12zxERdVbvbtdaCFKKXGZ8MKhdI3txrqyEI2ty8hTf2o meeting_id=96553217412
2026-04-28 21:48:41,242 [INFO] Temp S3 state created: s3://zoom-automation-bucket/temp/live-doc-history/2026/Month-4/2026-04-28/96553217412/
2026-04-28 21:48:41,246 [INFO] Successfully initialized doc tracking meeting_id=96553217412
2026-04-28 21:53:57,585 [INFO] Processing meeting.started for meeting_id=98005446697
2026-04-28 21:53:57,832 [INFO] Found doc_id=1NCYfCqXWy566pIGiicM9iCkiMvRKS68HIPAx7r0Ml8o for meeting_id=98005446697
2026-04-28 21:53:58,181 [INFO] Watch registered doc_id=1NCYfCqXWy566pIGiicM9iCkiMvRKS68HIPAx7r0Ml8o meeting_id=98005446697
2026-04-28 21:54:08,854 [INFO] Temp S3 state created: s3://zoom-automation-bucket/temp/live-doc-history/2026/Month-4/2026-04-28/98005446697/
2026-04-28 21:54:08,858 [INFO] Successfully initialized doc tracking meeting_id=98005446697
2026-04-28 21:55:52,319 [INFO] Processing meeting.started for meeting_id=91909910944
2026-04-28 21:55:52,412 [WARNING] No Salesforce record for meeting_id=91909910944
2026-04-28 21:55:52,413 [WARNING] Skipping meeting_id=91909910944 — no Salesforce match
2026-04-28 21:56:51,391 [INFO] Processing meeting.started for meeting_id=98339168127
2026-04-28 21:56:51,477 [WARNING] No Salesforce record for meeting_id=98339168127
2026-04-28 21:56:51,478 [WARNING] Skipping meeting_id=98339168127 — no Salesforce match
2026-04-28 22:00:10,565 [INFO] Processing meeting.started for meeting_id=93921894360
2026-04-28 22:00:10,691 [WARNING] No Salesforce record for meeting_id=93921894360
2026-04-28 22:00:10,691 [WARNING] Skipping meeting_id=93921894360 — no Salesforce match
2026-04-28 23:05:01,138 [INFO] Processing meeting.started for meeting_id=94559792363
2026-04-28 23:05:01,294 [WARNING] No Salesforce record for meeting_id=94559792363
2026-04-28 23:05:01,294 [WARNING] Skipping meeting_id=94559792363 — no Salesforce match
2026-04-29 12:56:48,116 [INFO] Processing meeting.started for meeting_id=93061871081
2026-04-29 12:56:49,579 [INFO] Found doc_id=1w5E6kKMuzdIJYnrw-imdz0qgglEE_GT40NraqJ-7gd8 for meeting_id=93061871081
2026-04-29 12:56:50,011 [INFO] Watch registered doc_id=1w5E6kKMuzdIJYnrw-imdz0qgglEE_GT40NraqJ-7gd8 meeting_id=93061871081
2026-04-29 12:57:00,398 [INFO] Temp S3 state created: s3://zoom-automation-bucket/temp/live-doc-history/2026/Month-4/2026-04-29/93061871081/
2026-04-29 12:57:00,401 [INFO] Successfully initialized doc tracking meeting_id=93061871081
2026-04-29 13:29:20,060 [INFO] Processing meeting.started for meeting_id=96491076129
2026-04-29 13:29:20,292 [WARNING] No Salesforce record for meeting_id=96491076129
2026-04-29 13:29:20,292 [WARNING] Skipping meeting_id=96491076129 — no Salesforce match
2026-04-29 13:30:36,876 [INFO] Processing meeting.started for meeting_id=99391473089
2026-04-29 13:30:37,073 [WARNING] No Salesforce record for meeting_id=99391473089
2026-04-29 13:30:37,073 [WARNING] Skipping meeting_id=99391473089 — no Salesforce match
2026-04-29 13:34:43,733 [INFO] Processing meeting.started for meeting_id=93795690983
2026-04-29 13:34:43,883 [WARNING] No Salesforce record for meeting_id=93795690983
2026-04-29 13:34:43,883 [WARNING] Skipping meeting_id=93795690983 — no Salesforce match
2026-04-29 13:34:45,250 [INFO] Processing meeting.started for meeting_id=96835294459
2026-04-29 13:34:45,386 [WARNING] No Salesforce record for meeting_id=96835294459
2026-04-29 13:34:45,386 [WARNING] Skipping meeting_id=96835294459 — no Salesforce match
2026-04-29 13:39:33,266 [INFO] Processing meeting.started for meeting_id=91274663910
2026-04-29 13:39:33,567 [WARNING] No Salesforce record for meeting_id=91274663910
2026-04-29 13:39:33,567 [WARNING] Skipping meeting_id=91274663910 — no Salesforce match
2026-04-29 13:40:18,101 [INFO] Processing meeting.started for meeting_id=99443727183
2026-04-29 13:40:18,197 [WARNING] No Salesforce record for meeting_id=99443727183
2026-04-29 13:40:18,197 [WARNING] Skipping meeting_id=99443727183 — no Salesforce match
2026-04-29 13:42:19,145 [INFO] Processing meeting.started for meeting_id=95791744107
2026-04-29 13:42:19,251 [WARNING] No Salesforce record for meeting_id=95791744107
2026-04-29 13:42:19,252 [WARNING] Skipping meeting_id=95791744107 — no Salesforce match
2026-04-29 13:44:10,539 [INFO] Processing meeting.started for meeting_id=99182185996
2026-04-29 13:44:10,648 [WARNING] No Salesforce record for meeting_id=99182185996
2026-04-29 13:44:10,648 [WARNING] Skipping meeting_id=99182185996 — no Salesforce match
2026-04-29 13:45:59,465 [INFO] Processing meeting.started for meeting_id=97738156718
2026-04-29 13:45:59,574 [INFO] Found doc_id=1CKP5OiMp-pnGS5WCIJzqF8t3J00zoNW3UwXeHRu21QE for meeting_id=97738156718
2026-04-29 13:45:59,960 [INFO] Watch registered doc_id=1CKP5OiMp-pnGS5WCIJzqF8t3J00zoNW3UwXeHRu21QE meeting_id=97738156718
2026-04-29 13:46:11,092 [INFO] Temp S3 state created: s3://zoom-automation-bucket/temp/live-doc-history/2026/Month-4/2026-04-29/97738156718/
2026-04-29 13:46:11,095 [INFO] Successfully initialized doc tracking meeting_id=97738156718
2026-04-29 13:49:06,882 [INFO] Processing meeting.started for meeting_id=91826299375
2026-04-29 13:49:06,995 [INFO] Found doc_id=1vNJ2eOD6O2Mm8JrdQhoNmTkd00IZH3pBTxbni9Db_Qc for meeting_id=91826299375
2026-04-29 13:49:07,404 [INFO] Watch registered doc_id=1vNJ2eOD6O2Mm8JrdQhoNmTkd00IZH3pBTxbni9Db_Qc meeting_id=91826299375
2026-04-29 13:49:19,481 [INFO] Temp S3 state created: s3://zoom-automation-bucket/temp/live-doc-history/2026/Month-4/2026-04-29/91826299375/
2026-04-29 13:49:19,484 [INFO] Successfully initialized doc tracking meeting_id=91826299375
2026-04-29 13:50:33,434 [INFO] Processing meeting.started for meeting_id=95172819293
2026-04-29 13:50:33,577 [INFO] Found doc_id=1MFrntIY6xUOrrfkYOX5B0Padg0EtBE7kRSy24t_khN0 for meeting_id=95172819293
2026-04-29 13:50:33,997 [INFO] Watch registered doc_id=1MFrntIY6xUOrrfkYOX5B0Padg0EtBE7kRSy24t_khN0 meeting_id=95172819293
2026-04-29 13:50:45,802 [INFO] Temp S3 state created: s3://zoom-automation-bucket/temp/live-doc-history/2026/Month-4/2026-04-29/95172819293/
2026-04-29 13:50:45,805 [INFO] Successfully initialized doc tracking meeting_id=95172819293
2026-04-29 13:51:32,676 [INFO] Processing meeting.started for meeting_id=93580846773
2026-04-29 13:51:32,995 [WARNING] No Salesforce record for meeting_id=93580846773
2026-04-29 13:51:32,995 [WARNING] Skipping meeting_id=93580846773 — no Salesforce match
2026-04-29 13:54:15,772 [INFO] Processing meeting.started for meeting_id=93527464609
2026-04-29 13:54:15,992 [INFO] Found doc_id=1QJMk_UIeMqkSc335_HmR_gEAPHXwT-uc8kL8JjnUVu8 for meeting_id=93527464609
2026-04-29 13:54:16,521 [INFO] Watch registered doc_id=1QJMk_UIeMqkSc335_HmR_gEAPHXwT-uc8kL8JjnUVu8 meeting_id=93527464609
2026-04-29 13:54:27,170 [INFO] Temp S3 state created: s3://zoom-automation-bucket/temp/live-doc-history/2026/Month-4/2026-04-29/93527464609/
2026-04-29 13:54:27,174 [INFO] Successfully initialized doc tracking meeting_id=93527464609
2026-04-29 13:54:28,732 [INFO] Processing meeting.started for meeting_id=97676415347
2026-04-29 13:54:28,865 [INFO] Found doc_id=14FbNCaIzsHlXnwFgugnzl1nTwixMZuQ-XxvS__zfNL4 for meeting_id=97676415347
2026-04-29 13:54:29,377 [INFO] Watch registered doc_id=14FbNCaIzsHlXnwFgugnzl1nTwixMZuQ-XxvS__zfNL4 meeting_id=97676415347
2026-04-29 13:54:39,918 [INFO] Temp S3 state created: s3://zoom-automation-bucket/temp/live-doc-history/2026/Month-4/2026-04-29/97676415347/
2026-04-29 13:54:39,922 [INFO] Successfully initialized doc tracking meeting_id=97676415347
2026-04-29 13:58:10,325 [INFO] Processing meeting.started for meeting_id=97600689236
2026-04-29 13:58:10,566 [WARNING] No Salesforce record for meeting_id=97600689236
2026-04-29 13:58:10,566 [WARNING] Skipping meeting_id=97600689236 — no Salesforce match
2026-04-29 13:59:43,035 [INFO] Processing meeting.started for meeting_id=99391473089
2026-04-29 13:59:43,227 [WARNING] No Salesforce record for meeting_id=99391473089
2026-04-29 13:59:43,228 [WARNING] Skipping meeting_id=99391473089 — no Salesforce match
2026-04-29 14:09:41,175 [INFO] Processing meeting.started for meeting_id=97436586404
2026-04-29 14:09:41,396 [WARNING] No Salesforce record for meeting_id=97436586404
2026-04-29 14:09:41,396 [WARNING] Skipping meeting_id=97436586404 — no Salesforce match
2026-04-29 14:15:47,260 [INFO] Processing meeting.started for meeting_id=98781237318
2026-04-29 14:15:47,448 [INFO] Found doc_id=19vvVaE8y96ebORxl_zjRk1JzHAbFdFi43DDWRturdqk for meeting_id=98781237318
2026-04-29 14:15:47,791 [INFO] Watch registered doc_id=19vvVaE8y96ebORxl_zjRk1JzHAbFdFi43DDWRturdqk meeting_id=98781237318
2026-04-29 14:15:58,627 [INFO] Temp S3 state created: s3://zoom-automation-bucket/temp/live-doc-history/2026/Month-4/2026-04-29/98781237318/
2026-04-29 14:15:58,631 [INFO] Successfully initialized doc tracking meeting_id=98781237318
2026-04-29 14:17:38,387 [INFO] Processing meeting.started for meeting_id=94596684010
2026-04-29 14:17:38,545 [WARNING] No Salesforce record for meeting_id=94596684010
2026-04-29 14:17:38,545 [WARNING] Skipping meeting_id=94596684010 — no Salesforce match
2026-04-29 14:18:52,847 [INFO] Processing meeting.started for meeting_id=92156066937
2026-04-29 14:18:53,029 [INFO] Found doc_id=1Q3T1LpfAe9WIqS7i4EkvTtFlujvqfo9C2DiNSWfv29U for meeting_id=92156066937
2026-04-29 14:18:53,431 [INFO] Watch registered doc_id=1Q3T1LpfAe9WIqS7i4EkvTtFlujvqfo9C2DiNSWfv29U meeting_id=92156066937
2026-04-29 14:19:05,319 [INFO] Temp S3 state created: s3://zoom-automation-bucket/temp/live-doc-history/2026/Month-4/2026-04-29/92156066937/
2026-04-29 14:19:05,321 [INFO] Successfully initialized doc tracking meeting_id=92156066937
2026-04-29 14:20:19,277 [INFO] Processing meeting.started for meeting_id=98112198413
2026-04-29 14:20:19,508 [INFO] Found doc_id=1cUEwN3tVx6akxqhUFKR13zVMZHMHRvhIK5vad_6-g5I for meeting_id=98112198413
2026-04-29 14:20:19,923 [INFO] Watch registered doc_id=1cUEwN3tVx6akxqhUFKR13zVMZHMHRvhIK5vad_6-g5I meeting_id=98112198413
2026-04-29 14:20:31,886 [INFO] Temp S3 state created: s3://zoom-automation-bucket/temp/live-doc-history/2026/Month-4/2026-04-29/98112198413/
2026-04-29 14:20:31,888 [INFO] Successfully initialized doc tracking meeting_id=98112198413
2026-04-29 14:22:55,509 [INFO] Processing meeting.started for meeting_id=96851055032
2026-04-29 14:22:55,661 [WARNING] No Salesforce record for meeting_id=96851055032
2026-04-29 14:22:55,661 [WARNING] Skipping meeting_id=96851055032 — no Salesforce match
2026-04-29 14:23:33,934 [INFO] Processing meeting.started for meeting_id=93063957044
2026-04-29 14:23:34,071 [INFO] Found doc_id=1YC3wPNzqnHKVYBuQK7r2hfCxClQr8RnZnXcmtUPHyIY for meeting_id=93063957044
2026-04-29 14:23:34,444 [INFO] Watch registered doc_id=1YC3wPNzqnHKVYBuQK7r2hfCxClQr8RnZnXcmtUPHyIY meeting_id=93063957044
2026-04-29 14:23:46,688 [INFO] Temp S3 state created: s3://zoom-automation-bucket/temp/live-doc-history/2026/Month-4/2026-04-29/93063957044/
2026-04-29 14:23:46,691 [INFO] Successfully initialized doc tracking meeting_id=93063957044
2026-04-29 14:27:52,787 [INFO] Processing meeting.started for meeting_id=91081184886
2026-04-29 14:27:52,921 [INFO] Found doc_id=1ZTnr5vv7T0_2dtNmPrOj7UnNtUerwrIO6EQs04a09Zo for meeting_id=91081184886
2026-04-29 14:27:53,336 [INFO] Watch registered doc_id=1ZTnr5vv7T0_2dtNmPrOj7UnNtUerwrIO6EQs04a09Zo meeting_id=91081184886
2026-04-29 14:28:05,303 [INFO] Temp S3 state created: s3://zoom-automation-bucket/temp/live-doc-history/2026/Month-4/2026-04-29/91081184886/
2026-04-29 14:28:05,305 [INFO] Successfully initialized doc tracking meeting_id=91081184886
2026-04-29 14:29:39,603 [INFO] Processing meeting.started for meeting_id=98224924079
2026-04-29 14:29:39,775 [WARNING] No Salesforce record for meeting_id=98224924079
2026-04-29 14:29:39,775 [WARNING] Skipping meeting_id=98224924079 — no Salesforce match
2026-04-29 14:46:06,619 [INFO] Processing meeting.started for meeting_id=92507866720
2026-04-29 14:46:06,777 [INFO] Found doc_id=1tiA3Xls1EXBG9T8mG86EzG9xf_YL7KmPwYCDiTDHRR4 for meeting_id=92507866720
2026-04-29 14:46:07,201 [INFO] Watch registered doc_id=1tiA3Xls1EXBG9T8mG86EzG9xf_YL7KmPwYCDiTDHRR4 meeting_id=92507866720
2026-04-29 14:46:17,647 [INFO] Temp S3 state created: s3://zoom-automation-bucket/temp/live-doc-history/2026/Month-4/2026-04-29/92507866720/
2026-04-29 14:46:17,650 [INFO] Successfully initialized doc tracking meeting_id=92507866720
2026-04-29 14:50:07,148 [INFO] Processing meeting.started for meeting_id=99458142800
2026-04-29 14:50:07,340 [INFO] Found doc_id=1JkFv2CE0vu6gga_yWddxEKs-fNwiFIh2w0FtQanrc5E for meeting_id=99458142800
2026-04-29 14:50:07,691 [INFO] Watch registered doc_id=1JkFv2CE0vu6gga_yWddxEKs-fNwiFIh2w0FtQanrc5E meeting_id=99458142800
2026-04-29 14:50:21,380 [INFO] Temp S3 state created: s3://zoom-automation-bucket/temp/live-doc-history/2026/Month-4/2026-04-29/99458142800/
2026-04-29 14:50:21,382 [INFO] Successfully initialized doc tracking meeting_id=99458142800
2026-04-29 14:51:18,838 [INFO] Processing meeting.started for meeting_id=99254262157
2026-04-29 14:51:19,190 [INFO] Found doc_id=1LcH5xuxCfMz-y0oxbRFq24D7DQ_lhxa25Bvw8xc7u7w for meeting_id=99254262157
2026-04-29 14:51:19,599 [INFO] Watch registered doc_id=1LcH5xuxCfMz-y0oxbRFq24D7DQ_lhxa25Bvw8xc7u7w meeting_id=99254262157
2026-04-29 14:51:31,408 [INFO] Temp S3 state created: s3://zoom-automation-bucket/temp/live-doc-history/2026/Month-4/2026-04-29/99254262157/
2026-04-29 14:51:31,411 [INFO] Successfully initialized doc tracking meeting_id=99254262157
2026-04-29 14:53:33,698 [INFO] Processing meeting.started for meeting_id=93905552252
2026-04-29 14:53:34,012 [INFO] Found doc_id=12pl5sudnUQNNIXBudxVfI0MuhKNsu49syKE5z2dOxsI for meeting_id=93905552252
2026-04-29 14:53:34,410 [INFO] Watch registered doc_id=12pl5sudnUQNNIXBudxVfI0MuhKNsu49syKE5z2dOxsI meeting_id=93905552252
2026-04-29 14:53:45,364 [INFO] Temp S3 state created: s3://zoom-automation-bucket/temp/live-doc-history/2026/Month-4/2026-04-29/93905552252/
2026-04-29 14:53:45,368 [INFO] Successfully initialized doc tracking meeting_id=93905552252
2026-04-29 14:54:32,350 [INFO] Processing meeting.started for meeting_id=98948456007
2026-04-29 14:54:32,473 [WARNING] No Salesforce record for meeting_id=98948456007
2026-04-29 14:54:32,473 [WARNING] Skipping meeting_id=98948456007 — no Salesforce match
2026-04-29 14:55:00,036 [INFO] Processing meeting.started for meeting_id=96714704138
2026-04-29 14:55:00,133 [WARNING] No Google_Docs_ID__c for meeting_id=96714704138
2026-04-29 14:55:23,068 [INFO] Processing meeting.started for meeting_id=98922955073
2026-04-29 14:55:23,165 [WARNING] No Google_Docs_ID__c for meeting_id=98922955073
2026-04-29 15:16:20,821 [INFO] Processing meeting.started for meeting_id=97866518806
2026-04-29 15:16:21,007 [WARNING] No Salesforce record for meeting_id=97866518806
2026-04-29 15:16:21,007 [WARNING] Skipping meeting_id=97866518806 — no Salesforce match
2026-04-29 15:16:59,476 [INFO] Processing meeting.started for meeting_id=92016179343
2026-04-29 15:16:59,675 [INFO] Found doc_id=1he8lSbH9nc1MG46YaVF4yqsEL2Ek_GgnfqY_KKQZrXc for meeting_id=92016179343
2026-04-29 15:17:00,077 [INFO] Watch registered doc_id=1he8lSbH9nc1MG46YaVF4yqsEL2Ek_GgnfqY_KKQZrXc meeting_id=92016179343
2026-04-29 15:17:11,099 [INFO] Temp S3 state created: s3://zoom-automation-bucket/temp/live-doc-history/2026/Month-4/2026-04-29/92016179343/
2026-04-29 15:17:11,103 [INFO] Successfully initialized doc tracking meeting_id=92016179343
2026-04-29 15:17:46,868 [INFO] Processing meeting.started for meeting_id=91705977474
2026-04-29 15:17:47,009 [INFO] Found doc_id=1zrCXK_GaDdYIB_ez5JOazDmSKkB0_ozyw3GrD7fF_so for meeting_id=91705977474
2026-04-29 15:17:47,328 [INFO] Watch registered doc_id=1zrCXK_GaDdYIB_ez5JOazDmSKkB0_ozyw3GrD7fF_so meeting_id=91705977474
2026-04-29 15:17:59,930 [INFO] Temp S3 state created: s3://zoom-automation-bucket/temp/live-doc-history/2026/Month-4/2026-04-29/91705977474/
2026-04-29 15:17:59,932 [INFO] Successfully initialized doc tracking meeting_id=91705977474
2026-04-29 15:20:12,104 [INFO] Processing meeting.started for meeting_id=91065112949
2026-04-29 15:20:12,732 [INFO] Found doc_id=1m_y2j93OGGwHSh26d2y7zG9umOlQs_xjVk5kIs7Ho2s for meeting_id=91065112949
2026-04-29 15:20:13,185 [INFO] Watch registered doc_id=1m_y2j93OGGwHSh26d2y7zG9umOlQs_xjVk5kIs7Ho2s meeting_id=91065112949
2026-04-29 15:20:28,187 [INFO] Temp S3 state created: s3://zoom-automation-bucket/temp/live-doc-history/2026/Month-4/2026-04-29/91065112949/
2026-04-29 15:20:28,191 [INFO] Successfully initialized doc tracking meeting_id=91065112949
2026-04-29 15:21:42,415 [INFO] Processing meeting.started for meeting_id=98230051565
2026-04-29 15:21:42,547 [INFO] Found doc_id=1vsd4qo8CBHnSzN3qN7tJMtZ9TPu_XdbGlLk7pEiOR-8 for meeting_id=98230051565
2026-04-29 15:21:42,948 [INFO] Watch registered doc_id=1vsd4qo8CBHnSzN3qN7tJMtZ9TPu_XdbGlLk7pEiOR-8 meeting_id=98230051565
2026-04-29 15:21:53,628 [INFO] Temp S3 state created: s3://zoom-automation-bucket/temp/live-doc-history/2026/Month-4/2026-04-29/98230051565/
2026-04-29 15:21:53,631 [INFO] Successfully initialized doc tracking meeting_id=98230051565
2026-04-29 15:22:03,691 [INFO] Processing meeting.started for meeting_id=94846664080
2026-04-29 15:22:03,836 [INFO] Found doc_id=1YtZ7n6JB5SdpKRG8yBVqanzFBP98grHyOVGve3TLo1Q for meeting_id=94846664080
2026-04-29 15:22:04,217 [INFO] Watch registered doc_id=1YtZ7n6JB5SdpKRG8yBVqanzFBP98grHyOVGve3TLo1Q meeting_id=94846664080
2026-04-29 15:22:15,669 [INFO] Temp S3 state created: s3://zoom-automation-bucket/temp/live-doc-history/2026/Month-4/2026-04-29/94846664080/
2026-04-29 15:22:15,674 [INFO] Successfully initialized doc tracking meeting_id=94846664080
2026-04-29 15:28:09,750 [INFO] Processing meeting.started for meeting_id=91794085757
2026-04-29 15:28:09,901 [WARNING] No Salesforce record for meeting_id=91794085757
2026-04-29 15:28:09,902 [WARNING] Skipping meeting_id=91794085757 — no Salesforce match
2026-04-29 15:29:48,768 [INFO] Processing meeting.started for meeting_id=98861276854
2026-04-29 15:29:49,239 [WARNING] No Salesforce record for meeting_id=98861276854
2026-04-29 15:29:49,240 [WARNING] Skipping meeting_id=98861276854 — no Salesforce match
2026-04-29 15:35:02,378 [INFO] Processing meeting.started for meeting_id=91271467697
2026-04-29 15:35:02,740 [INFO] Found doc_id=1D5H1216-jwfHEx1ArQ4L7XXZBqDRPPChMI_N4qk7s3c for meeting_id=91271467697
2026-04-29 15:35:03,169 [INFO] Watch registered doc_id=1D5H1216-jwfHEx1ArQ4L7XXZBqDRPPChMI_N4qk7s3c meeting_id=91271467697
2026-04-29 15:35:14,061 [INFO] Temp S3 state created: s3://zoom-automation-bucket/temp/live-doc-history/2026/Month-4/2026-04-29/91271467697/
2026-04-29 15:35:14,064 [INFO] Successfully initialized doc tracking meeting_id=91271467697
2026-04-29 15:38:53,236 [INFO] Processing meeting.started for meeting_id=99391473089
2026-04-29 15:38:53,871 [WARNING] No Salesforce record for meeting_id=99391473089
2026-04-29 15:38:53,871 [WARNING] Skipping meeting_id=99391473089 — no Salesforce match
2026-04-29 15:43:05,358 [INFO] Processing meeting.started for meeting_id=91627234305
2026-04-29 15:43:05,619 [WARNING] No Salesforce record for meeting_id=91627234305
2026-04-29 15:43:05,619 [WARNING] Skipping meeting_id=91627234305 — no Salesforce match
2026-04-29 15:44:49,464 [INFO] Processing meeting.started for meeting_id=94160015273
2026-04-29 15:44:49,942 [WARNING] No Salesforce record for meeting_id=94160015273
2026-04-29 15:44:49,942 [WARNING] Skipping meeting_id=94160015273 — no Salesforce match
2026-04-29 15:45:21,014 [INFO] Processing meeting.started for meeting_id=94812405922
2026-04-29 15:45:21,163 [WARNING] No Salesforce record for meeting_id=94812405922
2026-04-29 15:45:21,163 [WARNING] Skipping meeting_id=94812405922 — no Salesforce match
2026-04-29 15:50:25,837 [INFO] Processing meeting.started for meeting_id=98861276854
2026-04-29 15:50:25,951 [WARNING] No Salesforce record for meeting_id=98861276854
2026-04-29 15:50:25,951 [WARNING] Skipping meeting_id=98861276854 — no Salesforce match
2026-04-29 15:50:47,682 [INFO] Processing meeting.started for meeting_id=96568122007
2026-04-29 15:50:47,832 [INFO] Found doc_id=1BETBP77wEOEfKQ9_DRYmosovYQuzkcDJ-0JehyfpwuI for meeting_id=96568122007
2026-04-29 15:50:48,245 [INFO] Watch registered doc_id=1BETBP77wEOEfKQ9_DRYmosovYQuzkcDJ-0JehyfpwuI meeting_id=96568122007
2026-04-29 15:51:02,438 [INFO] Temp S3 state created: s3://zoom-automation-bucket/temp/live-doc-history/2026/Month-4/2026-04-29/96568122007/
2026-04-29 15:51:02,442 [INFO] Successfully initialized doc tracking meeting_id=96568122007
2026-04-29 15:51:04,698 [INFO] Processing meeting.started for meeting_id=95772896839
2026-04-29 15:51:04,804 [WARNING] No Salesforce record for meeting_id=95772896839
2026-04-29 15:51:04,804 [WARNING] Skipping meeting_id=95772896839 — no Salesforce match
2026-04-29 15:52:38,131 [INFO] Processing meeting.started for meeting_id=98233139166
2026-04-29 15:52:38,267 [INFO] Found doc_id=10mlDJslGvnQG-_KY7xUhtd3raCmhWGYmBsq-kZlxrew for meeting_id=98233139166
2026-04-29 15:52:38,630 [INFO] Watch registered doc_id=10mlDJslGvnQG-_KY7xUhtd3raCmhWGYmBsq-kZlxrew meeting_id=98233139166
2026-04-29 15:52:50,766 [INFO] Temp S3 state created: s3://zoom-automation-bucket/temp/live-doc-history/2026/Month-4/2026-04-29/98233139166/
2026-04-29 15:52:50,768 [INFO] Successfully initialized doc tracking meeting_id=98233139166
2026-04-29 15:54:01,773 [INFO] Processing meeting.started for meeting_id=96677446691
2026-04-29 15:54:01,889 [INFO] Found doc_id=1EgfaI8Oz7Y908Py6n68wPVByXukWapJiVXAnljAGhK0 for meeting_id=96677446691
2026-04-29 15:54:02,412 [INFO] Watch registered doc_id=1EgfaI8Oz7Y908Py6n68wPVByXukWapJiVXAnljAGhK0 meeting_id=96677446691
2026-04-29 15:54:15,573 [INFO] Temp S3 state created: s3://zoom-automation-bucket/temp/live-doc-history/2026/Month-4/2026-04-29/96677446691/
2026-04-29 15:54:15,575 [INFO] Successfully initialized doc tracking meeting_id=96677446691
2026-04-29 15:54:32,383 [INFO] Processing meeting.started for meeting_id=92454768034
2026-04-29 15:54:32,511 [INFO] Found doc_id=1aU3YuHGQste_RuQSF2qRAPvmkCjBBuDGjXtstoL21m4 for meeting_id=92454768034
2026-04-29 15:54:32,954 [INFO] Watch registered doc_id=1aU3YuHGQste_RuQSF2qRAPvmkCjBBuDGjXtstoL21m4 meeting_id=92454768034
2026-04-29 15:54:44,235 [INFO] Temp S3 state created: s3://zoom-automation-bucket/temp/live-doc-history/2026/Month-4/2026-04-29/92454768034/
2026-04-29 15:54:44,239 [INFO] Successfully initialized doc tracking meeting_id=92454768034
2026-04-29 15:55:21,702 [INFO] Processing meeting.started for meeting_id=98618064842
2026-04-29 15:55:21,841 [WARNING] No Salesforce record for meeting_id=98618064842
2026-04-29 15:55:21,841 [WARNING] Skipping meeting_id=98618064842 — no Salesforce match
2026-04-29 15:55:32,525 [INFO] Processing meeting.started for meeting_id=92917194782
2026-04-29 15:55:32,700 [INFO] Found doc_id=14ipBHMeUhnJotY28-vVjrKw0jWoS9XiGyEiiuDqHRl0 for meeting_id=92917194782
2026-04-29 15:55:33,099 [INFO] Watch registered doc_id=14ipBHMeUhnJotY28-vVjrKw0jWoS9XiGyEiiuDqHRl0 meeting_id=92917194782
2026-04-29 15:55:45,656 [INFO] Temp S3 state created: s3://zoom-automation-bucket/temp/live-doc-history/2026/Month-4/2026-04-29/92917194782/
2026-04-29 15:55:45,659 [INFO] Successfully initialized doc tracking meeting_id=92917194782
2026-04-29 15:57:17,972 [INFO] Processing meeting.started for meeting_id=97650087835
2026-04-29 15:57:18,106 [INFO] Found doc_id=1VLZcpNBoIdBQ_uquRY5BWxebCCW82oT5mHqJJQyBMlc for meeting_id=97650087835
2026-04-29 15:57:18,541 [INFO] Watch registered doc_id=1VLZcpNBoIdBQ_uquRY5BWxebCCW82oT5mHqJJQyBMlc meeting_id=97650087835
2026-04-29 15:57:28,699 [INFO] Temp S3 state created: s3://zoom-automation-bucket/temp/live-doc-history/2026/Month-4/2026-04-29/97650087835/
2026-04-29 15:57:28,705 [INFO] Successfully initialized doc tracking meeting_id=97650087835
2026-04-29 16:00:42,734 [INFO] Processing meeting.started for meeting_id=94457044948
2026-04-29 16:00:42,873 [WARNING] No Salesforce record for meeting_id=94457044948
2026-04-29 16:00:42,873 [WARNING] Skipping meeting_id=94457044948 — no Salesforce match
2026-04-29 16:03:47,352 [INFO] Processing meeting.started for meeting_id=92917194782
2026-04-29 16:03:47,600 [INFO] Found doc_id=14ipBHMeUhnJotY28-vVjrKw0jWoS9XiGyEiiuDqHRl0 for meeting_id=92917194782
2026-04-29 16:03:48,051 [INFO] Watch registered doc_id=14ipBHMeUhnJotY28-vVjrKw0jWoS9XiGyEiiuDqHRl0 meeting_id=92917194782
2026-04-29 16:04:03,269 [INFO] Temp S3 state created: s3://zoom-automation-bucket/temp/live-doc-history/2026/Month-4/2026-04-29/92917194782/
2026-04-29 16:04:03,272 [INFO] Successfully initialized doc tracking meeting_id=92917194782
2026-04-29 16:04:07,754 [INFO] Processing meeting.started for meeting_id=97866518806
2026-04-29 16:04:07,857 [WARNING] No Salesforce record for meeting_id=97866518806
2026-04-29 16:04:07,857 [WARNING] Skipping meeting_id=97866518806 — no Salesforce match
2026-04-29 16:04:40,429 [INFO] Processing meeting.started for meeting_id=92193694891
2026-04-29 16:04:40,559 [WARNING] No Salesforce record for meeting_id=92193694891
2026-04-29 16:04:40,559 [WARNING] Skipping meeting_id=92193694891 — no Salesforce match
2026-04-29 16:04:48,746 [INFO] Processing meeting.started for meeting_id=91448754144
2026-04-29 16:04:48,953 [WARNING] No Salesforce record for meeting_id=91448754144
2026-04-29 16:04:48,953 [WARNING] Skipping meeting_id=91448754144 — no Salesforce match
2026-04-29 16:12:32,138 [INFO] Processing meeting.started for meeting_id=96623611189
2026-04-29 16:12:32,405 [WARNING] No Salesforce record for meeting_id=96623611189
2026-04-29 16:12:32,405 [WARNING] Skipping meeting_id=96623611189 — no Salesforce match
2026-04-29 16:15:00,220 [INFO] Processing meeting.started for meeting_id=93815533612
2026-04-29 16:15:00,384 [INFO] Found doc_id=1EsRnkj6Rco_J-TurMWMFAjIlrwRc-1Uvkg403xTj2kQ for meeting_id=93815533612
2026-04-29 16:15:01,075 [INFO] Watch registered doc_id=1EsRnkj6Rco_J-TurMWMFAjIlrwRc-1Uvkg403xTj2kQ meeting_id=93815533612
2026-04-29 16:15:11,513 [INFO] Temp S3 state created: s3://zoom-automation-bucket/temp/live-doc-history/2026/Month-4/2026-04-29/93815533612/
2026-04-29 16:15:11,516 [INFO] Successfully initialized doc tracking meeting_id=93815533612
2026-04-29 16:18:15,424 [INFO] Processing meeting.started for meeting_id=96515767246
2026-04-29 16:18:16,066 [INFO] Found doc_id=16CV9yWq67v5L3SxVbV8C3IpN0OhDfxz_O91m0luYS20 for meeting_id=96515767246
2026-04-29 16:18:16,487 [INFO] Watch registered doc_id=16CV9yWq67v5L3SxVbV8C3IpN0OhDfxz_O91m0luYS20 meeting_id=96515767246
2026-04-29 16:18:28,690 [INFO] Temp S3 state created: s3://zoom-automation-bucket/temp/live-doc-history/2026/Month-4/2026-04-29/96515767246/
2026-04-29 16:18:28,693 [INFO] Successfully initialized doc tracking meeting_id=96515767246
2026-04-29 16:20:43,224 [INFO] Processing meeting.started for meeting_id=96515767246
2026-04-29 16:20:43,347 [INFO] Found doc_id=16CV9yWq67v5L3SxVbV8C3IpN0OhDfxz_O91m0luYS20 for meeting_id=96515767246
2026-04-29 16:20:43,797 [INFO] Watch registered doc_id=16CV9yWq67v5L3SxVbV8C3IpN0OhDfxz_O91m0luYS20 meeting_id=96515767246
2026-04-29 16:20:56,112 [INFO] Temp S3 state created: s3://zoom-automation-bucket/temp/live-doc-history/2026/Month-4/2026-04-29/96515767246/
2026-04-29 16:20:56,115 [INFO] Successfully initialized doc tracking meeting_id=96515767246
2026-04-29 16:20:56,169 [INFO] Processing meeting.started for meeting_id=93444513051
2026-04-29 16:20:56,332 [INFO] Found doc_id=1iqu0D57RGQvztGVQ7sZ9GVBoG2wf-3rEWQSaIwVVq9E for meeting_id=93444513051
2026-04-29 16:20:56,743 [INFO] Watch registered doc_id=1iqu0D57RGQvztGVQ7sZ9GVBoG2wf-3rEWQSaIwVVq9E meeting_id=93444513051
2026-04-29 16:21:09,321 [INFO] Temp S3 state created: s3://zoom-automation-bucket/temp/live-doc-history/2026/Month-4/2026-04-29/93444513051/
2026-04-29 16:21:09,325 [INFO] Successfully initialized doc tracking meeting_id=93444513051
2026-04-29 16:22:11,951 [INFO] Processing meeting.started for meeting_id=97430760813
2026-04-29 16:22:12,095 [INFO] Found doc_id=1UsoXJrKWI84s_GmLUbRF-j2BTarcTvcyny8HhgU7skU for meeting_id=97430760813
2026-04-29 16:22:12,530 [INFO] Watch registered doc_id=1UsoXJrKWI84s_GmLUbRF-j2BTarcTvcyny8HhgU7skU meeting_id=97430760813
2026-04-29 16:22:24,904 [INFO] Temp S3 state created: s3://zoom-automation-bucket/temp/live-doc-history/2026/Month-4/2026-04-29/97430760813/
2026-04-29 16:22:24,907 [INFO] Successfully initialized doc tracking meeting_id=97430760813
2026-04-29 16:23:12,701 [INFO] Processing meeting.started for meeting_id=99797818069
2026-04-29 16:23:12,932 [INFO] Found doc_id=1rAkSf5hASLvHnlJ2KwpkOsaI3SlBQ9CxGHosLapQQIo for meeting_id=99797818069
2026-04-29 16:23:13,934 [INFO] Watch registered doc_id=1rAkSf5hASLvHnlJ2KwpkOsaI3SlBQ9CxGHosLapQQIo meeting_id=99797818069
2026-04-29 16:23:28,391 [INFO] Temp S3 state created: s3://zoom-automation-bucket/temp/live-doc-history/2026/Month-4/2026-04-29/99797818069/
2026-04-29 16:23:28,393 [INFO] Successfully initialized doc tracking meeting_id=99797818069
2026-04-29 16:39:28,785 [INFO] Processing meeting.started for meeting_id=99636668598
2026-04-29 16:39:29,004 [INFO] Found doc_id=1g12XzZtA6a_sn60xUes5abX8uqvjIVpFSa-wZC88CNY for meeting_id=99636668598
2026-04-29 16:39:29,442 [INFO] Watch registered doc_id=1g12XzZtA6a_sn60xUes5abX8uqvjIVpFSa-wZC88CNY meeting_id=99636668598
2026-04-29 16:39:40,280 [INFO] Temp S3 state created: s3://zoom-automation-bucket/temp/live-doc-history/2026/Month-4/2026-04-29/99636668598/
2026-04-29 16:39:40,285 [INFO] Successfully initialized doc tracking meeting_id=99636668598
2026-04-29 16:40:53,530 [INFO] Processing meeting.started for meeting_id=99636668598
2026-04-29 16:40:53,662 [INFO] Found doc_id=1g12XzZtA6a_sn60xUes5abX8uqvjIVpFSa-wZC88CNY for meeting_id=99636668598
2026-04-29 16:40:54,085 [INFO] Watch registered doc_id=1g12XzZtA6a_sn60xUes5abX8uqvjIVpFSa-wZC88CNY meeting_id=99636668598
2026-04-29 16:41:04,675 [INFO] Temp S3 state created: s3://zoom-automation-bucket/temp/live-doc-history/2026/Month-4/2026-04-29/99636668598/
2026-04-29 16:41:04,677 [INFO] Successfully initialized doc tracking meeting_id=99636668598
2026-04-29 16:41:18,266 [INFO] Processing meeting.started for meeting_id=97328792746
2026-04-29 16:41:18,547 [WARNING] No Salesforce record for meeting_id=97328792746
2026-04-29 16:41:18,547 [WARNING] Skipping meeting_id=97328792746 — no Salesforce match
2026-04-29 16:44:12,687 [INFO] Processing meeting.started for meeting_id=99587229546
2026-04-29 16:44:12,829 [WARNING] No Salesforce record for meeting_id=99587229546
2026-04-29 16:44:12,829 [WARNING] Skipping meeting_id=99587229546 — no Salesforce match
2026-04-29 16:44:15,109 [INFO] Processing meeting.started for meeting_id=97216382167
2026-04-29 16:44:15,243 [WARNING] No Salesforce record for meeting_id=97216382167
2026-04-29 16:44:15,243 [WARNING] Skipping meeting_id=97216382167 — no Salesforce match
2026-04-29 16:45:23,271 [INFO] Processing meeting.started for meeting_id=99062775152
2026-04-29 16:45:23,891 [INFO] Found doc_id=1dX0NheXDTeBIMoQaqB88PoIEp7HOnB1FrXoyETgG-FU for meeting_id=99062775152
2026-04-29 16:45:24,258 [INFO] Watch registered doc_id=1dX0NheXDTeBIMoQaqB88PoIEp7HOnB1FrXoyETgG-FU meeting_id=99062775152
2026-04-29 16:45:34,758 [INFO] Temp S3 state created: s3://zoom-automation-bucket/temp/live-doc-history/2026/Month-4/2026-04-29/99062775152/
2026-04-29 16:45:34,764 [INFO] Successfully initialized doc tracking meeting_id=99062775152
2026-04-29 16:46:27,369 [INFO] Processing meeting.started for meeting_id=92927861318
2026-04-29 16:46:27,521 [INFO] Found doc_id=1w3KIKz69kRh6FW2AcYa_53AHVohTq5dWq6x15Gq44uE for meeting_id=92927861318
2026-04-29 16:46:27,886 [INFO] Watch registered doc_id=1w3KIKz69kRh6FW2AcYa_53AHVohTq5dWq6x15Gq44uE meeting_id=92927861318
2026-04-29 16:46:39,926 [INFO] Temp S3 state created: s3://zoom-automation-bucket/temp/live-doc-history/2026/Month-4/2026-04-29/92927861318/
2026-04-29 16:46:39,930 [INFO] Successfully initialized doc tracking meeting_id=92927861318
2026-04-29 16:47:29,776 [INFO] Processing meeting.started for meeting_id=96902360274
2026-04-29 16:47:29,926 [INFO] Found doc_id=1yqqNIZPQfc0-qlxNo9OjNBw1h0ialBpK2IspLKith_4 for meeting_id=96902360274
2026-04-29 16:47:30,381 [INFO] Watch registered doc_id=1yqqNIZPQfc0-qlxNo9OjNBw1h0ialBpK2IspLKith_4 meeting_id=96902360274
2026-04-29 16:47:41,399 [INFO] Temp S3 state created: s3://zoom-automation-bucket/temp/live-doc-history/2026/Month-4/2026-04-29/96902360274/
2026-04-29 16:47:41,402 [INFO] Successfully initialized doc tracking meeting_id=96902360274
2026-04-29 16:48:45,400 [INFO] Processing meeting.started for meeting_id=97243293265
2026-04-29 16:48:45,537 [INFO] Found doc_id=1NhQQS5G0AqaEf_egO77YJsj_Q7olS8JLwFU2rXZWmYk for meeting_id=97243293265
2026-04-29 16:48:45,984 [INFO] Watch registered doc_id=1NhQQS5G0AqaEf_egO77YJsj_Q7olS8JLwFU2rXZWmYk meeting_id=97243293265
2026-04-29 16:48:59,561 [INFO] Temp S3 state created: s3://zoom-automation-bucket/temp/live-doc-history/2026/Month-4/2026-04-29/97243293265/
2026-04-29 16:48:59,564 [INFO] Successfully initialized doc tracking meeting_id=97243293265
2026-04-29 16:49:32,695 [INFO] Processing meeting.started for meeting_id=93515655843
2026-04-29 16:49:32,809 [INFO] Found doc_id=1ikuRhwogYT3n6pHia1INuQr_G4a3oQ8y36Ee-GzVRxg for meeting_id=93515655843
2026-04-29 16:49:33,163 [INFO] Watch registered doc_id=1ikuRhwogYT3n6pHia1INuQr_G4a3oQ8y36Ee-GzVRxg meeting_id=93515655843
2026-04-29 16:49:43,918 [INFO] Temp S3 state created: s3://zoom-automation-bucket/temp/live-doc-history/2026/Month-4/2026-04-29/93515655843/
2026-04-29 16:49:43,922 [INFO] Successfully initialized doc tracking meeting_id=93515655843
2026-04-29 16:50:23,379 [INFO] Processing meeting.started for meeting_id=93590847526
2026-04-29 16:50:23,499 [INFO] Found doc_id=1UDQblscLWg_J4vLxcpX1-axBGBDrRcK2LAiHxGvf4ag for meeting_id=93590847526
2026-04-29 16:50:23,883 [INFO] Watch registered doc_id=1UDQblscLWg_J4vLxcpX1-axBGBDrRcK2LAiHxGvf4ag meeting_id=93590847526
2026-04-29 16:50:36,828 [INFO] Temp S3 state created: s3://zoom-automation-bucket/temp/live-doc-history/2026/Month-4/2026-04-29/93590847526/
2026-04-29 16:50:36,831 [INFO] Successfully initialized doc tracking meeting_id=93590847526
2026-04-29 16:50:36,911 [INFO] Processing meeting.started for meeting_id=93515655843
2026-04-29 16:50:37,043 [INFO] Found doc_id=1ikuRhwogYT3n6pHia1INuQr_G4a3oQ8y36Ee-GzVRxg for meeting_id=93515655843
2026-04-29 16:50:37,446 [INFO] Watch registered doc_id=1ikuRhwogYT3n6pHia1INuQr_G4a3oQ8y36Ee-GzVRxg meeting_id=93515655843
2026-04-29 16:50:49,653 [INFO] Temp S3 state created: s3://zoom-automation-bucket/temp/live-doc-history/2026/Month-4/2026-04-29/93515655843/
2026-04-29 16:50:49,656 [INFO] Successfully initialized doc tracking meeting_id=93515655843
2026-04-29 16:51:35,954 [INFO] Processing meeting.started for meeting_id=97071906281
2026-04-29 16:51:36,098 [INFO] Found doc_id=1D145UdBKUsXCWd_BaBS0mFPCsEgBiGMRYMiF6Izv_ko for meeting_id=97071906281
2026-04-29 16:51:36,510 [INFO] Watch registered doc_id=1D145UdBKUsXCWd_BaBS0mFPCsEgBiGMRYMiF6Izv_ko meeting_id=97071906281
2026-04-29 16:51:47,728 [INFO] Temp S3 state created: s3://zoom-automation-bucket/temp/live-doc-history/2026/Month-4/2026-04-29/97071906281/
2026-04-29 16:51:47,732 [INFO] Successfully initialized doc tracking meeting_id=97071906281
2026-04-29 16:52:10,531 [INFO] Processing meeting.started for meeting_id=95423509063
2026-04-29 16:52:10,674 [INFO] Found doc_id=19BT2hvc1EaRH7CDb-IiHRVv68JvNU3a8dTG3tl6CkAg for meeting_id=95423509063
2026-04-29 16:52:11,150 [INFO] Watch registered doc_id=19BT2hvc1EaRH7CDb-IiHRVv68JvNU3a8dTG3tl6CkAg meeting_id=95423509063
2026-04-29 16:52:22,574 [INFO] Temp S3 state created: s3://zoom-automation-bucket/temp/live-doc-history/2026/Month-4/2026-04-29/95423509063/
2026-04-29 16:52:22,577 [INFO] Successfully initialized doc tracking meeting_id=95423509063
2026-04-29 16:52:22,629 [INFO] Processing meeting.started for meeting_id=92467621946
2026-04-29 16:52:22,744 [INFO] Found doc_id=1RvFvFjUK9hG0q02Xztr5U9yqXv-V8fRcTtNI0axrJ98 for meeting_id=92467621946
2026-04-29 16:52:23,194 [INFO] Watch registered doc_id=1RvFvFjUK9hG0q02Xztr5U9yqXv-V8fRcTtNI0axrJ98 meeting_id=92467621946
2026-04-29 16:52:34,177 [INFO] Temp S3 state created: s3://zoom-automation-bucket/temp/live-doc-history/2026/Month-4/2026-04-29/92467621946/
2026-04-29 16:52:34,179 [INFO] Successfully initialized doc tracking meeting_id=92467621946
2026-04-29 16:53:44,733 [INFO] Processing meeting.started for meeting_id=94519298237
2026-04-29 16:53:44,903 [INFO] Found doc_id=1M1u6l8pEqLXS9GkZAA-xOaXd_otG0YGKvZ2h9poemds for meeting_id=94519298237
2026-04-29 16:53:45,426 [INFO] Watch registered doc_id=1M1u6l8pEqLXS9GkZAA-xOaXd_otG0YGKvZ2h9poemds meeting_id=94519298237
2026-04-29 16:53:56,083 [INFO] Temp S3 state created: s3://zoom-automation-bucket/temp/live-doc-history/2026/Month-4/2026-04-29/94519298237/
2026-04-29 16:53:56,086 [INFO] Successfully initialized doc tracking meeting_id=94519298237
2026-04-29 16:54:06,249 [INFO] Processing meeting.started for meeting_id=93590847526
2026-04-29 16:54:06,530 [INFO] Found doc_id=1UDQblscLWg_J4vLxcpX1-axBGBDrRcK2LAiHxGvf4ag for meeting_id=93590847526
2026-04-29 16:54:06,885 [INFO] Watch registered doc_id=1UDQblscLWg_J4vLxcpX1-axBGBDrRcK2LAiHxGvf4ag meeting_id=93590847526
2026-04-29 16:54:18,090 [INFO] Temp S3 state created: s3://zoom-automation-bucket/temp/live-doc-history/2026/Month-4/2026-04-29/93590847526/
2026-04-29 16:54:18,092 [INFO] Successfully initialized doc tracking meeting_id=93590847526
2026-04-29 16:54:21,734 [INFO] Processing meeting.started for meeting_id=96191182457
2026-04-29 16:54:21,875 [INFO] Found doc_id=12KSWQe7bglDeQ6_9t192bojzx_-KpMv4zHG6lke3lic for meeting_id=96191182457
2026-04-29 16:54:22,282 [INFO] Watch registered doc_id=12KSWQe7bglDeQ6_9t192bojzx_-KpMv4zHG6lke3lic meeting_id=96191182457
2026-04-29 16:54:33,795 [INFO] Temp S3 state created: s3://zoom-automation-bucket/temp/live-doc-history/2026/Month-4/2026-04-29/96191182457/
2026-04-29 16:54:33,799 [INFO] Successfully initialized doc tracking meeting_id=96191182457
2026-04-29 16:59:09,720 [INFO] Processing meeting.started for meeting_id=97216382167
2026-04-29 16:59:09,887 [WARNING] No Salesforce record for meeting_id=97216382167
2026-04-29 16:59:09,888 [WARNING] Skipping meeting_id=97216382167 — no Salesforce match
2026-04-29 16:59:15,635 [INFO] Processing meeting.started for meeting_id=91080898237
2026-04-29 16:59:15,763 [WARNING] No Salesforce record for meeting_id=91080898237
2026-04-29 16:59:15,763 [WARNING] Skipping meeting_id=91080898237 — no Salesforce match
2026-04-29 17:01:55,266 [INFO] Processing meeting.started for meeting_id=97328792746
2026-04-29 17:01:55,399 [WARNING] No Salesforce record for meeting_id=97328792746
2026-04-29 17:01:55,400 [WARNING] Skipping meeting_id=97328792746 — no Salesforce match
2026-04-29 17:06:44,788 [INFO] Processing meeting.started for meeting_id=99534644808
2026-04-29 17:06:44,945 [INFO] Found doc_id=1KTjS41-Y39F_e7RwvIzj5q4AM2imkxB0ozEavok9PLA for meeting_id=99534644808
2026-04-29 17:06:45,375 [INFO] Watch registered doc_id=1KTjS41-Y39F_e7RwvIzj5q4AM2imkxB0ozEavok9PLA meeting_id=99534644808
2026-04-29 17:06:58,164 [INFO] Temp S3 state created: s3://zoom-automation-bucket/temp/live-doc-history/2026/Month-4/2026-04-29/99534644808/
2026-04-29 17:06:58,167 [INFO] Successfully initialized doc tracking meeting_id=99534644808
2026-04-29 17:13:20,939 [INFO] Processing meeting.started for meeting_id=92366283492
2026-04-29 17:13:21,203 [INFO] Found doc_id=1r3JHvUgQCd0XuqGiWQBFoT2-So-8UgdJza2DX6ns5uk for meeting_id=92366283492
2026-04-29 17:13:22,252 [INFO] Watch registered doc_id=1r3JHvUgQCd0XuqGiWQBFoT2-So-8UgdJza2DX6ns5uk meeting_id=92366283492
2026-04-29 17:13:34,227 [INFO] Temp S3 state created: s3://zoom-automation-bucket/temp/live-doc-history/2026/Month-4/2026-04-29/92366283492/
2026-04-29 17:13:34,231 [INFO] Successfully initialized doc tracking meeting_id=92366283492
2026-04-29 17:17:21,088 [INFO] Processing meeting.started for meeting_id=99587662824
2026-04-29 17:17:21,207 [INFO] Found doc_id=1l8ghrmU5h5GkdsuOZ2fEg2VGsI-civ3VNik8M1FW-5M for meeting_id=99587662824
2026-04-29 17:17:21,615 [INFO] Watch registered doc_id=1l8ghrmU5h5GkdsuOZ2fEg2VGsI-civ3VNik8M1FW-5M meeting_id=99587662824
2026-04-29 17:17:35,353 [INFO] Temp S3 state created: s3://zoom-automation-bucket/temp/live-doc-history/2026/Month-4/2026-04-29/99587662824/
2026-04-29 17:17:35,358 [INFO] Successfully initialized doc tracking meeting_id=99587662824
2026-04-29 17:20:23,336 [INFO] Processing meeting.started for meeting_id=92750515456
2026-04-29 17:20:23,581 [INFO] Found doc_id=1jfFENol4t8LpmmKkPubaHaR2gQdr65YRmwgOjAoKWyQ for meeting_id=92750515456
2026-04-29 17:20:23,932 [INFO] Watch registered doc_id=1jfFENol4t8LpmmKkPubaHaR2gQdr65YRmwgOjAoKWyQ meeting_id=92750515456
2026-04-29 17:20:34,832 [INFO] Temp S3 state created: s3://zoom-automation-bucket/temp/live-doc-history/2026/Month-4/2026-04-29/92750515456/
2026-04-29 17:20:34,835 [INFO] Successfully initialized doc tracking meeting_id=92750515456
2026-04-29 17:21:21,668 [INFO] Processing meeting.started for meeting_id=96306702623
2026-04-29 17:21:21,780 [INFO] Found doc_id=11njut6PBHoUjSioqL_mArawOS9EQjPe068cAnsyW4T0 for meeting_id=96306702623
2026-04-29 17:21:22,227 [INFO] Watch registered doc_id=11njut6PBHoUjSioqL_mArawOS9EQjPe068cAnsyW4T0 meeting_id=96306702623
2026-04-29 17:21:33,510 [INFO] Temp S3 state created: s3://zoom-automation-bucket/temp/live-doc-history/2026/Month-4/2026-04-29/96306702623/
2026-04-29 17:21:33,515 [INFO] Successfully initialized doc tracking meeting_id=96306702623
2026-04-29 17:26:25,727 [INFO] Processing meeting.started for meeting_id=91749977533
2026-04-29 17:26:25,954 [WARNING] No Salesforce record for meeting_id=91749977533
2026-04-29 17:26:25,954 [WARNING] Skipping meeting_id=91749977533 — no Salesforce match
2026-04-29 17:28:23,373 [INFO] Processing meeting.started for meeting_id=99368084835
2026-04-29 17:28:23,472 [INFO] Found doc_id=1i3op3QibJnJMwqZwr1R9vYHCIGjOXfUo8tlmNgteZ0w for meeting_id=99368084835
2026-04-29 17:28:23,945 [INFO] Watch registered doc_id=1i3op3QibJnJMwqZwr1R9vYHCIGjOXfUo8tlmNgteZ0w meeting_id=99368084835
2026-04-29 17:28:38,576 [INFO] Temp S3 state created: s3://zoom-automation-bucket/temp/live-doc-history/2026/Month-4/2026-04-29/99368084835/
2026-04-29 17:28:38,578 [INFO] Successfully initialized doc tracking meeting_id=99368084835
2026-04-29 17:29:46,309 [INFO] Processing meeting.started for meeting_id=91911364874
2026-04-29 17:29:46,885 [WARNING] No Salesforce record for meeting_id=91911364874
2026-04-29 17:29:46,885 [WARNING] Skipping meeting_id=91911364874 — no Salesforce match
2026-04-29 17:30:57,628 [INFO] Processing meeting.started for meeting_id=96492411867
2026-04-29 17:30:57,740 [WARNING] No Salesforce record for meeting_id=96492411867
2026-04-29 17:30:57,740 [WARNING] Skipping meeting_id=96492411867 — no Salesforce match
2026-04-29 17:33:45,836 [INFO] Processing meeting.started for meeting_id=93987289384
2026-04-29 17:33:45,939 [INFO] Found doc_id=1oSYwlAv82ABiUaw56ZdSF1jS65rH_29Sz1__-daiE4g for meeting_id=93987289384
2026-04-29 17:33:46,398 [INFO] Watch registered doc_id=1oSYwlAv82ABiUaw56ZdSF1jS65rH_29Sz1__-daiE4g meeting_id=93987289384
2026-04-29 17:33:56,756 [INFO] Temp S3 state created: s3://zoom-automation-bucket/temp/live-doc-history/2026/Month-4/2026-04-29/93987289384/
2026-04-29 17:33:56,759 [INFO] Successfully initialized doc tracking meeting_id=93987289384
2026-04-29 17:34:03,291 [INFO] Processing meeting.started for meeting_id=96340521682
2026-04-29 17:34:03,408 [WARNING] No Salesforce record for meeting_id=96340521682
2026-04-29 17:34:03,408 [WARNING] Skipping meeting_id=96340521682 — no Salesforce match
2026-04-29 17:36:50,061 [INFO] Processing meeting.started for meeting_id=98861276854
2026-04-29 17:36:50,231 [WARNING] No Salesforce record for meeting_id=98861276854
2026-04-29 17:36:50,231 [WARNING] Skipping meeting_id=98861276854 — no Salesforce match
2026-04-29 17:38:44,482 [INFO] Processing meeting.started for meeting_id=92547101539
2026-04-29 17:38:44,799 [INFO] Found doc_id=1UudWJ5L3OZxSccUKG3mHRFkbPlvMVyVpGNn5NSydiYU for meeting_id=92547101539
2026-04-29 17:38:45,229 [INFO] Watch registered doc_id=1UudWJ5L3OZxSccUKG3mHRFkbPlvMVyVpGNn5NSydiYU meeting_id=92547101539
2026-04-29 17:38:58,301 [INFO] Temp S3 state created: s3://zoom-automation-bucket/temp/live-doc-history/2026/Month-4/2026-04-29/92547101539/
2026-04-29 17:38:58,305 [INFO] Successfully initialized doc tracking meeting_id=92547101539
2026-04-29 17:41:59,443 [INFO] Processing meeting.started for meeting_id=98408098693
2026-04-29 17:41:59,540 [INFO] Found doc_id=1LQm5Jk3gMPUrVRe3ibxWfdfSS7CYhkI3CzZLxaC5w3Y for meeting_id=98408098693
2026-04-29 17:41:59,924 [INFO] Watch registered doc_id=1LQm5Jk3gMPUrVRe3ibxWfdfSS7CYhkI3CzZLxaC5w3Y meeting_id=98408098693
2026-04-29 17:42:11,571 [INFO] Temp S3 state created: s3://zoom-automation-bucket/temp/live-doc-history/2026/Month-4/2026-04-29/98408098693/
2026-04-29 17:42:11,574 [INFO] Successfully initialized doc tracking meeting_id=98408098693
2026-04-29 17:43:19,164 [INFO] Processing meeting.started for meeting_id=98837033711
2026-04-29 17:43:19,655 [INFO] Found doc_id=1N_Ezog_ajn6-HNXlRitsxKL-JiTpgfP0SDGErFemUJc for meeting_id=98837033711
2026-04-29 17:43:20,094 [INFO] Watch registered doc_id=1N_Ezog_ajn6-HNXlRitsxKL-JiTpgfP0SDGErFemUJc meeting_id=98837033711
2026-04-29 17:43:30,858 [INFO] Temp S3 state created: s3://zoom-automation-bucket/temp/live-doc-history/2026/Month-4/2026-04-29/98837033711/
2026-04-29 17:43:30,862 [INFO] Successfully initialized doc tracking meeting_id=98837033711
2026-04-29 17:44:45,585 [INFO] Processing meeting.started for meeting_id=92547101539
2026-04-29 17:44:45,687 [INFO] Found doc_id=1UudWJ5L3OZxSccUKG3mHRFkbPlvMVyVpGNn5NSydiYU for meeting_id=92547101539
2026-04-29 17:44:46,111 [INFO] Watch registered doc_id=1UudWJ5L3OZxSccUKG3mHRFkbPlvMVyVpGNn5NSydiYU meeting_id=92547101539
2026-04-29 17:44:58,468 [INFO] Temp S3 state created: s3://zoom-automation-bucket/temp/live-doc-history/2026/Month-4/2026-04-29/92547101539/
2026-04-29 17:44:58,470 [INFO] Successfully initialized doc tracking meeting_id=92547101539
2026-04-29 17:45:14,950 [INFO] Processing meeting.started for meeting_id=96080662486
2026-04-29 17:45:15,312 [INFO] Found doc_id=1rg0iZbXNpXE4dJXtZhUrQiSgPNuMBRp4XF4ZoxQZaHU for meeting_id=96080662486
2026-04-29 17:45:15,667 [INFO] Watch registered doc_id=1rg0iZbXNpXE4dJXtZhUrQiSgPNuMBRp4XF4ZoxQZaHU meeting_id=96080662486
2026-04-29 17:45:28,001 [INFO] Temp S3 state created: s3://zoom-automation-bucket/temp/live-doc-history/2026/Month-4/2026-04-29/96080662486/
2026-04-29 17:45:28,004 [INFO] Successfully initialized doc tracking meeting_id=96080662486
2026-04-29 17:48:42,201 [INFO] Processing meeting.started for meeting_id=96900600273
2026-04-29 17:48:42,694 [WARNING] No Salesforce record for meeting_id=96900600273
2026-04-29 17:48:42,695 [WARNING] Skipping meeting_id=96900600273 — no Salesforce match
2026-04-29 17:50:25,680 [INFO] Processing meeting.started for meeting_id=98163641523
2026-04-29 17:50:25,816 [INFO] Found doc_id=1Ap5FOLxUvbNICjYhNKGZahxMyY2qg9xTDXWEIEh3X9k for meeting_id=98163641523
2026-04-29 17:50:26,715 [INFO] Watch registered doc_id=1Ap5FOLxUvbNICjYhNKGZahxMyY2qg9xTDXWEIEh3X9k meeting_id=98163641523
2026-04-29 17:50:37,070 [INFO] Temp S3 state created: s3://zoom-automation-bucket/temp/live-doc-history/2026/Month-4/2026-04-29/98163641523/
2026-04-29 17:50:37,073 [INFO] Successfully initialized doc tracking meeting_id=98163641523
2026-04-29 17:50:54,572 [INFO] Processing meeting.started for meeting_id=97676033604
2026-04-29 17:50:54,702 [INFO] Found doc_id=1siXNFj9BLOQH60np2cHEVGnSQ6l6uR2OmO8HIvcaTB4 for meeting_id=97676033604
2026-04-29 17:50:55,124 [INFO] Watch registered doc_id=1siXNFj9BLOQH60np2cHEVGnSQ6l6uR2OmO8HIvcaTB4 meeting_id=97676033604
2026-04-29 17:51:08,052 [INFO] Temp S3 state created: s3://zoom-automation-bucket/temp/live-doc-history/2026/Month-4/2026-04-29/97676033604/
2026-04-29 17:51:08,054 [INFO] Successfully initialized doc tracking meeting_id=97676033604
2026-04-29 17:51:08,115 [INFO] Processing meeting.started for meeting_id=93995851543
2026-04-29 17:51:08,232 [INFO] Found doc_id=1Mut4JIO9Qd2g04vFCNxZY4C8wX_1bHo8VgMt781bve4 for meeting_id=93995851543
2026-04-29 17:51:08,719 [INFO] Watch registered doc_id=1Mut4JIO9Qd2g04vFCNxZY4C8wX_1bHo8VgMt781bve4 meeting_id=93995851543
2026-04-29 17:51:20,443 [INFO] Temp S3 state created: s3://zoom-automation-bucket/temp/live-doc-history/2026/Month-4/2026-04-29/93995851543/
2026-04-29 17:51:20,449 [INFO] Successfully initialized doc tracking meeting_id=93995851543
2026-04-29 17:52:50,507 [INFO] Processing meeting.started for meeting_id=91441541311
2026-04-29 17:52:50,667 [INFO] Found doc_id=1WXivD6rrUBO23GLxCPszouqNGTiwowqGrSRWvWgCa7c for meeting_id=91441541311
2026-04-29 17:52:51,047 [INFO] Watch registered doc_id=1WXivD6rrUBO23GLxCPszouqNGTiwowqGrSRWvWgCa7c meeting_id=91441541311
2026-04-29 17:53:05,929 [INFO] Temp S3 state created: s3://zoom-automation-bucket/temp/live-doc-history/2026/Month-4/2026-04-29/91441541311/
2026-04-29 17:53:05,931 [INFO] Successfully initialized doc tracking meeting_id=91441541311
2026-04-29 17:55:07,580 [INFO] Processing meeting.started for meeting_id=99479724897
2026-04-29 17:55:07,702 [INFO] Found doc_id=1JccpTNibV_GsPSuuf61g_zrdY7wj2_5JUCB_8UuE2fs for meeting_id=99479724897
2026-04-29 17:55:08,167 [INFO] Watch registered doc_id=1JccpTNibV_GsPSuuf61g_zrdY7wj2_5JUCB_8UuE2fs meeting_id=99479724897
2026-04-29 17:55:18,725 [INFO] Temp S3 state created: s3://zoom-automation-bucket/temp/live-doc-history/2026/Month-4/2026-04-29/99479724897/
2026-04-29 17:55:18,728 [INFO] Successfully initialized doc tracking meeting_id=99479724897
2026-04-29 17:56:39,290 [INFO] Processing meeting.started for meeting_id=93776325681
2026-04-29 17:56:39,820 [WARNING] No Salesforce record for meeting_id=93776325681
2026-04-29 17:56:39,820 [WARNING] Skipping meeting_id=93776325681 — no Salesforce match
2026-04-29 17:57:11,028 [INFO] Processing meeting.started for meeting_id=95466363476
2026-04-29 17:57:11,149 [WARNING] No Salesforce record for meeting_id=95466363476
2026-04-29 17:57:11,149 [WARNING] Skipping meeting_id=95466363476 — no Salesforce match
2026-04-29 17:58:01,295 [INFO] Processing meeting.started for meeting_id=97112287583
2026-04-29 17:58:01,437 [INFO] Found doc_id=1tX3tGrywozbx70LPsQ2VbqqVF7_EKzQ0Rf9WrlhcOWs for meeting_id=97112287583
2026-04-29 17:58:01,813 [INFO] Watch registered doc_id=1tX3tGrywozbx70LPsQ2VbqqVF7_EKzQ0Rf9WrlhcOWs meeting_id=97112287583
2026-04-29 17:58:14,016 [INFO] Temp S3 state created: s3://zoom-automation-bucket/temp/live-doc-history/2026/Month-4/2026-04-29/97112287583/
2026-04-29 17:58:14,018 [INFO] Successfully initialized doc tracking meeting_id=97112287583
2026-04-29 17:59:13,996 [INFO] Processing meeting.started for meeting_id=95466363476
2026-04-29 17:59:14,135 [WARNING] No Salesforce record for meeting_id=95466363476
2026-04-29 17:59:14,135 [WARNING] Skipping meeting_id=95466363476 — no Salesforce match
2026-04-29 18:00:08,678 [INFO] Processing meeting.started for meeting_id=95500097563
2026-04-29 18:00:08,827 [WARNING] No Salesforce record for meeting_id=95500097563
2026-04-29 18:00:08,827 [WARNING] Skipping meeting_id=95500097563 — no Salesforce match
2026-04-29 18:00:32,048 [INFO] Processing meeting.started for meeting_id=99971042367
2026-04-29 18:00:32,184 [WARNING] No Salesforce record for meeting_id=99971042367
2026-04-29 18:00:32,184 [WARNING] Skipping meeting_id=99971042367 — no Salesforce match
2026-04-29 18:16:19,141 [INFO] Processing meeting.started for meeting_id=99576602435
2026-04-29 18:16:19,302 [INFO] Found doc_id=15BGSJGVmCHvh20_dOnYTHFm6V7597SUcrG1vf0QSSn0 for meeting_id=99576602435
2026-04-29 18:16:19,726 [INFO] Watch registered doc_id=15BGSJGVmCHvh20_dOnYTHFm6V7597SUcrG1vf0QSSn0 meeting_id=99576602435
2026-04-29 18:16:30,614 [INFO] Temp S3 state created: s3://zoom-automation-bucket/temp/live-doc-history/2026/Month-4/2026-04-29/99576602435/
2026-04-29 18:16:30,618 [INFO] Successfully initialized doc tracking meeting_id=99576602435
2026-04-29 18:19:46,394 [INFO] Processing meeting.started for meeting_id=92246154074
2026-04-29 18:19:46,507 [INFO] Found doc_id=18WYdafvQe2_BgLzgj3HvLNQZXpAnupTO1Bsf7IlBezk for meeting_id=92246154074
2026-04-29 18:19:46,949 [INFO] Watch registered doc_id=18WYdafvQe2_BgLzgj3HvLNQZXpAnupTO1Bsf7IlBezk meeting_id=92246154074
2026-04-29 18:19:59,503 [INFO] Temp S3 state created: s3://zoom-automation-bucket/temp/live-doc-history/2026/Month-4/2026-04-29/92246154074/
2026-04-29 18:19:59,506 [INFO] Successfully initialized doc tracking meeting_id=92246154074
2026-04-29 18:21:39,824 [INFO] Processing meeting.started for meeting_id=97957227067
2026-04-29 18:21:39,941 [INFO] Found doc_id=10wXIkqWLNy0rZo5jiUq7Q1pMBI36X9qmp-h-8NK6ODA for meeting_id=97957227067
2026-04-29 18:21:40,360 [INFO] Watch registered doc_id=10wXIkqWLNy0rZo5jiUq7Q1pMBI36X9qmp-h-8NK6ODA meeting_id=97957227067
2026-04-29 18:21:53,906 [INFO] Temp S3 state created: s3://zoom-automation-bucket/temp/live-doc-history/2026/Month-4/2026-04-29/97957227067/
2026-04-29 18:21:53,909 [INFO] Successfully initialized doc tracking meeting_id=97957227067
2026-04-29 18:21:54,294 [INFO] Processing meeting.started for meeting_id=99052161466
2026-04-29 18:21:54,432 [WARNING] No Salesforce record for meeting_id=99052161466
2026-04-29 18:21:54,432 [WARNING] Skipping meeting_id=99052161466 — no Salesforce match
2026-04-29 18:23:31,209 [INFO] Processing meeting.started for meeting_id=96851055032
2026-04-29 18:23:31,317 [WARNING] No Salesforce record for meeting_id=96851055032
2026-04-29 18:23:31,317 [WARNING] Skipping meeting_id=96851055032 — no Salesforce match
2026-04-29 18:24:52,513 [INFO] Processing meeting.started for meeting_id=92713267208
2026-04-29 18:24:52,648 [INFO] Found doc_id=1N41yaapbyOFQP6LCq6IStU5jOo4esM3mjixCIEVSh1Q for meeting_id=92713267208
2026-04-29 18:24:53,040 [INFO] Watch registered doc_id=1N41yaapbyOFQP6LCq6IStU5jOo4esM3mjixCIEVSh1Q meeting_id=92713267208
2026-04-29 18:25:04,241 [INFO] Temp S3 state created: s3://zoom-automation-bucket/temp/live-doc-history/2026/Month-4/2026-04-29/92713267208/
2026-04-29 18:25:04,245 [INFO] Successfully initialized doc tracking meeting_id=92713267208
2026-04-29 18:27:38,602 [INFO] Processing meeting.started for meeting_id=97825751112
2026-04-29 18:27:38,748 [WARNING] No Salesforce record for meeting_id=97825751112
2026-04-29 18:27:38,748 [WARNING] Skipping meeting_id=97825751112 — no Salesforce match
2026-04-29 18:30:16,533 [INFO] Processing meeting.started for meeting_id=98410313222
2026-04-29 18:30:16,660 [WARNING] No Salesforce record for meeting_id=98410313222
2026-04-29 18:30:16,661 [WARNING] Skipping meeting_id=98410313222 — no Salesforce match
2026-04-29 18:30:58,679 [INFO] Processing meeting.started for meeting_id=99391473089
2026-04-29 18:30:58,769 [WARNING] No Salesforce record for meeting_id=99391473089
2026-04-29 18:30:58,770 [WARNING] Skipping meeting_id=99391473089 — no Salesforce match
2026-04-29 18:34:01,555 [INFO] Processing meeting.started for meeting_id=99879576966
2026-04-29 18:34:01,691 [INFO] Found doc_id=1kKBrRwtkC2ajcTw__AGbheeC-7ELwBqx1tYXtL5lB64 for meeting_id=99879576966
2026-04-29 18:34:02,024 [INFO] Watch registered doc_id=1kKBrRwtkC2ajcTw__AGbheeC-7ELwBqx1tYXtL5lB64 meeting_id=99879576966
2026-04-29 18:34:14,788 [INFO] Temp S3 state created: s3://zoom-automation-bucket/temp/live-doc-history/2026/Month-4/2026-04-29/99879576966/
2026-04-29 18:34:14,792 [INFO] Successfully initialized doc tracking meeting_id=99879576966
2026-04-29 18:35:54,852 [INFO] Processing meeting.started for meeting_id=91662364856
2026-04-29 18:35:55,403 [INFO] Found doc_id=1KGAe2KK4YlikPDrp35yItri8eWQGcO5Wyf3zmT5hB0I for meeting_id=91662364856
2026-04-29 18:35:55,778 [INFO] Watch registered doc_id=1KGAe2KK4YlikPDrp35yItri8eWQGcO5Wyf3zmT5hB0I meeting_id=91662364856
2026-04-29 18:36:06,314 [INFO] Temp S3 state created: s3://zoom-automation-bucket/temp/live-doc-history/2026/Month-4/2026-04-29/91662364856/
2026-04-29 18:36:06,319 [INFO] Successfully initialized doc tracking meeting_id=91662364856
2026-04-29 18:38:49,556 [INFO] Processing meeting.started for meeting_id=96810275214
2026-04-29 18:38:49,651 [INFO] Found doc_id=1Zd8ZsIAOR83Sw0IvAkS3aDhtIpCOIon5sAu7F256xXc for meeting_id=96810275214
2026-04-29 18:38:50,068 [INFO] Watch registered doc_id=1Zd8ZsIAOR83Sw0IvAkS3aDhtIpCOIon5sAu7F256xXc meeting_id=96810275214
2026-04-29 18:39:01,393 [INFO] Temp S3 state created: s3://zoom-automation-bucket/temp/live-doc-history/2026/Month-4/2026-04-29/96810275214/
2026-04-29 18:39:01,396 [INFO] Successfully initialized doc tracking meeting_id=96810275214
2026-04-29 18:39:46,373 [INFO] Processing meeting.started for meeting_id=96810275214
2026-04-29 18:39:46,491 [INFO] Found doc_id=1Zd8ZsIAOR83Sw0IvAkS3aDhtIpCOIon5sAu7F256xXc for meeting_id=96810275214
2026-04-29 18:39:46,979 [INFO] Watch registered doc_id=1Zd8ZsIAOR83Sw0IvAkS3aDhtIpCOIon5sAu7F256xXc meeting_id=96810275214
2026-04-29 18:39:58,953 [INFO] Temp S3 state created: s3://zoom-automation-bucket/temp/live-doc-history/2026/Month-4/2026-04-29/96810275214/
2026-04-29 18:39:58,955 [INFO] Successfully initialized doc tracking meeting_id=96810275214
2026-04-29 18:42:43,746 [INFO] Processing meeting.started for meeting_id=91794085757
2026-04-29 18:42:43,864 [WARNING] No Salesforce record for meeting_id=91794085757
2026-04-29 18:42:43,864 [WARNING] Skipping meeting_id=91794085757 — no Salesforce match
2026-04-29 18:43:36,025 [INFO] Processing meeting.started for meeting_id=91274663910
2026-04-29 18:43:36,129 [WARNING] No Salesforce record for meeting_id=91274663910
2026-04-29 18:43:36,129 [WARNING] Skipping meeting_id=91274663910 — no Salesforce match
2026-04-29 18:43:42,706 [INFO] Processing meeting.started for meeting_id=98477394110
2026-04-29 18:43:42,845 [WARNING] No Salesforce record for meeting_id=98477394110
2026-04-29 18:43:42,845 [WARNING] Skipping meeting_id=98477394110 — no Salesforce match
2026-04-29 18:46:52,844 [INFO] Processing meeting.started for meeting_id=99447545762
2026-04-29 18:46:53,625 [WARNING] No Salesforce record for meeting_id=99447545762
2026-04-29 18:46:53,625 [WARNING] Skipping meeting_id=99447545762 — no Salesforce match
2026-04-29 18:49:54,028 [INFO] Processing meeting.started for meeting_id=97721376762
2026-04-29 18:49:54,208 [INFO] Found doc_id=1KefuklOLtFu50VIaRpn2Kru4UtRxefXCg8c8kVtcEac for meeting_id=97721376762
2026-04-29 18:49:54,644 [INFO] Watch registered doc_id=1KefuklOLtFu50VIaRpn2Kru4UtRxefXCg8c8kVtcEac meeting_id=97721376762
2026-04-29 18:50:06,289 [INFO] Temp S3 state created: s3://zoom-automation-bucket/temp/live-doc-history/2026/Month-4/2026-04-29/97721376762/
2026-04-29 18:50:06,293 [INFO] Successfully initialized doc tracking meeting_id=97721376762
2026-04-29 18:50:12,267 [INFO] Processing meeting.started for meeting_id=92782186494
2026-04-29 18:50:12,390 [INFO] Found doc_id=1lC-H-d98E65_b8ZAI0ufhfeYkBRwEKyU22AOmvtbztU for meeting_id=92782186494
2026-04-29 18:50:12,747 [INFO] Watch registered doc_id=1lC-H-d98E65_b8ZAI0ufhfeYkBRwEKyU22AOmvtbztU meeting_id=92782186494
2026-04-29 18:50:23,371 [INFO] Temp S3 state created: s3://zoom-automation-bucket/temp/live-doc-history/2026/Month-4/2026-04-29/92782186494/
2026-04-29 18:50:23,374 [INFO] Successfully initialized doc tracking meeting_id=92782186494
2026-04-29 18:51:05,849 [INFO] Processing meeting.started for meeting_id=93729260019
2026-04-29 18:51:05,980 [INFO] Found doc_id=1dWapia3OO0GpgAmQ57ma2tDSufGkhS38iAq33l8ebAc for meeting_id=93729260019
2026-04-29 18:51:06,461 [INFO] Watch registered doc_id=1dWapia3OO0GpgAmQ57ma2tDSufGkhS38iAq33l8ebAc meeting_id=93729260019
2026-04-29 18:51:17,420 [INFO] Temp S3 state created: s3://zoom-automation-bucket/temp/live-doc-history/2026/Month-4/2026-04-29/93729260019/
2026-04-29 18:51:17,424 [INFO] Successfully initialized doc tracking meeting_id=93729260019
2026-04-29 18:51:40,772 [INFO] Processing meeting.started for meeting_id=96152730917
2026-04-29 18:51:40,886 [INFO] Found doc_id=1ofBytVtj2_VUy9iy6ULUlDI2xjvfUtNfWLQo69HsvOM for meeting_id=96152730917
2026-04-29 18:51:41,506 [INFO] Watch registered doc_id=1ofBytVtj2_VUy9iy6ULUlDI2xjvfUtNfWLQo69HsvOM meeting_id=96152730917
2026-04-29 18:51:53,355 [INFO] Temp S3 state created: s3://zoom-automation-bucket/temp/live-doc-history/2026/Month-4/2026-04-29/96152730917/
2026-04-29 18:51:53,358 [INFO] Successfully initialized doc tracking meeting_id=96152730917
2026-04-29 18:53:27,135 [INFO] Processing meeting.started for meeting_id=92757680450
2026-04-29 18:53:27,272 [INFO] Found doc_id=1WxPffwtNd1kLpB8ItU_zzu15KXM12UECUq5GkbGQyNA for meeting_id=92757680450
2026-04-29 18:53:27,676 [INFO] Watch registered doc_id=1WxPffwtNd1kLpB8ItU_zzu15KXM12UECUq5GkbGQyNA meeting_id=92757680450
2026-04-29 18:53:44,923 [INFO] Temp S3 state created: s3://zoom-automation-bucket/temp/live-doc-history/2026/Month-4/2026-04-29/92757680450/
2026-04-29 18:53:44,926 [INFO] Successfully initialized doc tracking meeting_id=92757680450
2026-04-29 18:53:46,603 [INFO] Processing meeting.started for meeting_id=94625691945
2026-04-29 18:53:46,826 [WARNING] No Google_Docs_ID__c for meeting_id=94625691945
2026-04-29 18:55:05,776 [INFO] Processing meeting.started for meeting_id=99094524231
2026-04-29 18:55:06,015 [INFO] Found doc_id=17wzm0cfzIB4enQ8-WgZMD036ro0UZKbPGg8VgYm1lmg for meeting_id=99094524231
2026-04-29 18:55:06,420 [INFO] Watch registered doc_id=17wzm0cfzIB4enQ8-WgZMD036ro0UZKbPGg8VgYm1lmg meeting_id=99094524231
2026-04-29 18:55:18,635 [INFO] Temp S3 state created: s3://zoom-automation-bucket/temp/live-doc-history/2026/Month-4/2026-04-29/99094524231/
2026-04-29 18:55:18,637 [INFO] Successfully initialized doc tracking meeting_id=99094524231
2026-04-29 18:55:28,587 [INFO] Processing meeting.started for meeting_id=99589744061
2026-04-29 18:55:28,720 [INFO] Found doc_id=130BVOCi67ZMQwwujwqv38jvNhe-L5V1Hu2crLL09MKY for meeting_id=99589744061
2026-04-29 18:55:29,118 [INFO] Watch registered doc_id=130BVOCi67ZMQwwujwqv38jvNhe-L5V1Hu2crLL09MKY meeting_id=99589744061
2026-04-29 18:55:42,574 [INFO] Temp S3 state created: s3://zoom-automation-bucket/temp/live-doc-history/2026/Month-4/2026-04-29/99589744061/
2026-04-29 18:55:42,579 [INFO] Successfully initialized doc tracking meeting_id=99589744061
2026-04-29 18:55:59,094 [INFO] Processing meeting.started for meeting_id=98415245393
2026-04-29 18:55:59,205 [WARNING] No Salesforce record for meeting_id=98415245393
2026-04-29 18:55:59,206 [WARNING] Skipping meeting_id=98415245393 — no Salesforce match
2026-04-29 19:02:18,434 [INFO] Processing meeting.started for meeting_id=91794085757
2026-04-29 19:02:18,569 [WARNING] No Salesforce record for meeting_id=91794085757
2026-04-29 19:02:18,570 [WARNING] Skipping meeting_id=91794085757 — no Salesforce match
2026-04-29 19:05:03,177 [INFO] Processing meeting.started for meeting_id=95802460606
2026-04-29 19:05:03,301 [INFO] Found doc_id=1k6W6tpWRugp3PdmQq7fQzKbOdPQIjiHbvdaR54wGUTU for meeting_id=95802460606
2026-04-29 19:05:03,725 [INFO] Watch registered doc_id=1k6W6tpWRugp3PdmQq7fQzKbOdPQIjiHbvdaR54wGUTU meeting_id=95802460606
2026-04-29 19:05:14,178 [INFO] Temp S3 state created: s3://zoom-automation-bucket/temp/live-doc-history/2026/Month-4/2026-04-29/95802460606/
2026-04-29 19:05:14,181 [INFO] Successfully initialized doc tracking meeting_id=95802460606
2026-04-29 19:10:37,803 [INFO] Processing meeting.started for meeting_id=96977831910
2026-04-29 19:10:38,013 [WARNING] No Salesforce record for meeting_id=96977831910
2026-04-29 19:10:38,013 [WARNING] Skipping meeting_id=96977831910 — no Salesforce match
2026-04-29 19:13:47,741 [INFO] Processing meeting.started for meeting_id=91228744423
2026-04-29 19:13:47,872 [INFO] Found doc_id=1XaDbD1Vf0hX2_Ix176Fju2GnsCQB4ZSBMjLsYR21m44 for meeting_id=91228744423
2026-04-29 19:13:48,277 [INFO] Watch registered doc_id=1XaDbD1Vf0hX2_Ix176Fju2GnsCQB4ZSBMjLsYR21m44 meeting_id=91228744423
2026-04-29 19:14:00,218 [INFO] Temp S3 state created: s3://zoom-automation-bucket/temp/live-doc-history/2026/Month-4/2026-04-29/91228744423/
2026-04-29 19:14:00,222 [INFO] Successfully initialized doc tracking meeting_id=91228744423
2026-04-29 19:15:35,773 [INFO] Processing meeting.started for meeting_id=97385652030
2026-04-29 19:15:35,961 [INFO] Found doc_id=13Q_iYcI_tXaAL_OvQnsuUD0S8arI7VuCnoqXQKSkgn4 for meeting_id=97385652030
2026-04-29 19:15:36,401 [INFO] Watch registered doc_id=13Q_iYcI_tXaAL_OvQnsuUD0S8arI7VuCnoqXQKSkgn4 meeting_id=97385652030
2026-04-29 19:15:47,283 [INFO] Temp S3 state created: s3://zoom-automation-bucket/temp/live-doc-history/2026/Month-4/2026-04-29/97385652030/
2026-04-29 19:15:47,287 [INFO] Successfully initialized doc tracking meeting_id=97385652030
2026-04-29 19:18:40,287 [INFO] Processing meeting.started for meeting_id=95441587233
2026-04-29 19:18:40,456 [INFO] Found doc_id=18pBm439qIWRQgRaYi22I1sDBFSl3nVVJEEKtQWPwjCw for meeting_id=95441587233
2026-04-29 19:18:40,889 [INFO] Watch registered doc_id=18pBm439qIWRQgRaYi22I1sDBFSl3nVVJEEKtQWPwjCw meeting_id=95441587233
2026-04-29 19:18:52,855 [INFO] Temp S3 state created: s3://zoom-automation-bucket/temp/live-doc-history/2026/Month-4/2026-04-29/95441587233/
2026-04-29 19:18:52,858 [INFO] Successfully initialized doc tracking meeting_id=95441587233
2026-04-29 19:19:39,149 [INFO] Processing meeting.started for meeting_id=98308512402
2026-04-29 19:19:39,324 [INFO] Found doc_id=1CaHmkKK6ILJep4gVyeY0CzTwBCSegWewnMBMbIdKFzU for meeting_id=98308512402
2026-04-29 19:19:39,740 [INFO] Watch registered doc_id=1CaHmkKK6ILJep4gVyeY0CzTwBCSegWewnMBMbIdKFzU meeting_id=98308512402
2026-04-29 19:19:52,349 [INFO] Temp S3 state created: s3://zoom-automation-bucket/temp/live-doc-history/2026/Month-4/2026-04-29/98308512402/
2026-04-29 19:19:52,352 [INFO] Successfully initialized doc tracking meeting_id=98308512402
2026-04-29 19:19:56,809 [INFO] Processing meeting.started for meeting_id=91565866277
2026-04-29 19:19:57,082 [WARNING] No Google_Docs_ID__c for meeting_id=91565866277
2026-04-29 19:19:57,132 [INFO] Processing meeting.started for meeting_id=99246993909
2026-04-29 19:19:57,775 [INFO] Found doc_id=176kZaaX46QmVg2_gflxb-5QAiBjOwUMk6BqVJnCGvtU for meeting_id=99246993909
2026-04-29 19:19:58,183 [INFO] Watch registered doc_id=176kZaaX46QmVg2_gflxb-5QAiBjOwUMk6BqVJnCGvtU meeting_id=99246993909
2026-04-29 19:20:10,478 [INFO] Temp S3 state created: s3://zoom-automation-bucket/temp/live-doc-history/2026/Month-4/2026-04-29/99246993909/
2026-04-29 19:20:10,480 [INFO] Successfully initialized doc tracking meeting_id=99246993909
2026-04-29 19:22:28,253 [INFO] Processing meeting.started for meeting_id=98996574039
2026-04-29 19:22:28,394 [WARNING] No Salesforce record for meeting_id=98996574039
2026-04-29 19:22:28,394 [WARNING] Skipping meeting_id=98996574039 — no Salesforce match
2026-04-29 19:24:52,598 [INFO] Processing meeting.started for meeting_id=96150705265
2026-04-29 19:24:52,795 [INFO] Found doc_id=1uqrnr5qG1SZR4tVHtXCDXpbY6U1-B5_S7aNkA8nmjME for meeting_id=96150705265
2026-04-29 19:24:53,156 [INFO] Watch registered doc_id=1uqrnr5qG1SZR4tVHtXCDXpbY6U1-B5_S7aNkA8nmjME meeting_id=96150705265
2026-04-29 19:25:06,938 [INFO] Temp S3 state created: s3://zoom-automation-bucket/temp/live-doc-history/2026/Month-4/2026-04-29/96150705265/
2026-04-29 19:25:06,941 [INFO] Successfully initialized doc tracking meeting_id=96150705265
2026-04-29 19:26:51,197 [INFO] Processing meeting.started for meeting_id=93245165781
2026-04-29 19:26:51,364 [INFO] Found doc_id=10tTJIjBt3mOGN-qcY8mmIBxgZ1dik3DIXiFKjQnkMdQ for meeting_id=93245165781
2026-04-29 19:26:51,735 [INFO] Watch registered doc_id=10tTJIjBt3mOGN-qcY8mmIBxgZ1dik3DIXiFKjQnkMdQ meeting_id=93245165781
2026-04-29 19:27:02,137 [INFO] Temp S3 state created: s3://zoom-automation-bucket/temp/live-doc-history/2026/Month-4/2026-04-29/93245165781/
2026-04-29 19:27:02,140 [INFO] Successfully initialized doc tracking meeting_id=93245165781
2026-04-29 19:27:02,203 [INFO] Processing meeting.started for meeting_id=95819739725
2026-04-29 19:27:02,398 [WARNING] No Salesforce record for meeting_id=95819739725
2026-04-29 19:27:02,398 [WARNING] Skipping meeting_id=95819739725 — no Salesforce match
2026-04-29 19:41:59,192 [INFO] Processing meeting.started for meeting_id=94178341123
2026-04-29 19:41:59,403 [INFO] Found doc_id=1UdkT6DHteFPfr7yaMtccn8GKbwD71yqJsVbmJdrMNZk for meeting_id=94178341123
2026-04-29 19:41:59,756 [INFO] Watch registered doc_id=1UdkT6DHteFPfr7yaMtccn8GKbwD71yqJsVbmJdrMNZk meeting_id=94178341123
2026-04-29 19:42:11,635 [INFO] Temp S3 state created: s3://zoom-automation-bucket/temp/live-doc-history/2026/Month-4/2026-04-29/94178341123/
2026-04-29 19:42:11,637 [INFO] Successfully initialized doc tracking meeting_id=94178341123
2026-04-29 19:43:29,008 [INFO] Processing meeting.started for meeting_id=99075004526
2026-04-29 19:43:29,144 [INFO] Found doc_id=10rIWU9T5RXMRk4B7I3Nedm5PdDU8R3lsXbMyd4d7VDM for meeting_id=99075004526
2026-04-29 19:43:29,538 [INFO] Watch registered doc_id=10rIWU9T5RXMRk4B7I3Nedm5PdDU8R3lsXbMyd4d7VDM meeting_id=99075004526
2026-04-29 19:43:39,727 [INFO] Temp S3 state created: s3://zoom-automation-bucket/temp/live-doc-history/2026/Month-4/2026-04-29/99075004526/
2026-04-29 19:43:39,729 [INFO] Successfully initialized doc tracking meeting_id=99075004526
2026-04-29 19:51:47,681 [INFO] Processing meeting.started for meeting_id=91463223268
2026-04-29 19:51:47,815 [INFO] Found doc_id=1DJ5uwIBY05yvik5UrAxwKh9uJ7_m4oHgzj3KeKqNIm4 for meeting_id=91463223268
2026-04-29 19:51:48,361 [INFO] Watch registered doc_id=1DJ5uwIBY05yvik5UrAxwKh9uJ7_m4oHgzj3KeKqNIm4 meeting_id=91463223268
2026-04-29 19:52:00,751 [INFO] Temp S3 state created: s3://zoom-automation-bucket/temp/live-doc-history/2026/Month-4/2026-04-29/91463223268/
2026-04-29 19:52:00,754 [INFO] Successfully initialized doc tracking meeting_id=91463223268
2026-04-29 19:52:20,862 [INFO] Processing meeting.started for meeting_id=93612862639
2026-04-29 19:52:21,033 [INFO] Found doc_id=1dM8OxtsJ7Ur1u_0Td9mOVm6lpD0tFPnQykUcF5_lm5Y for meeting_id=93612862639
2026-04-29 19:52:21,425 [INFO] Watch registered doc_id=1dM8OxtsJ7Ur1u_0Td9mOVm6lpD0tFPnQykUcF5_lm5Y meeting_id=93612862639
2026-04-29 19:52:32,885 [INFO] Temp S3 state created: s3://zoom-automation-bucket/temp/live-doc-history/2026/Month-4/2026-04-29/93612862639/
2026-04-29 19:52:32,887 [INFO] Successfully initialized doc tracking meeting_id=93612862639
2026-04-29 19:53:23,521 [INFO] Processing meeting.started for meeting_id=97449195588
2026-04-29 19:53:23,620 [INFO] Found doc_id=1hheY_T0h-lTjjD2lOQ_WfxfLM4uomp3qx_k8P0iiJbM for meeting_id=97449195588
2026-04-29 19:53:23,975 [INFO] Watch registered doc_id=1hheY_T0h-lTjjD2lOQ_WfxfLM4uomp3qx_k8P0iiJbM meeting_id=97449195588
2026-04-29 19:53:34,187 [INFO] Temp S3 state created: s3://zoom-automation-bucket/temp/live-doc-history/2026/Month-4/2026-04-29/97449195588/
2026-04-29 19:53:34,190 [INFO] Successfully initialized doc tracking meeting_id=97449195588
2026-04-29 19:53:42,494 [INFO] Processing meeting.started for meeting_id=99096156220
2026-04-29 19:53:42,689 [INFO] Found doc_id=1if78RtJZkFe_oYnAP5Xicl8Z0oQ38KetUT1lx1HcAMg for meeting_id=99096156220
2026-04-29 19:53:43,044 [INFO] Watch registered doc_id=1if78RtJZkFe_oYnAP5Xicl8Z0oQ38KetUT1lx1HcAMg meeting_id=99096156220
2026-04-29 19:53:54,459 [INFO] Temp S3 state created: s3://zoom-automation-bucket/temp/live-doc-history/2026/Month-4/2026-04-29/99096156220/
2026-04-29 19:53:54,461 [INFO] Successfully initialized doc tracking meeting_id=99096156220
2026-04-29 19:53:58,797 [INFO] Processing meeting.started for meeting_id=98032268490
2026-04-29 19:53:58,928 [INFO] Found doc_id=19Ussf7CJphgcHfkzXQ89cO0QjJlgqDgE2WfaB92z52k for meeting_id=98032268490
2026-04-29 19:53:59,424 [INFO] Watch registered doc_id=19Ussf7CJphgcHfkzXQ89cO0QjJlgqDgE2WfaB92z52k meeting_id=98032268490
2026-04-29 19:54:12,109 [INFO] Temp S3 state created: s3://zoom-automation-bucket/temp/live-doc-history/2026/Month-4/2026-04-29/98032268490/
2026-04-29 19:54:12,111 [INFO] Successfully initialized doc tracking meeting_id=98032268490
2026-04-29 19:56:16,420 [INFO] Processing meeting.started for meeting_id=92763685145
2026-04-29 19:56:16,531 [INFO] Found doc_id=12KqxUDrulS0hnjdYTJUxiUpyhEmDVHCUSMBboYhd-aM for meeting_id=92763685145
2026-04-29 19:56:16,896 [INFO] Watch registered doc_id=12KqxUDrulS0hnjdYTJUxiUpyhEmDVHCUSMBboYhd-aM meeting_id=92763685145
2026-04-29 19:56:27,883 [INFO] Temp S3 state created: s3://zoom-automation-bucket/temp/live-doc-history/2026/Month-4/2026-04-29/92763685145/
2026-04-29 19:56:27,886 [INFO] Successfully initialized doc tracking meeting_id=92763685145
2026-04-29 19:57:59,478 [INFO] Processing meeting.started for meeting_id=98283738250
2026-04-29 19:57:59,591 [INFO] Found doc_id=1vcKptT72aAA1AUNY6ADlfMRuKZTFHcOyDoOMTPlk-lY for meeting_id=98283738250
2026-04-29 19:58:00,554 [INFO] Watch registered doc_id=1vcKptT72aAA1AUNY6ADlfMRuKZTFHcOyDoOMTPlk-lY meeting_id=98283738250
2026-04-29 19:58:11,329 [INFO] Temp S3 state created: s3://zoom-automation-bucket/temp/live-doc-history/2026/Month-4/2026-04-29/98283738250/
2026-04-29 19:58:11,332 [INFO] Successfully initialized doc tracking meeting_id=98283738250
2026-04-29 20:10:16,864 [INFO] Processing meeting.started for meeting_id=97940150204
2026-04-29 20:10:17,492 [INFO] Found doc_id=1pIJ_fOz3WOJYW1V4zkkRLbFQpA3eo9e1mYxGXbmeZ44 for meeting_id=97940150204
2026-04-29 20:10:17,932 [INFO] Watch registered doc_id=1pIJ_fOz3WOJYW1V4zkkRLbFQpA3eo9e1mYxGXbmeZ44 meeting_id=97940150204
2026-04-29 20:10:29,897 [INFO] Temp S3 state created: s3://zoom-automation-bucket/temp/live-doc-history/2026/Month-4/2026-04-29/97940150204/
2026-04-29 20:10:29,900 [INFO] Successfully initialized doc tracking meeting_id=97940150204
2026-04-29 20:18:15,847 [INFO] Processing meeting.started for meeting_id=91983230239
2026-04-29 20:18:15,985 [WARNING] No Salesforce record for meeting_id=91983230239
2026-04-29 20:18:15,985 [WARNING] Skipping meeting_id=91983230239 — no Salesforce match
2026-04-29 20:21:00,942 [INFO] Processing meeting.started for meeting_id=94512133912
2026-04-29 20:21:01,072 [WARNING] No Google_Docs_ID__c for meeting_id=94512133912
2026-04-29 20:22:00,664 [INFO] Processing meeting.started for meeting_id=93344953349
2026-04-29 20:22:00,767 [WARNING] No Salesforce record for meeting_id=93344953349
2026-04-29 20:22:00,768 [WARNING] Skipping meeting_id=93344953349 — no Salesforce match
2026-04-29 20:24:18,577 [INFO] Processing meeting.started for meeting_id=96340879785
2026-04-29 20:24:18,941 [INFO] Found doc_id=1uxVoKgS1eVWQWOctN3aY43oP6lzpOrnGOKAT0fUxNxE for meeting_id=96340879785
2026-04-29 20:24:19,361 [INFO] Watch registered doc_id=1uxVoKgS1eVWQWOctN3aY43oP6lzpOrnGOKAT0fUxNxE meeting_id=96340879785
2026-04-29 20:24:30,870 [INFO] Temp S3 state created: s3://zoom-automation-bucket/temp/live-doc-history/2026/Month-4/2026-04-29/96340879785/
2026-04-29 20:24:30,874 [INFO] Successfully initialized doc tracking meeting_id=96340879785
2026-04-29 20:28:14,215 [INFO] Processing meeting.started for meeting_id=99182185996
2026-04-29 20:28:14,345 [WARNING] No Salesforce record for meeting_id=99182185996
2026-04-29 20:28:14,345 [WARNING] Skipping meeting_id=99182185996 — no Salesforce match
2026-04-29 20:29:35,997 [INFO] Processing meeting.started for meeting_id=99248559793
2026-04-29 20:29:36,096 [WARNING] No Salesforce record for meeting_id=99248559793
2026-04-29 20:29:36,097 [WARNING] Skipping meeting_id=99248559793 — no Salesforce match
2026-04-29 20:29:52,909 [INFO] Processing meeting.started for meeting_id=91063476694
2026-04-29 20:29:53,017 [WARNING] No Salesforce record for meeting_id=91063476694
2026-04-29 20:29:53,017 [WARNING] Skipping meeting_id=91063476694 — no Salesforce match
2026-04-29 20:30:43,511 [INFO] Processing meeting.started for meeting_id=91794085757
2026-04-29 20:30:43,619 [WARNING] No Salesforce record for meeting_id=91794085757
2026-04-29 20:30:43,619 [WARNING] Skipping meeting_id=91794085757 — no Salesforce match
2026-04-29 20:33:48,664 [INFO] Processing meeting.started for meeting_id=99391473089
2026-04-29 20:33:48,766 [WARNING] No Salesforce record for meeting_id=99391473089
2026-04-29 20:33:48,766 [WARNING] Skipping meeting_id=99391473089 — no Salesforce match
2026-04-29 20:34:45,238 [INFO] Processing meeting.started for meeting_id=91274663910
2026-04-29 20:34:45,339 [WARNING] No Salesforce record for meeting_id=91274663910
2026-04-29 20:34:45,339 [WARNING] Skipping meeting_id=91274663910 — no Salesforce match
2026-04-29 20:35:43,714 [INFO] Processing meeting.started for meeting_id=94704490333
2026-04-29 20:35:43,950 [WARNING] No Salesforce record for meeting_id=94704490333
2026-04-29 20:35:43,950 [WARNING] Skipping meeting_id=94704490333 — no Salesforce match
2026-04-29 20:37:27,780 [INFO] Processing meeting.started for meeting_id=96851055032
2026-04-29 20:37:27,884 [WARNING] No Salesforce record for meeting_id=96851055032
2026-04-29 20:37:27,884 [WARNING] Skipping meeting_id=96851055032 — no Salesforce match
2026-04-29 20:47:31,860 [INFO] Processing meeting.started for meeting_id=98802328190
2026-04-29 20:47:32,052 [INFO] Found doc_id=1v4CdjXDKkwLisY5pxN0MINKGx_4zuQfMHKZB_OE-02c for meeting_id=98802328190
2026-04-29 20:47:32,457 [INFO] Watch registered doc_id=1v4CdjXDKkwLisY5pxN0MINKGx_4zuQfMHKZB_OE-02c meeting_id=98802328190
2026-04-29 20:47:46,306 [INFO] Temp S3 state created: s3://zoom-automation-bucket/temp/live-doc-history/2026/Month-4/2026-04-29/98802328190/
2026-04-29 20:47:46,309 [INFO] Successfully initialized doc tracking meeting_id=98802328190
2026-04-29 20:50:38,215 [INFO] Processing meeting.started for meeting_id=97713584688
2026-04-29 20:50:38,418 [WARNING] No Salesforce record for meeting_id=97713584688
2026-04-29 20:50:38,418 [WARNING] Skipping meeting_id=97713584688 — no Salesforce match
2026-04-29 20:52:15,417 [INFO] Processing meeting.started for meeting_id=92648446178
2026-04-29 20:52:15,605 [INFO] Found doc_id=1HRgsr_O6bu1XDHicqRNO6cSbuHOK3U_D_rUJGXmkw-Q for meeting_id=92648446178
2026-04-29 20:52:16,007 [INFO] Watch registered doc_id=1HRgsr_O6bu1XDHicqRNO6cSbuHOK3U_D_rUJGXmkw-Q meeting_id=92648446178
2026-04-29 20:52:26,467 [INFO] Temp S3 state created: s3://zoom-automation-bucket/temp/live-doc-history/2026/Month-4/2026-04-29/92648446178/
2026-04-29 20:52:26,470 [INFO] Successfully initialized doc tracking meeting_id=92648446178
2026-04-29 20:54:11,777 [INFO] Processing meeting.started for meeting_id=92648446178
2026-04-29 20:54:11,929 [INFO] Found doc_id=1HRgsr_O6bu1XDHicqRNO6cSbuHOK3U_D_rUJGXmkw-Q for meeting_id=92648446178
2026-04-29 20:54:12,281 [INFO] Watch registered doc_id=1HRgsr_O6bu1XDHicqRNO6cSbuHOK3U_D_rUJGXmkw-Q meeting_id=92648446178
2026-04-29 20:54:23,033 [INFO] Temp S3 state created: s3://zoom-automation-bucket/temp/live-doc-history/2026/Month-4/2026-04-29/92648446178/
2026-04-29 20:54:23,036 [INFO] Successfully initialized doc tracking meeting_id=92648446178
2026-04-29 20:55:07,395 [INFO] Processing meeting.started for meeting_id=95131538631
2026-04-29 20:55:07,525 [INFO] Found doc_id=12Cy2_LTh6KzKUtPWK5F-WFDyjDmdBfqFGUP7ZWZCs9o for meeting_id=95131538631
2026-04-29 20:55:07,992 [INFO] Watch registered doc_id=12Cy2_LTh6KzKUtPWK5F-WFDyjDmdBfqFGUP7ZWZCs9o meeting_id=95131538631
2026-04-29 20:55:18,627 [INFO] Temp S3 state created: s3://zoom-automation-bucket/temp/live-doc-history/2026/Month-4/2026-04-29/95131538631/
2026-04-29 20:55:18,629 [INFO] Successfully initialized doc tracking meeting_id=95131538631
2026-04-29 21:06:37,314 [INFO] Processing meeting.started for meeting_id=99816070852
2026-04-29 21:06:37,510 [INFO] Found doc_id=10lFZaashJ67JGF_5igeEa2VBkk1ff2cEhl1cN_pdYhI for meeting_id=99816070852
2026-04-29 21:06:37,850 [INFO] Watch registered doc_id=10lFZaashJ67JGF_5igeEa2VBkk1ff2cEhl1cN_pdYhI meeting_id=99816070852
2026-04-29 21:06:51,030 [INFO] Temp S3 state created: s3://zoom-automation-bucket/temp/live-doc-history/2026/Month-4/2026-04-29/99816070852/
2026-04-29 21:06:51,033 [INFO] Successfully initialized doc tracking meeting_id=99816070852
2026-04-29 21:10:52,049 [INFO] Processing meeting.started for meeting_id=95867764055
2026-04-29 21:10:52,197 [INFO] Found doc_id=1HUEfrpqJ7IKSud0jQINcpwQDmBrJOQDbMqSYEZft6CU for meeting_id=95867764055
2026-04-29 21:10:52,652 [INFO] Watch registered doc_id=1HUEfrpqJ7IKSud0jQINcpwQDmBrJOQDbMqSYEZft6CU meeting_id=95867764055
2026-04-29 21:11:04,589 [INFO] Temp S3 state created: s3://zoom-automation-bucket/temp/live-doc-history/2026/Month-4/2026-04-29/95867764055/
2026-04-29 21:11:04,593 [INFO] Successfully initialized doc tracking meeting_id=95867764055
2026-04-29 21:16:40,330 [INFO] Processing meeting.started for meeting_id=91063476694
2026-04-29 21:16:40,455 [WARNING] No Salesforce record for meeting_id=91063476694
2026-04-29 21:16:40,456 [WARNING] Skipping meeting_id=91063476694 — no Salesforce match
2026-04-29 21:20:58,823 [INFO] Processing meeting.started for meeting_id=99379155452
2026-04-29 21:20:59,097 [INFO] Found doc_id=1826iP7hk0LABCzM2r9340_rHG5lo5pJk4wAU2E0PGdI for meeting_id=99379155452
2026-04-29 21:20:59,472 [INFO] Watch registered doc_id=1826iP7hk0LABCzM2r9340_rHG5lo5pJk4wAU2E0PGdI meeting_id=99379155452
2026-04-29 21:21:10,283 [INFO] Temp S3 state created: s3://zoom-automation-bucket/temp/live-doc-history/2026/Month-4/2026-04-29/99379155452/
2026-04-29 21:21:10,286 [INFO] Successfully initialized doc tracking meeting_id=99379155452
2026-04-29 21:24:26,386 [INFO] Processing meeting.started for meeting_id=92713267208
2026-04-29 21:24:26,685 [INFO] Found doc_id=1N41yaapbyOFQP6LCq6IStU5jOo4esM3mjixCIEVSh1Q for meeting_id=92713267208
2026-04-29 21:24:27,035 [INFO] Watch registered doc_id=1N41yaapbyOFQP6LCq6IStU5jOo4esM3mjixCIEVSh1Q meeting_id=92713267208
2026-04-29 21:24:39,422 [INFO] Temp S3 state created: s3://zoom-automation-bucket/temp/live-doc-history/2026/Month-4/2026-04-29/92713267208/
2026-04-29 21:24:39,425 [INFO] Successfully initialized doc tracking meeting_id=92713267208
2026-04-29 21:26:21,876 [INFO] Processing meeting.started for meeting_id=99379155452
2026-04-29 21:26:22,008 [INFO] Found doc_id=1826iP7hk0LABCzM2r9340_rHG5lo5pJk4wAU2E0PGdI for meeting_id=99379155452
2026-04-29 21:26:22,425 [INFO] Watch registered doc_id=1826iP7hk0LABCzM2r9340_rHG5lo5pJk4wAU2E0PGdI meeting_id=99379155452
2026-04-29 21:26:34,443 [INFO] Temp S3 state created: s3://zoom-automation-bucket/temp/live-doc-history/2026/Month-4/2026-04-29/99379155452/
2026-04-29 21:26:34,445 [INFO] Successfully initialized doc tracking meeting_id=99379155452
2026-04-29 21:28:39,571 [INFO] Processing meeting.started for meeting_id=94398499040
2026-04-29 21:28:39,672 [WARNING] No Salesforce record for meeting_id=94398499040
2026-04-29 21:28:39,672 [WARNING] Skipping meeting_id=94398499040 — no Salesforce match
2026-04-29 21:40:26,184 [INFO] Processing meeting.started for meeting_id=8898177914
2026-04-29 21:40:26,745 [WARNING] No Salesforce record for meeting_id=8898177914
2026-04-29 21:40:26,745 [WARNING] Skipping meeting_id=8898177914 — no Salesforce match
2026-04-29 21:42:20,259 [INFO] Processing meeting.started for meeting_id=92569109656
2026-04-29 21:42:20,379 [INFO] Found doc_id=1wZHgMJ-n7-ry1zLBjy85YV9geKEnEkKfbMVEy4VkkuQ for meeting_id=92569109656
2026-04-29 21:42:20,839 [INFO] Watch registered doc_id=1wZHgMJ-n7-ry1zLBjy85YV9geKEnEkKfbMVEy4VkkuQ meeting_id=92569109656
2026-04-29 21:42:32,279 [INFO] Temp S3 state created: s3://zoom-automation-bucket/temp/live-doc-history/2026/Month-4/2026-04-29/92569109656/
2026-04-29 21:42:32,282 [INFO] Successfully initialized doc tracking meeting_id=92569109656
2026-04-29 21:55:16,691 [INFO] Processing meeting.started for meeting_id=91633225897
2026-04-29 21:55:16,884 [INFO] Found doc_id=1xzQOLSjui2RXiNUSRAE6G4_am86OlYns-hIXdtdeFYk for meeting_id=91633225897
2026-04-29 21:55:17,378 [INFO] Watch registered doc_id=1xzQOLSjui2RXiNUSRAE6G4_am86OlYns-hIXdtdeFYk meeting_id=91633225897
2026-04-29 21:55:29,151 [INFO] Temp S3 state created: s3://zoom-automation-bucket/temp/live-doc-history/2026/Month-4/2026-04-29/91633225897/
2026-04-29 21:55:29,154 [INFO] Successfully initialized doc tracking meeting_id=91633225897
2026-04-29 21:55:29,202 [INFO] Processing meeting.started for meeting_id=95224164332
2026-04-29 21:55:29,360 [WARNING] No Salesforce record for meeting_id=95224164332
2026-04-29 21:55:29,360 [WARNING] Skipping meeting_id=95224164332 — no Salesforce match
2026-04-29 21:57:19,158 [INFO] Processing meeting.started for meeting_id=93359176446
2026-04-29 21:57:19,289 [WARNING] No Salesforce record for meeting_id=93359176446
2026-04-29 21:57:19,289 [WARNING] Skipping meeting_id=93359176446 — no Salesforce match
2026-04-29 21:58:32,974 [INFO] Processing meeting.started for meeting_id=97309069380
2026-04-29 21:58:33,099 [WARNING] No Salesforce record for meeting_id=97309069380
2026-04-29 21:58:33,099 [WARNING] Skipping meeting_id=97309069380 — no Salesforce match
2026-04-29 21:59:34,855 [INFO] Processing meeting.started for meeting_id=95884834336
2026-04-29 21:59:34,985 [WARNING] No Salesforce record for meeting_id=95884834336
2026-04-29 21:59:34,985 [WARNING] Skipping meeting_id=95884834336 — no Salesforce match
2026-04-29 22:14:28,111 [INFO] Processing meeting.started for meeting_id=98159774974
2026-04-29 22:14:28,333 [WARNING] No Salesforce record for meeting_id=98159774974
2026-04-29 22:14:28,333 [WARNING] Skipping meeting_id=98159774974 — no Salesforce match
2026-04-29 22:17:13,943 [INFO] Processing meeting.started for meeting_id=98405474788
2026-04-29 22:17:14,090 [WARNING] No Salesforce record for meeting_id=98405474788
2026-04-29 22:17:14,090 [WARNING] Skipping meeting_id=98405474788 — no Salesforce match
2026-04-29 22:23:36,185 [INFO] Processing meeting.started for meeting_id=95884834336
2026-04-29 22:23:36,393 [WARNING] No Salesforce record for meeting_id=95884834336
2026-04-29 22:23:36,394 [WARNING] Skipping meeting_id=95884834336 — no Salesforce match
2026-04-29 22:24:07,923 [INFO] Processing meeting.started for meeting_id=96543258271
2026-04-29 22:24:08,030 [WARNING] No Salesforce record for meeting_id=96543258271
2026-04-29 22:24:08,030 [WARNING] Skipping meeting_id=96543258271 — no Salesforce match
2026-04-30 00:31:39,417 [INFO] Processing meeting.started for meeting_id=96408609943
2026-04-30 00:31:39,915 [INFO] Found doc_id=1-Kyf56w_nO4LvBvNUuOfmBYrVSt1AzV_78btoMiiNZ8 for meeting_id=96408609943
2026-04-30 00:31:40,347 [INFO] Watch registered doc_id=1-Kyf56w_nO4LvBvNUuOfmBYrVSt1AzV_78btoMiiNZ8 meeting_id=96408609943
2026-04-30 00:31:54,720 [INFO] Temp S3 state created: s3://zoom-automation-bucket/temp/live-doc-history/2026/Month-4/2026-04-30/96408609943/
2026-04-30 00:31:54,722 [INFO] Successfully initialized doc tracking meeting_id=96408609943
2026-04-30 13:18:07,970 [INFO] Processing meeting.started for meeting_id=93308280756
2026-04-30 13:18:08,868 [INFO] Found doc_id=1dKK5l6wDo0aAJIVg7dw74tnP5nHOuU8jLCuIBzIu9zQ for meeting_id=93308280756
2026-04-30 13:18:09,295 [INFO] Watch registered doc_id=1dKK5l6wDo0aAJIVg7dw74tnP5nHOuU8jLCuIBzIu9zQ meeting_id=93308280756
2026-04-30 13:18:22,193 [INFO] Temp S3 state created: s3://zoom-automation-bucket/temp/live-doc-history/2026/Month-4/2026-04-30/93308280756/
2026-04-30 13:18:22,196 [INFO] Successfully initialized doc tracking meeting_id=93308280756
2026-04-30 13:30:45,299 [INFO] Processing meeting.started for meeting_id=99391473089
2026-04-30 13:30:45,990 [WARNING] No Salesforce record for meeting_id=99391473089
2026-04-30 13:30:45,990 [WARNING] Skipping meeting_id=99391473089 — no Salesforce match
2026-04-30 13:35:45,215 [INFO] Processing meeting.started for meeting_id=96491076129
2026-04-30 13:35:45,941 [WARNING] No Salesforce record for meeting_id=96491076129
2026-04-30 13:35:45,941 [WARNING] Skipping meeting_id=96491076129 — no Salesforce match
2026-04-30 13:36:12,060 [INFO] Processing meeting.started for meeting_id=93795690983
2026-04-30 13:36:12,697 [WARNING] No Salesforce record for meeting_id=93795690983
2026-04-30 13:36:12,697 [WARNING] Skipping meeting_id=93795690983 — no Salesforce match
2026-04-30 13:42:37,957 [INFO] Processing meeting.started for meeting_id=99182185996
2026-04-30 13:42:38,126 [WARNING] No Salesforce record for meeting_id=99182185996
2026-04-30 13:42:38,126 [WARNING] Skipping meeting_id=99182185996 — no Salesforce match
2026-04-30 13:44:43,937 [INFO] Processing meeting.started for meeting_id=99443727183
2026-04-30 13:44:44,054 [WARNING] No Salesforce record for meeting_id=99443727183
2026-04-30 13:44:44,054 [WARNING] Skipping meeting_id=99443727183 — no Salesforce match
2026-04-30 13:45:49,212 [INFO] Processing meeting.started for meeting_id=99715183879
2026-04-30 13:45:49,320 [INFO] Found doc_id=12jH1n_hTtI19IuITsNabsMwav4l_yx9xBWWOakBHN18 for meeting_id=99715183879
2026-04-30 13:45:49,745 [INFO] Watch registered doc_id=12jH1n_hTtI19IuITsNabsMwav4l_yx9xBWWOakBHN18 meeting_id=99715183879
2026-04-30 13:46:00,178 [INFO] Temp S3 state created: s3://zoom-automation-bucket/temp/live-doc-history/2026/Month-4/2026-04-30/99715183879/
2026-04-30 13:46:00,181 [INFO] Successfully initialized doc tracking meeting_id=99715183879
2026-04-30 13:47:06,400 [INFO] Processing meeting.started for meeting_id=96867254783
2026-04-30 13:47:06,514 [INFO] Found doc_id=1oRdrKmwgaF5DA6XXX8mx5cP74_hU6qqVBVg1m-NRykM for meeting_id=96867254783
2026-04-30 13:47:06,929 [INFO] Watch registered doc_id=1oRdrKmwgaF5DA6XXX8mx5cP74_hU6qqVBVg1m-NRykM meeting_id=96867254783
2026-04-30 13:47:18,367 [INFO] Temp S3 state created: s3://zoom-automation-bucket/temp/live-doc-history/2026/Month-4/2026-04-30/96867254783/
2026-04-30 13:47:18,370 [INFO] Successfully initialized doc tracking meeting_id=96867254783
2026-04-30 13:47:18,439 [INFO] Processing meeting.started for meeting_id=91274663910
2026-04-30 13:47:19,017 [WARNING] No Salesforce record for meeting_id=91274663910
2026-04-30 13:47:19,017 [WARNING] Skipping meeting_id=91274663910 — no Salesforce match
2026-04-30 13:47:52,818 [INFO] Processing meeting.started for meeting_id=96851055032
2026-04-30 13:47:52,993 [WARNING] No Salesforce record for meeting_id=96851055032
2026-04-30 13:47:52,994 [WARNING] Skipping meeting_id=96851055032 — no Salesforce match
2026-04-30 13:48:31,160 [INFO] Processing meeting.started for meeting_id=97436586404
2026-04-30 13:48:31,279 [WARNING] No Salesforce record for meeting_id=97436586404
2026-04-30 13:48:31,279 [WARNING] Skipping meeting_id=97436586404 — no Salesforce match
2026-04-30 14:11:37,387 [INFO] Processing meeting.started for meeting_id=93580846773
2026-04-30 14:11:37,620 [WARNING] No Salesforce record for meeting_id=93580846773
2026-04-30 14:11:37,620 [WARNING] Skipping meeting_id=93580846773 — no Salesforce match
2026-04-30 14:21:48,566 [INFO] Processing meeting.started for meeting_id=92963230695
2026-04-30 14:21:48,876 [INFO] Found doc_id=1XU44LQze1zvstdo-h4_Rk47CdN7XJWJj-pYk1UEY98c for meeting_id=92963230695
2026-04-30 14:21:49,377 [INFO] Watch registered doc_id=1XU44LQze1zvstdo-h4_Rk47CdN7XJWJj-pYk1UEY98c meeting_id=92963230695
2026-04-30 14:22:01,485 [INFO] Temp S3 state created: s3://zoom-automation-bucket/temp/live-doc-history/2026/Month-4/2026-04-30/92963230695/
2026-04-30 14:22:01,488 [INFO] Successfully initialized doc tracking meeting_id=92963230695
2026-04-30 14:22:23,611 [INFO] Processing meeting.started for meeting_id=91943404602
2026-04-30 14:22:23,756 [INFO] Found doc_id=1__OYk_SkTKxoozJGtAyD_yZTDoGjEaxWFBRx2stjI-c for meeting_id=91943404602
2026-04-30 14:22:24,163 [INFO] Watch registered doc_id=1__OYk_SkTKxoozJGtAyD_yZTDoGjEaxWFBRx2stjI-c meeting_id=91943404602
2026-04-30 14:22:35,168 [INFO] Temp S3 state created: s3://zoom-automation-bucket/temp/live-doc-history/2026/Month-4/2026-04-30/91943404602/
2026-04-30 14:22:35,171 [INFO] Successfully initialized doc tracking meeting_id=91943404602
2026-04-30 14:23:59,207 [INFO] Processing meeting.started for meeting_id=92346729514
2026-04-30 14:23:59,406 [WARNING] No Salesforce record for meeting_id=92346729514
2026-04-30 14:23:59,406 [WARNING] Skipping meeting_id=92346729514 — no Salesforce match
2026-04-30 14:27:47,634 [INFO] Processing meeting.started for meeting_id=98618064842
2026-04-30 14:27:47,945 [WARNING] No Salesforce record for meeting_id=98618064842
2026-04-30 14:27:47,945 [WARNING] Skipping meeting_id=98618064842 — no Salesforce match
2026-04-30 14:28:29,327 [INFO] Processing meeting.started for meeting_id=98224924079
2026-04-30 14:28:29,511 [WARNING] No Salesforce record for meeting_id=98224924079
2026-04-30 14:28:29,511 [WARNING] Skipping meeting_id=98224924079 — no Salesforce match
2026-04-30 14:28:31,286 [INFO] Processing meeting.started for meeting_id=93211837126
2026-04-30 14:28:31,418 [WARNING] No Salesforce record for meeting_id=93211837126
2026-04-30 14:28:31,419 [WARNING] Skipping meeting_id=93211837126 — no Salesforce match
2026-04-30 14:30:53,936 [INFO] Processing meeting.started for meeting_id=94596684010
2026-04-30 14:30:54,096 [WARNING] No Salesforce record for meeting_id=94596684010
2026-04-30 14:30:54,097 [WARNING] Skipping meeting_id=94596684010 — no Salesforce match
2026-04-30 14:36:41,773 [INFO] Processing meeting.started for meeting_id=98697279276
2026-04-30 14:36:41,974 [INFO] Found doc_id=1miYZACQn0hsOJLDX1jNWxT52A6dyyyI1BpoU6PwGvE0 for meeting_id=98697279276
2026-04-30 14:36:42,379 [INFO] Watch registered doc_id=1miYZACQn0hsOJLDX1jNWxT52A6dyyyI1BpoU6PwGvE0 meeting_id=98697279276
2026-04-30 14:36:54,480 [INFO] Temp S3 state created: s3://zoom-automation-bucket/temp/live-doc-history/2026/Month-4/2026-04-30/98697279276/
2026-04-30 14:36:54,483 [INFO] Successfully initialized doc tracking meeting_id=98697279276
2026-04-30 14:39:44,024 [INFO] Processing meeting.started for meeting_id=91943404602
2026-04-30 14:39:44,163 [INFO] Found doc_id=1__OYk_SkTKxoozJGtAyD_yZTDoGjEaxWFBRx2stjI-c for meeting_id=91943404602
2026-04-30 14:39:44,560 [INFO] Watch registered doc_id=1__OYk_SkTKxoozJGtAyD_yZTDoGjEaxWFBRx2stjI-c meeting_id=91943404602
2026-04-30 14:39:57,671 [INFO] Temp S3 state created: s3://zoom-automation-bucket/temp/live-doc-history/2026/Month-4/2026-04-30/91943404602/
2026-04-30 14:39:57,674 [INFO] Successfully initialized doc tracking meeting_id=91943404602
2026-04-30 14:46:33,298 [INFO] Processing meeting.started for meeting_id=98989692085
2026-04-30 14:46:33,463 [INFO] Found doc_id=1BHsTPAOyPU89fCBMmVDuLzlTnvmsdvAbPxagZx2kXG0 for meeting_id=98989692085
2026-04-30 14:46:33,803 [INFO] Watch registered doc_id=1BHsTPAOyPU89fCBMmVDuLzlTnvmsdvAbPxagZx2kXG0 meeting_id=98989692085
2026-04-30 14:46:45,589 [INFO] Temp S3 state created: s3://zoom-automation-bucket/temp/live-doc-history/2026/Month-4/2026-04-30/98989692085/
2026-04-30 14:46:45,591 [INFO] Successfully initialized doc tracking meeting_id=98989692085
2026-04-30 14:48:14,303 [INFO] Processing meeting.started for meeting_id=95316977937
2026-04-30 14:48:14,840 [INFO] Found doc_id=1dzx901dbiavlehsQezlcSYlrL3R9y_WNxDN-_5jtvLI for meeting_id=95316977937
2026-04-30 14:48:15,203 [INFO] Watch registered doc_id=1dzx901dbiavlehsQezlcSYlrL3R9y_WNxDN-_5jtvLI meeting_id=95316977937
2026-04-30 14:48:25,548 [INFO] Temp S3 state created: s3://zoom-automation-bucket/temp/live-doc-history/2026/Month-4/2026-04-30/95316977937/
2026-04-30 14:48:25,551 [INFO] Successfully initialized doc tracking meeting_id=95316977937
2026-04-30 14:49:15,393 [INFO] Processing meeting.started for meeting_id=99849715056
2026-04-30 14:49:15,541 [INFO] Found doc_id=1Mwp47Fx8-v0z3zy6K78Et7UFZzYWJsx4bMfsFFnOXkM for meeting_id=99849715056
2026-04-30 14:49:15,949 [INFO] Watch registered doc_id=1Mwp47Fx8-v0z3zy6K78Et7UFZzYWJsx4bMfsFFnOXkM meeting_id=99849715056
2026-04-30 14:49:32,463 [INFO] Temp S3 state created: s3://zoom-automation-bucket/temp/live-doc-history/2026/Month-4/2026-04-30/99849715056/
2026-04-30 14:49:32,466 [INFO] Successfully initialized doc tracking meeting_id=99849715056
2026-04-30 14:52:51,132 [INFO] Processing meeting.started for meeting_id=92196882267
2026-04-30 14:52:51,476 [WARNING] No Salesforce record for meeting_id=92196882267
2026-04-30 14:52:51,477 [WARNING] Skipping meeting_id=92196882267 — no Salesforce match
2026-04-30 14:53:44,508 [INFO] Processing meeting.started for meeting_id=91921619836
2026-04-30 14:53:44,631 [INFO] Found doc_id=17f5ZjGaZHixaK5omI31CJQ1tcuvHGjcHLR5csw3Dwuk for meeting_id=91921619836
2026-04-30 14:53:45,599 [INFO] Watch registered doc_id=17f5ZjGaZHixaK5omI31CJQ1tcuvHGjcHLR5csw3Dwuk meeting_id=91921619836
2026-04-30 14:53:58,352 [INFO] Temp S3 state created: s3://zoom-automation-bucket/temp/live-doc-history/2026/Month-4/2026-04-30/91921619836/
2026-04-30 14:53:58,356 [INFO] Successfully initialized doc tracking meeting_id=91921619836
2026-04-30 14:55:26,568 [INFO] Processing meeting.started for meeting_id=96960860093
2026-04-30 14:55:26,721 [INFO] Found doc_id=1xU-lr4lYss7_GKtsZ_WmpXsYI-WRvwLhIgXkGWHuB4U for meeting_id=96960860093
2026-04-30 14:55:27,132 [INFO] Watch registered doc_id=1xU-lr4lYss7_GKtsZ_WmpXsYI-WRvwLhIgXkGWHuB4U meeting_id=96960860093
2026-04-30 14:55:40,601 [INFO] Temp S3 state created: s3://zoom-automation-bucket/temp/live-doc-history/2026/Month-4/2026-04-30/96960860093/
2026-04-30 14:55:40,604 [INFO] Successfully initialized doc tracking meeting_id=96960860093
2026-04-30 14:57:57,680 [INFO] Processing meeting.started for meeting_id=92630768717
2026-04-30 14:57:57,812 [WARNING] No Salesforce record for meeting_id=92630768717
2026-04-30 14:57:57,812 [WARNING] Skipping meeting_id=92630768717 — no Salesforce match
2026-04-30 15:00:10,906 [INFO] Processing meeting.started for meeting_id=97299664870
2026-04-30 15:00:11,031 [WARNING] No Salesforce record for meeting_id=97299664870
2026-04-30 15:00:11,031 [WARNING] Skipping meeting_id=97299664870 — no Salesforce match
2026-04-30 15:10:29,222 [INFO] Processing meeting.started for meeting_id=93211837126
2026-04-30 15:10:29,417 [WARNING] No Salesforce record for meeting_id=93211837126
2026-04-30 15:10:29,417 [WARNING] Skipping meeting_id=93211837126 — no Salesforce match
2026-04-30 15:13:13,142 [INFO] Processing meeting.started for meeting_id=91826692739
2026-04-30 15:13:13,293 [INFO] Found doc_id=10iQNpAifqIJiuAVynoeGFt2bWEBR5_ChoFBuAp4YsKE for meeting_id=91826692739
2026-04-30 15:13:13,780 [INFO] Watch registered doc_id=10iQNpAifqIJiuAVynoeGFt2bWEBR5_ChoFBuAp4YsKE meeting_id=91826692739
2026-04-30 15:13:24,440 [INFO] Temp S3 state created: s3://zoom-automation-bucket/temp/live-doc-history/2026/Month-4/2026-04-30/91826692739/
2026-04-30 15:13:24,443 [INFO] Successfully initialized doc tracking meeting_id=91826692739
2026-04-30 15:13:24,510 [INFO] Processing meeting.started for meeting_id=94266193128
2026-04-30 15:13:24,663 [WARNING] No Salesforce record for meeting_id=94266193128
2026-04-30 15:13:24,664 [WARNING] Skipping meeting_id=94266193128 — no Salesforce match
2026-04-30 15:14:14,213 [INFO] Processing meeting.started for meeting_id=94921999817
2026-04-30 15:14:14,457 [INFO] Found doc_id=1k5857JKBT2QIBLo_942VUsFLju9lHAzdMXJg9KFAXPI for meeting_id=94921999817
2026-04-30 15:14:14,852 [INFO] Watch registered doc_id=1k5857JKBT2QIBLo_942VUsFLju9lHAzdMXJg9KFAXPI meeting_id=94921999817
2026-04-30 15:14:25,222 [INFO] Temp S3 state created: s3://zoom-automation-bucket/temp/live-doc-history/2026/Month-4/2026-04-30/94921999817/
2026-04-30 15:14:25,225 [INFO] Successfully initialized doc tracking meeting_id=94921999817
2026-04-30 15:17:02,909 [INFO] Processing meeting.started for meeting_id=96660011720
2026-04-30 15:17:03,171 [INFO] Found doc_id=1jU3VZxk9_KTUhZuwj8oi3gErLswbyddseUdld3x77uI for meeting_id=96660011720
2026-04-30 15:17:03,584 [INFO] Watch registered doc_id=1jU3VZxk9_KTUhZuwj8oi3gErLswbyddseUdld3x77uI meeting_id=96660011720
2026-04-30 15:17:15,685 [INFO] Temp S3 state created: s3://zoom-automation-bucket/temp/live-doc-history/2026/Month-4/2026-04-30/96660011720/
2026-04-30 15:17:15,688 [INFO] Successfully initialized doc tracking meeting_id=96660011720
2026-04-30 15:20:05,871 [INFO] Processing meeting.started for meeting_id=99629424010
2026-04-30 15:20:06,047 [INFO] Found doc_id=1v8v-uN4Y7uZF4dpyM82HiPRyjKic70FJeLkp1dHhzj0 for meeting_id=99629424010
2026-04-30 15:20:06,494 [INFO] Watch registered doc_id=1v8v-uN4Y7uZF4dpyM82HiPRyjKic70FJeLkp1dHhzj0 meeting_id=99629424010
2026-04-30 15:20:16,769 [INFO] Temp S3 state created: s3://zoom-automation-bucket/temp/live-doc-history/2026/Month-4/2026-04-30/99629424010/
2026-04-30 15:20:16,773 [INFO] Successfully initialized doc tracking meeting_id=99629424010
2026-04-30 15:28:02,710 [INFO] Processing meeting.started for meeting_id=93741038091
2026-04-30 15:28:02,886 [WARNING] No Salesforce record for meeting_id=93741038091
2026-04-30 15:28:02,886 [WARNING] Skipping meeting_id=93741038091 — no Salesforce match
2026-04-30 15:28:58,260 [INFO] Processing meeting.started for meeting_id=91794085757
2026-04-30 15:28:58,421 [WARNING] No Salesforce record for meeting_id=91794085757
2026-04-30 15:28:58,421 [WARNING] Skipping meeting_id=91794085757 — no Salesforce match
2026-04-30 15:29:06,029 [INFO] Processing meeting.started for meeting_id=91911364874
2026-04-30 15:29:06,172 [WARNING] No Salesforce record for meeting_id=91911364874
2026-04-30 15:29:06,172 [WARNING] Skipping meeting_id=91911364874 — no Salesforce match
2026-04-30 15:29:48,325 [INFO] Processing meeting.started for meeting_id=98861276854
2026-04-30 15:29:48,477 [WARNING] No Salesforce record for meeting_id=98861276854
2026-04-30 15:29:48,478 [WARNING] Skipping meeting_id=98861276854 — no Salesforce match
2026-04-30 15:32:21,967 [INFO] Processing meeting.started for meeting_id=93734502483
2026-04-30 15:32:22,078 [INFO] Found doc_id=15psSdZk6nYHO8ONfDJq8UgKb6EEcf8QOITgwqqHf08s for meeting_id=93734502483
2026-04-30 15:32:22,408 [INFO] Watch registered doc_id=15psSdZk6nYHO8ONfDJq8UgKb6EEcf8QOITgwqqHf08s meeting_id=93734502483
2026-04-30 15:32:32,413 [INFO] Temp S3 state created: s3://zoom-automation-bucket/temp/live-doc-history/2026/Month-4/2026-04-30/93734502483/
2026-04-30 15:32:32,417 [INFO] Successfully initialized doc tracking meeting_id=93734502483
2026-04-30 15:33:52,364 [INFO] Processing meeting.started for meeting_id=96592782268
2026-04-30 15:33:52,502 [WARNING] No Salesforce record for meeting_id=96592782268
2026-04-30 15:33:52,502 [WARNING] Skipping meeting_id=96592782268 — no Salesforce match
2026-04-30 15:34:56,089 [INFO] Processing meeting.started for meeting_id=95328473386
2026-04-30 15:34:56,215 [WARNING] No Salesforce record for meeting_id=95328473386
2026-04-30 15:34:56,215 [WARNING] Skipping meeting_id=95328473386 — no Salesforce match
2026-04-30 15:35:14,977 [INFO] Processing meeting.started for meeting_id=99391473089
2026-04-30 15:35:15,076 [WARNING] No Salesforce record for meeting_id=99391473089
2026-04-30 15:35:15,076 [WARNING] Skipping meeting_id=99391473089 — no Salesforce match
2026-04-30 15:42:12,040 [INFO] Processing meeting.started for meeting_id=94132038111
2026-04-30 15:42:12,205 [WARNING] No Salesforce record for meeting_id=94132038111
2026-04-30 15:42:12,205 [WARNING] Skipping meeting_id=94132038111 — no Salesforce match
2026-04-30 15:43:44,210 [INFO] Processing meeting.started for meeting_id=97160228949
2026-04-30 15:43:44,719 [WARNING] No Salesforce record for meeting_id=97160228949
2026-04-30 15:43:44,719 [WARNING] Skipping meeting_id=97160228949 — no Salesforce match
2026-04-30 15:46:14,375 [INFO] Processing meeting.started for meeting_id=92361731568
2026-04-30 15:46:14,826 [INFO] Found doc_id=1qzGOb10-hbKtQj25RQ3DISCJyZBJM6p5lc2WOv1QMLE for meeting_id=92361731568
2026-04-30 15:46:15,236 [INFO] Watch registered doc_id=1qzGOb10-hbKtQj25RQ3DISCJyZBJM6p5lc2WOv1QMLE meeting_id=92361731568
2026-04-30 15:46:27,292 [INFO] Temp S3 state created: s3://zoom-automation-bucket/temp/live-doc-history/2026/Month-4/2026-04-30/92361731568/
2026-04-30 15:46:27,294 [INFO] Successfully initialized doc tracking meeting_id=92361731568
2026-04-30 15:46:56,263 [INFO] Processing meeting.started for meeting_id=98943469331
2026-04-30 15:46:56,527 [INFO] Found doc_id=1xxvr33eIANueKwUj4qUll0-wsARjgEuSGj3h8GeTbrI for meeting_id=98943469331
2026-04-30 15:46:56,920 [INFO] Watch registered doc_id=1xxvr33eIANueKwUj4qUll0-wsARjgEuSGj3h8GeTbrI meeting_id=98943469331
2026-04-30 15:47:08,850 [INFO] Temp S3 state created: s3://zoom-automation-bucket/temp/live-doc-history/2026/Month-4/2026-04-30/98943469331/
2026-04-30 15:47:08,853 [INFO] Successfully initialized doc tracking meeting_id=98943469331
2026-04-30 15:47:25,087 [INFO] Processing meeting.started for meeting_id=93900893437
2026-04-30 15:47:25,244 [INFO] Found doc_id=1pUwl5qvMgioWviCfS7yqLfajEavpGyTjfFn-6xmMEe8 for meeting_id=93900893437
2026-04-30 15:47:25,663 [INFO] Watch registered doc_id=1pUwl5qvMgioWviCfS7yqLfajEavpGyTjfFn-6xmMEe8 meeting_id=93900893437
2026-04-30 15:47:37,830 [INFO] Temp S3 state created: s3://zoom-automation-bucket/temp/live-doc-history/2026/Month-4/2026-04-30/93900893437/
2026-04-30 15:47:37,833 [INFO] Successfully initialized doc tracking meeting_id=93900893437
2026-04-30 15:47:37,883 [INFO] Processing meeting.started for meeting_id=94432416347
2026-04-30 15:47:38,007 [INFO] Found doc_id=1F78NeMcuL3IybfQdn96IH6OEbRf_9P9-8nnS8odu_BA for meeting_id=94432416347
2026-04-30 15:47:38,409 [INFO] Watch registered doc_id=1F78NeMcuL3IybfQdn96IH6OEbRf_9P9-8nnS8odu_BA meeting_id=94432416347
2026-04-30 15:47:50,596 [INFO] Temp S3 state created: s3://zoom-automation-bucket/temp/live-doc-history/2026/Month-4/2026-04-30/94432416347/
2026-04-30 15:47:50,599 [INFO] Successfully initialized doc tracking meeting_id=94432416347
2026-04-30 15:47:50,661 [INFO] Processing meeting.started for meeting_id=99527359133
2026-04-30 15:47:50,767 [WARNING] No Salesforce record for meeting_id=99527359133
2026-04-30 15:47:50,768 [WARNING] Skipping meeting_id=99527359133 — no Salesforce match
2026-04-30 15:47:50,805 [INFO] Processing meeting.started for meeting_id=99852764246
2026-04-30 15:47:50,988 [WARNING] No Salesforce record for meeting_id=99852764246
2026-04-30 15:47:50,988 [WARNING] Skipping meeting_id=99852764246 — no Salesforce match
2026-04-30 15:49:18,501 [INFO] Processing meeting.started for meeting_id=98331583844
2026-04-30 15:49:18,639 [INFO] Found doc_id=1dtxxgOX2NuVA_ODDphRxUC0Z57u-DIJdkMLO4kzqmTY for meeting_id=98331583844
2026-04-30 15:49:19,117 [INFO] Watch registered doc_id=1dtxxgOX2NuVA_ODDphRxUC0Z57u-DIJdkMLO4kzqmTY meeting_id=98331583844
2026-04-30 15:49:32,926 [INFO] Temp S3 state created: s3://zoom-automation-bucket/temp/live-doc-history/2026/Month-4/2026-04-30/98331583844/
2026-04-30 15:49:32,929 [INFO] Successfully initialized doc tracking meeting_id=98331583844
2026-04-30 15:49:44,033 [INFO] Processing meeting.started for meeting_id=99254162375
2026-04-30 15:49:44,166 [WARNING] No Google_Docs_ID__c for meeting_id=99254162375
2026-04-30 15:50:35,221 [INFO] Processing meeting.started for meeting_id=93655773925
2026-04-30 15:50:35,346 [INFO] Found doc_id=19W1IDVqASL1eaY7sAtsjDTFZwxaEKm3IWC9v7_Pf3U4 for meeting_id=93655773925
2026-04-30 15:50:35,813 [INFO] Watch registered doc_id=19W1IDVqASL1eaY7sAtsjDTFZwxaEKm3IWC9v7_Pf3U4 meeting_id=93655773925
2026-04-30 15:50:46,049 [INFO] Temp S3 state created: s3://zoom-automation-bucket/temp/live-doc-history/2026/Month-4/2026-04-30/93655773925/
2026-04-30 15:50:46,051 [INFO] Successfully initialized doc tracking meeting_id=93655773925
2026-04-30 15:51:05,558 [INFO] Processing meeting.started for meeting_id=97321469621
2026-04-30 15:51:05,697 [INFO] Found doc_id=1QT7snLlK7yZ1liSChu-AqHfeC5PJ5COjnJBbg4pFYaM for meeting_id=97321469621
2026-04-30 15:51:06,107 [INFO] Watch registered doc_id=1QT7snLlK7yZ1liSChu-AqHfeC5PJ5COjnJBbg4pFYaM meeting_id=97321469621
2026-04-30 15:51:16,172 [INFO] Temp S3 state created: s3://zoom-automation-bucket/temp/live-doc-history/2026/Month-4/2026-04-30/97321469621/
2026-04-30 15:51:16,175 [INFO] Successfully initialized doc tracking meeting_id=97321469621
2026-04-30 15:51:16,217 [INFO] Processing meeting.started for meeting_id=94812405922
2026-04-30 15:51:16,315 [WARNING] No Salesforce record for meeting_id=94812405922
2026-04-30 15:51:16,315 [WARNING] Skipping meeting_id=94812405922 — no Salesforce match
2026-04-30 15:51:16,364 [INFO] Processing meeting.started for meeting_id=95772896839
2026-04-30 15:51:16,496 [WARNING] No Salesforce record for meeting_id=95772896839
2026-04-30 15:51:16,496 [WARNING] Skipping meeting_id=95772896839 — no Salesforce match
2026-04-30 15:52:05,550 [INFO] Processing meeting.started for meeting_id=99295273278
2026-04-30 15:52:05,664 [INFO] Found doc_id=1e2gajjgyEdeoiU-Et-Mpw6clP43405064EpWHIau9Es for meeting_id=99295273278
2026-04-30 15:52:06,064 [INFO] Watch registered doc_id=1e2gajjgyEdeoiU-Et-Mpw6clP43405064EpWHIau9Es meeting_id=99295273278
2026-04-30 15:52:17,548 [INFO] Temp S3 state created: s3://zoom-automation-bucket/temp/live-doc-history/2026/Month-4/2026-04-30/99295273278/
2026-04-30 15:52:17,550 [INFO] Successfully initialized doc tracking meeting_id=99295273278
2026-04-30 15:53:10,821 [INFO] Processing meeting.started for meeting_id=97321469621
2026-04-30 15:53:10,917 [INFO] Found doc_id=1QT7snLlK7yZ1liSChu-AqHfeC5PJ5COjnJBbg4pFYaM for meeting_id=97321469621
2026-04-30 15:53:11,494 [INFO] Watch registered doc_id=1QT7snLlK7yZ1liSChu-AqHfeC5PJ5COjnJBbg4pFYaM meeting_id=97321469621
2026-04-30 15:53:22,500 [INFO] Temp S3 state created: s3://zoom-automation-bucket/temp/live-doc-history/2026/Month-4/2026-04-30/97321469621/
2026-04-30 15:53:22,503 [INFO] Successfully initialized doc tracking meeting_id=97321469621
2026-04-30 15:53:41,375 [INFO] Processing meeting.started for meeting_id=97321469621
2026-04-30 15:53:41,576 [INFO] Found doc_id=1QT7snLlK7yZ1liSChu-AqHfeC5PJ5COjnJBbg4pFYaM for meeting_id=97321469621
2026-04-30 15:53:41,993 [INFO] Watch registered doc_id=1QT7snLlK7yZ1liSChu-AqHfeC5PJ5COjnJBbg4pFYaM meeting_id=97321469621
2026-04-30 15:53:52,264 [INFO] Temp S3 state created: s3://zoom-automation-bucket/temp/live-doc-history/2026/Month-4/2026-04-30/97321469621/
2026-04-30 15:53:52,266 [INFO] Successfully initialized doc tracking meeting_id=97321469621
2026-04-30 15:54:20,368 [INFO] Processing meeting.started for meeting_id=98861276854
2026-04-30 15:54:20,537 [WARNING] No Salesforce record for meeting_id=98861276854
2026-04-30 15:54:20,537 [WARNING] Skipping meeting_id=98861276854 — no Salesforce match
2026-04-30 15:55:14,031 [INFO] Processing meeting.started for meeting_id=92048211699
2026-04-30 15:55:14,174 [INFO] Found doc_id=1M9bMO4cgTEEJRFtI5VPmIf_bxqhK5r9lrShQDmkQV70 for meeting_id=92048211699
2026-04-30 15:55:14,596 [INFO] Watch registered doc_id=1M9bMO4cgTEEJRFtI5VPmIf_bxqhK5r9lrShQDmkQV70 meeting_id=92048211699
2026-04-30 15:55:26,392 [INFO] Temp S3 state created: s3://zoom-automation-bucket/temp/live-doc-history/2026/Month-4/2026-04-30/92048211699/
2026-04-30 15:55:26,395 [INFO] Successfully initialized doc tracking meeting_id=92048211699
2026-04-30 16:02:44,654 [INFO] Processing meeting.started for meeting_id=97948806760
2026-04-30 16:02:44,845 [WARNING] No Salesforce record for meeting_id=97948806760
2026-04-30 16:02:44,846 [WARNING] Skipping meeting_id=97948806760 — no Salesforce match
2026-04-30 16:07:16,662 [INFO] Processing meeting.started for meeting_id=93061703615
2026-04-30 16:07:16,801 [INFO] Found doc_id=17NUt160OvLvTrbGHEDEffmVp8OgUmJ0MvcAL74LRsr8 for meeting_id=93061703615
2026-04-30 16:07:17,154 [INFO] Watch registered doc_id=17NUt160OvLvTrbGHEDEffmVp8OgUmJ0MvcAL74LRsr8 meeting_id=93061703615
2026-04-30 16:07:27,173 [INFO] Temp S3 state created: s3://zoom-automation-bucket/temp/live-doc-history/2026/Month-4/2026-04-30/93061703615/
2026-04-30 16:07:27,176 [INFO] Successfully initialized doc tracking meeting_id=93061703615
2026-04-30 16:16:25,932 [INFO] Processing meeting.started for meeting_id=96592782268
2026-04-30 16:16:26,123 [WARNING] No Salesforce record for meeting_id=96592782268
2026-04-30 16:16:26,124 [WARNING] Skipping meeting_id=96592782268 — no Salesforce match
2026-04-30 16:18:25,279 [INFO] Processing meeting.started for meeting_id=96445251867
2026-04-30 16:18:25,515 [WARNING] No Salesforce record for meeting_id=96445251867
2026-04-30 16:18:25,515 [WARNING] Skipping meeting_id=96445251867 — no Salesforce match
2026-04-30 16:18:30,273 [INFO] Processing meeting.started for meeting_id=93772244500
2026-04-30 16:18:30,388 [WARNING] No Google_Docs_ID__c for meeting_id=93772244500
2026-04-30 16:23:30,505 [INFO] Processing meeting.started for meeting_id=95159272429
2026-04-30 16:23:30,692 [WARNING] No Salesforce record for meeting_id=95159272429
2026-04-30 16:23:30,692 [WARNING] Skipping meeting_id=95159272429 — no Salesforce match
2026-04-30 16:31:49,920 [INFO] Processing meeting.started for meeting_id=2477761823
2026-04-30 16:31:50,129 [WARNING] No Salesforce record for meeting_id=2477761823
2026-04-30 16:31:50,129 [WARNING] Skipping meeting_id=2477761823 — no Salesforce match
2026-04-30 16:37:21,756 [INFO] Processing meeting.started for meeting_id=94473332654
2026-04-30 16:37:21,965 [INFO] Found doc_id=1b6l3BMCHJLzjiWHPrJPRQqmZ5o2Ha-YFz5xwt-uneSU for meeting_id=94473332654
2026-04-30 16:37:22,446 [INFO] Watch registered doc_id=1b6l3BMCHJLzjiWHPrJPRQqmZ5o2Ha-YFz5xwt-uneSU meeting_id=94473332654
2026-04-30 16:37:33,077 [INFO] Temp S3 state created: s3://zoom-automation-bucket/temp/live-doc-history/2026/Month-4/2026-04-30/94473332654/
2026-04-30 16:37:33,080 [INFO] Successfully initialized doc tracking meeting_id=94473332654
2026-04-30 16:47:06,132 [INFO] Processing meeting.started for meeting_id=96313070283
2026-04-30 16:47:06,245 [INFO] Found doc_id=1YLDICFOLvDWB1ePhtMXj9WJP2_d2Y7Nt0TcxkYhdIwU for meeting_id=96313070283
2026-04-30 16:47:06,660 [INFO] Watch registered doc_id=1YLDICFOLvDWB1ePhtMXj9WJP2_d2Y7Nt0TcxkYhdIwU meeting_id=96313070283
2026-04-30 16:47:18,019 [INFO] Temp S3 state created: s3://zoom-automation-bucket/temp/live-doc-history/2026/Month-4/2026-04-30/96313070283/
2026-04-30 16:47:18,022 [INFO] Successfully initialized doc tracking meeting_id=96313070283
2026-04-30 16:47:33,512 [INFO] Processing meeting.started for meeting_id=91852872916
2026-04-30 16:47:33,604 [INFO] Found doc_id=1DZHGOHqc7Gcj6Q0g_l7sveRvr8O7iYlraH-PejOtLBo for meeting_id=91852872916
2026-04-30 16:47:34,022 [INFO] Watch registered doc_id=1DZHGOHqc7Gcj6Q0g_l7sveRvr8O7iYlraH-PejOtLBo meeting_id=91852872916
2026-04-30 16:47:46,938 [INFO] Temp S3 state created: s3://zoom-automation-bucket/temp/live-doc-history/2026/Month-4/2026-04-30/91852872916/
2026-04-30 16:47:46,941 [INFO] Successfully initialized doc tracking meeting_id=91852872916
2026-04-30 16:49:19,534 [INFO] Processing meeting.started for meeting_id=99005895293
2026-04-30 16:49:19,666 [INFO] Found doc_id=194AoG7xtRVNFRU2PMjfxDN5DOW2uzTJvWufZbatI--Q for meeting_id=99005895293
2026-04-30 16:49:20,043 [INFO] Watch registered doc_id=194AoG7xtRVNFRU2PMjfxDN5DOW2uzTJvWufZbatI--Q meeting_id=99005895293
2026-04-30 16:49:31,643 [INFO] Temp S3 state created: s3://zoom-automation-bucket/temp/live-doc-history/2026/Month-4/2026-04-30/99005895293/
2026-04-30 16:49:31,645 [INFO] Successfully initialized doc tracking meeting_id=99005895293
2026-04-30 16:49:32,475 [INFO] Processing meeting.started for meeting_id=92667368338
2026-04-30 16:49:32,632 [INFO] Found doc_id=19OuTgNXSEiwoTotbcZ3PDBfiWCZCLkPWlpoyMP79omM for meeting_id=92667368338
2026-04-30 16:49:32,993 [INFO] Watch registered doc_id=19OuTgNXSEiwoTotbcZ3PDBfiWCZCLkPWlpoyMP79omM meeting_id=92667368338
2026-04-30 16:49:45,211 [INFO] Temp S3 state created: s3://zoom-automation-bucket/temp/live-doc-history/2026/Month-4/2026-04-30/92667368338/
2026-04-30 16:49:45,214 [INFO] Successfully initialized doc tracking meeting_id=92667368338
2026-04-30 16:51:14,409 [INFO] Processing meeting.started for meeting_id=96872101658
2026-04-30 16:51:14,512 [INFO] Found doc_id=11UdUdO90JFi19Kvq601n6axUnW9dbmGGSBBiOsLop8k for meeting_id=96872101658
2026-04-30 16:51:14,946 [INFO] Watch registered doc_id=11UdUdO90JFi19Kvq601n6axUnW9dbmGGSBBiOsLop8k meeting_id=96872101658
2026-04-30 16:51:27,937 [INFO] Temp S3 state created: s3://zoom-automation-bucket/temp/live-doc-history/2026/Month-4/2026-04-30/96872101658/
2026-04-30 16:51:27,939 [INFO] Successfully initialized doc tracking meeting_id=96872101658
2026-04-30 16:51:28,653 [INFO] Processing meeting.started for meeting_id=99633876491
2026-04-30 16:51:28,786 [INFO] Found doc_id=1AUZ1EBxszk_PS2p1KuPOK0JirfPwAAPelkVd5YTWT94 for meeting_id=99633876491
2026-04-30 16:51:29,145 [INFO] Watch registered doc_id=1AUZ1EBxszk_PS2p1KuPOK0JirfPwAAPelkVd5YTWT94 meeting_id=99633876491
2026-04-30 16:51:41,962 [INFO] Temp S3 state created: s3://zoom-automation-bucket/temp/live-doc-history/2026/Month-4/2026-04-30/99633876491/
2026-04-30 16:51:41,965 [INFO] Successfully initialized doc tracking meeting_id=99633876491
2026-04-30 16:52:00,877 [INFO] Processing meeting.started for meeting_id=91045814007
2026-04-30 16:52:00,969 [WARNING] No Google_Docs_ID__c for meeting_id=91045814007
2026-04-30 16:52:11,242 [INFO] Processing meeting.started for meeting_id=92015555705
2026-04-30 16:52:11,330 [INFO] Found doc_id=1bcd4vGTrttPQdrsAkCIrgHZQl8Ko2Zvt9HTx5245emk for meeting_id=92015555705
2026-04-30 16:52:11,679 [INFO] Watch registered doc_id=1bcd4vGTrttPQdrsAkCIrgHZQl8Ko2Zvt9HTx5245emk meeting_id=92015555705
2026-04-30 16:52:23,520 [INFO] Temp S3 state created: s3://zoom-automation-bucket/temp/live-doc-history/2026/Month-4/2026-04-30/92015555705/
2026-04-30 16:52:23,523 [INFO] Successfully initialized doc tracking meeting_id=92015555705
2026-04-30 16:56:19,287 [INFO] Processing meeting.started for meeting_id=94301566020
2026-04-30 16:56:19,768 [INFO] Found doc_id=1mfXxeuh0etEOt37CIO2xUmmvGzzJWHD8TKcrFFMt4nk for meeting_id=94301566020
2026-04-30 16:56:20,221 [INFO] Watch registered doc_id=1mfXxeuh0etEOt37CIO2xUmmvGzzJWHD8TKcrFFMt4nk meeting_id=94301566020
2026-04-30 16:56:30,751 [INFO] Temp S3 state created: s3://zoom-automation-bucket/temp/live-doc-history/2026/Month-4/2026-04-30/94301566020/
2026-04-30 16:56:30,754 [INFO] Successfully initialized doc tracking meeting_id=94301566020
2026-04-30 16:58:49,880 [INFO] Processing meeting.started for meeting_id=91045814007
2026-04-30 16:58:49,980 [WARNING] No Google_Docs_ID__c for meeting_id=91045814007
2026-04-30 17:01:20,500 [INFO] Processing meeting.started for meeting_id=94173414572
2026-04-30 17:01:20,882 [WARNING] No Salesforce record for meeting_id=94173414572
2026-04-30 17:01:20,882 [WARNING] Skipping meeting_id=94173414572 — no Salesforce match
2026-04-30 17:02:24,430 [INFO] Processing meeting.started for meeting_id=94658354677
2026-04-30 17:02:24,557 [WARNING] No Salesforce record for meeting_id=94658354677
2026-04-30 17:02:24,558 [WARNING] Skipping meeting_id=94658354677 — no Salesforce match
2026-04-30 17:02:43,167 [INFO] Processing meeting.started for meeting_id=95068387131
2026-04-30 17:02:43,291 [INFO] Found doc_id=1h8XFvgnQoWRkiTUNcJ7iT05RjxfvgSWeo6WdWSJVViU for meeting_id=95068387131
2026-04-30 17:02:43,697 [INFO] Watch registered doc_id=1h8XFvgnQoWRkiTUNcJ7iT05RjxfvgSWeo6WdWSJVViU meeting_id=95068387131
2026-04-30 17:02:55,841 [INFO] Temp S3 state created: s3://zoom-automation-bucket/temp/live-doc-history/2026/Month-4/2026-04-30/95068387131/
2026-04-30 17:02:55,844 [INFO] Successfully initialized doc tracking meeting_id=95068387131
2026-04-30 17:11:42,921 [INFO] Processing meeting.started for meeting_id=94956738356
2026-04-30 17:11:43,581 [WARNING] No Google_Docs_ID__c for meeting_id=94956738356
2026-04-30 17:20:19,084 [INFO] Processing meeting.started for meeting_id=98685215720
2026-04-30 17:20:19,246 [WARNING] No Google_Docs_ID__c for meeting_id=98685215720
2026-04-30 17:20:35,010 [INFO] Processing meeting.started for meeting_id=97031245206
2026-04-30 17:20:35,132 [INFO] Found doc_id=1nYmcJg8wUlugWzHgXWKAPKkqmyQ23cFqaheL-XI1R0c for meeting_id=97031245206
2026-04-30 17:20:35,529 [INFO] Watch registered doc_id=1nYmcJg8wUlugWzHgXWKAPKkqmyQ23cFqaheL-XI1R0c meeting_id=97031245206
2026-04-30 17:20:46,101 [INFO] Temp S3 state created: s3://zoom-automation-bucket/temp/live-doc-history/2026/Month-4/2026-04-30/97031245206/
2026-04-30 17:20:46,110 [INFO] Successfully initialized doc tracking meeting_id=97031245206
2026-04-30 17:20:50,837 [INFO] Processing meeting.started for meeting_id=94658354677
2026-04-30 17:20:50,966 [WARNING] No Salesforce record for meeting_id=94658354677
2026-04-30 17:20:50,967 [WARNING] Skipping meeting_id=94658354677 — no Salesforce match
2026-04-30 17:21:23,806 [INFO] Processing meeting.started for meeting_id=98685215720
2026-04-30 17:21:23,943 [WARNING] No Google_Docs_ID__c for meeting_id=98685215720
2026-04-30 17:24:10,585 [INFO] Processing meeting.started for meeting_id=94365281114
2026-04-30 17:24:10,731 [INFO] Found doc_id=1QZ4Utwxsfu3aCASmfFBHU-dQWDhA74Vv3jy3FApfg7Y for meeting_id=94365281114
2026-04-30 17:24:11,157 [INFO] Watch registered doc_id=1QZ4Utwxsfu3aCASmfFBHU-dQWDhA74Vv3jy3FApfg7Y meeting_id=94365281114
2026-04-30 17:24:25,594 [INFO] Temp S3 state created: s3://zoom-automation-bucket/temp/live-doc-history/2026/Month-4/2026-04-30/94365281114/
2026-04-30 17:24:25,597 [INFO] Successfully initialized doc tracking meeting_id=94365281114
2026-04-30 17:24:25,661 [INFO] Processing meeting.started for meeting_id=92310155550
2026-04-30 17:24:25,796 [INFO] Found doc_id=1Ax05gqaP4XvqPWAS-9q1yxH1fiuCYZsI6cmpsGSEhF8 for meeting_id=92310155550
2026-04-30 17:24:26,152 [INFO] Watch registered doc_id=1Ax05gqaP4XvqPWAS-9q1yxH1fiuCYZsI6cmpsGSEhF8 meeting_id=92310155550
2026-04-30 17:24:41,128 [INFO] Temp S3 state created: s3://zoom-automation-bucket/temp/live-doc-history/2026/Month-4/2026-04-30/92310155550/
2026-04-30 17:24:41,131 [INFO] Successfully initialized doc tracking meeting_id=92310155550
2026-04-30 17:25:17,181 [INFO] Processing meeting.started for meeting_id=98180589999
2026-04-30 17:25:17,340 [INFO] Found doc_id=1MB04t9HudhCC5nDLLDn9hoAOAIOS4GArDXZ7TJOio44 for meeting_id=98180589999
2026-04-30 17:25:17,793 [INFO] Watch registered doc_id=1MB04t9HudhCC5nDLLDn9hoAOAIOS4GArDXZ7TJOio44 meeting_id=98180589999
2026-04-30 17:25:28,407 [INFO] Temp S3 state created: s3://zoom-automation-bucket/temp/live-doc-history/2026/Month-4/2026-04-30/98180589999/
2026-04-30 17:25:28,411 [INFO] Successfully initialized doc tracking meeting_id=98180589999
2026-04-30 17:30:21,576 [INFO] Processing meeting.started for meeting_id=91749977533
2026-04-30 17:30:21,752 [WARNING] No Salesforce record for meeting_id=91749977533
2026-04-30 17:30:21,752 [WARNING] Skipping meeting_id=91749977533 — no Salesforce match
2026-04-30 17:33:54,263 [INFO] Processing meeting.started for meeting_id=94585137276
2026-04-30 17:33:54,421 [WARNING] No Salesforce record for meeting_id=94585137276
2026-04-30 17:33:54,421 [WARNING] Skipping meeting_id=94585137276 — no Salesforce match
2026-04-30 17:43:38,328 [INFO] Processing meeting.started for meeting_id=94365281114
2026-04-30 17:43:39,034 [INFO] Found doc_id=1QZ4Utwxsfu3aCASmfFBHU-dQWDhA74Vv3jy3FApfg7Y for meeting_id=94365281114
2026-04-30 17:43:39,442 [INFO] Watch registered doc_id=1QZ4Utwxsfu3aCASmfFBHU-dQWDhA74Vv3jy3FApfg7Y meeting_id=94365281114
2026-04-30 17:43:51,396 [INFO] Temp S3 state created: s3://zoom-automation-bucket/temp/live-doc-history/2026/Month-4/2026-04-30/94365281114/
2026-04-30 17:43:51,399 [INFO] Successfully initialized doc tracking meeting_id=94365281114
2026-04-30 17:45:54,173 [INFO] Processing meeting.started for meeting_id=91907260797
2026-04-30 17:45:54,364 [INFO] Found doc_id=1828IRzCR1PjgxtZfooG6VrDOuVlSaZ0zdln_zLz2EbY for meeting_id=91907260797
2026-04-30 17:45:54,746 [INFO] Watch registered doc_id=1828IRzCR1PjgxtZfooG6VrDOuVlSaZ0zdln_zLz2EbY meeting_id=91907260797
2026-04-30 17:46:08,672 [INFO] Temp S3 state created: s3://zoom-automation-bucket/temp/live-doc-history/2026/Month-4/2026-04-30/91907260797/
2026-04-30 17:46:08,675 [INFO] Successfully initialized doc tracking meeting_id=91907260797
2026-04-30 17:46:41,277 [INFO] Processing meeting.started for meeting_id=92937874059
2026-04-30 17:46:41,428 [WARNING] No Google_Docs_ID__c for meeting_id=92937874059
2026-04-30 17:49:32,196 [INFO] Processing meeting.started for meeting_id=91849781687
2026-04-30 17:49:32,355 [INFO] Found doc_id=1RfpobNepBx0Zr_5DWwh8ssWDnH3XJ-Hs4PS12RM7i0M for meeting_id=91849781687
2026-04-30 17:49:32,862 [INFO] Watch registered doc_id=1RfpobNepBx0Zr_5DWwh8ssWDnH3XJ-Hs4PS12RM7i0M meeting_id=91849781687
2026-04-30 17:49:44,720 [INFO] Temp S3 state created: s3://zoom-automation-bucket/temp/live-doc-history/2026/Month-4/2026-04-30/91849781687/
2026-04-30 17:49:44,723 [INFO] Successfully initialized doc tracking meeting_id=91849781687
2026-04-30 17:49:44,785 [INFO] Processing meeting.started for meeting_id=99056026161
2026-04-30 17:49:44,924 [INFO] Found doc_id=18GONuF6UQWrX7mylWVj0GC-go27QN3mx40qfrO4dbcg for meeting_id=99056026161
2026-04-30 17:49:45,484 [INFO] Watch registered doc_id=18GONuF6UQWrX7mylWVj0GC-go27QN3mx40qfrO4dbcg meeting_id=99056026161
2026-04-30 17:49:57,394 [INFO] Temp S3 state created: s3://zoom-automation-bucket/temp/live-doc-history/2026/Month-4/2026-04-30/99056026161/
2026-04-30 17:49:57,397 [INFO] Successfully initialized doc tracking meeting_id=99056026161
2026-04-30 17:49:57,456 [INFO] Processing meeting.started for meeting_id=99762707181
2026-04-30 17:49:57,598 [INFO] Found doc_id=1yfbzD4YY19XgSBeVcMyyMSKmZrA8btEUvMgUgkCmx1U for meeting_id=99762707181
2026-04-30 17:49:58,119 [INFO] Watch registered doc_id=1yfbzD4YY19XgSBeVcMyyMSKmZrA8btEUvMgUgkCmx1U meeting_id=99762707181
2026-04-30 17:50:09,353 [INFO] Temp S3 state created: s3://zoom-automation-bucket/temp/live-doc-history/2026/Month-4/2026-04-30/99762707181/
2026-04-30 17:50:09,356 [INFO] Successfully initialized doc tracking meeting_id=99762707181
2026-04-30 17:50:27,715 [INFO] Processing meeting.started for meeting_id=97198134800
2026-04-30 17:50:27,854 [WARNING] No Salesforce record for meeting_id=97198134800
2026-04-30 17:50:27,854 [WARNING] Skipping meeting_id=97198134800 — no Salesforce match
2026-04-30 17:50:39,892 [INFO] Processing meeting.started for meeting_id=97150439446
2026-04-30 17:50:40,007 [INFO] Found doc_id=10n-Vytp84JnFft9gcaNh9U1Be1hocN1cGFLkUXsctfY for meeting_id=97150439446
2026-04-30 17:50:40,378 [INFO] Watch registered doc_id=10n-Vytp84JnFft9gcaNh9U1Be1hocN1cGFLkUXsctfY meeting_id=97150439446
2026-04-30 17:50:54,797 [INFO] Temp S3 state created: s3://zoom-automation-bucket/temp/live-doc-history/2026/Month-4/2026-04-30/97150439446/
2026-04-30 17:50:54,800 [INFO] Successfully initialized doc tracking meeting_id=97150439446
2026-04-30 17:50:54,871 [INFO] Processing meeting.started for meeting_id=98523227823
2026-04-30 17:50:55,024 [INFO] Found doc_id=1MbwURQpu4gQFDx6viEWvxjviAMrNrvbdoJ4iQa7JycA for meeting_id=98523227823
2026-04-30 17:50:55,373 [INFO] Watch registered doc_id=1MbwURQpu4gQFDx6viEWvxjviAMrNrvbdoJ4iQa7JycA meeting_id=98523227823
2026-04-30 17:51:07,478 [INFO] Temp S3 state created: s3://zoom-automation-bucket/temp/live-doc-history/2026/Month-4/2026-04-30/98523227823/
2026-04-30 17:51:07,481 [INFO] Successfully initialized doc tracking meeting_id=98523227823
2026-04-30 17:51:07,544 [INFO] Processing meeting.started for meeting_id=98193375593
2026-04-30 17:51:07,659 [WARNING] No Salesforce record for meeting_id=98193375593
2026-04-30 17:51:07,660 [WARNING] Skipping meeting_id=98193375593 — no Salesforce match
2026-04-30 17:51:09,843 [INFO] Processing meeting.started for meeting_id=99173340444
2026-04-30 17:51:10,146 [WARNING] No Salesforce record for meeting_id=99173340444
2026-04-30 17:51:10,147 [WARNING] Skipping meeting_id=99173340444 — no Salesforce match
2026-04-30 17:51:23,171 [INFO] Processing meeting.started for meeting_id=98074126305
2026-04-30 17:51:23,314 [INFO] Found doc_id=1dH1q40XkGPc320Xkz1MTOn20mHi5poc0fhvNQX6-lls for meeting_id=98074126305
2026-04-30 17:51:23,661 [INFO] Watch registered doc_id=1dH1q40XkGPc320Xkz1MTOn20mHi5poc0fhvNQX6-lls meeting_id=98074126305
2026-04-30 17:51:34,490 [INFO] Temp S3 state created: s3://zoom-automation-bucket/temp/live-doc-history/2026/Month-4/2026-04-30/98074126305/
2026-04-30 17:51:34,494 [INFO] Successfully initialized doc tracking meeting_id=98074126305
2026-04-30 17:51:56,581 [INFO] Processing meeting.started for meeting_id=91849781687
2026-04-30 17:51:56,772 [INFO] Found doc_id=1RfpobNepBx0Zr_5DWwh8ssWDnH3XJ-Hs4PS12RM7i0M for meeting_id=91849781687
2026-04-30 17:51:57,184 [INFO] Watch registered doc_id=1RfpobNepBx0Zr_5DWwh8ssWDnH3XJ-Hs4PS12RM7i0M meeting_id=91849781687
2026-04-30 17:52:10,104 [INFO] Temp S3 state created: s3://zoom-automation-bucket/temp/live-doc-history/2026/Month-4/2026-04-30/91849781687/
2026-04-30 17:52:10,107 [INFO] Successfully initialized doc tracking meeting_id=91849781687
2026-04-30 18:00:08,175 [INFO] Processing meeting.started for meeting_id=99598043895
2026-04-30 18:00:08,990 [WARNING] No Salesforce record for meeting_id=99598043895
2026-04-30 18:00:08,990 [WARNING] Skipping meeting_id=99598043895 — no Salesforce match
2026-04-30 18:00:19,848 [INFO] Processing meeting.started for meeting_id=92261401358
2026-04-30 18:00:19,987 [WARNING] No Salesforce record for meeting_id=92261401358
2026-04-30 18:00:19,987 [WARNING] Skipping meeting_id=92261401358 — no Salesforce match
2026-04-30 18:04:47,913 [INFO] Processing meeting.started for meeting_id=99881300083
2026-04-30 18:04:48,046 [WARNING] No Salesforce record for meeting_id=99881300083
2026-04-30 18:04:48,046 [WARNING] Skipping meeting_id=99881300083 — no Salesforce match
2026-04-30 18:12:19,955 [INFO] Processing meeting.started for meeting_id=93719329009
2026-04-30 18:12:20,081 [INFO] Found doc_id=1m0mzZ0xZ92vOsgrYzJkG_S9mW5HD6CGmDliaYf-81yI for meeting_id=93719329009
2026-04-30 18:12:20,501 [INFO] Watch registered doc_id=1m0mzZ0xZ92vOsgrYzJkG_S9mW5HD6CGmDliaYf-81yI meeting_id=93719329009
2026-04-30 18:12:32,295 [INFO] Temp S3 state created: s3://zoom-automation-bucket/temp/live-doc-history/2026/Month-4/2026-04-30/93719329009/
2026-04-30 18:12:32,298 [INFO] Successfully initialized doc tracking meeting_id=93719329009
2026-04-30 18:15:05,427 [INFO] Processing meeting.started for meeting_id=95010905029
2026-04-30 18:15:05,552 [INFO] Found doc_id=1Pr_Wi0IzH8c3r-78nzvcW0XccB209QXZRcSDyQJ3K48 for meeting_id=95010905029
2026-04-30 18:15:05,990 [INFO] Watch registered doc_id=1Pr_Wi0IzH8c3r-78nzvcW0XccB209QXZRcSDyQJ3K48 meeting_id=95010905029
2026-04-30 18:15:17,249 [INFO] Temp S3 state created: s3://zoom-automation-bucket/temp/live-doc-history/2026/Month-4/2026-04-30/95010905029/
2026-04-30 18:15:17,252 [INFO] Successfully initialized doc tracking meeting_id=95010905029
2026-04-30 18:15:19,637 [INFO] Processing meeting.started for meeting_id=91399213876
2026-04-30 18:15:20,227 [WARNING] No Salesforce record for meeting_id=91399213876
2026-04-30 18:15:20,227 [WARNING] Skipping meeting_id=91399213876 — no Salesforce match
2026-04-30 18:16:02,437 [INFO] Processing meeting.started for meeting_id=95010905029
2026-04-30 18:16:03,139 [INFO] Found doc_id=1Pr_Wi0IzH8c3r-78nzvcW0XccB209QXZRcSDyQJ3K48 for meeting_id=95010905029
2026-04-30 18:16:03,538 [INFO] Watch registered doc_id=1Pr_Wi0IzH8c3r-78nzvcW0XccB209QXZRcSDyQJ3K48 meeting_id=95010905029
2026-04-30 18:16:16,486 [INFO] Temp S3 state created: s3://zoom-automation-bucket/temp/live-doc-history/2026/Month-4/2026-04-30/95010905029/
2026-04-30 18:16:16,489 [INFO] Successfully initialized doc tracking meeting_id=95010905029
2026-04-30 18:17:45,889 [INFO] Processing meeting.started for meeting_id=94668563260
2026-04-30 18:17:45,994 [INFO] Found doc_id=1Be1Tum8CKIKzyDh5xkSilckjEmLc-hAS11IuBZlryWw for meeting_id=94668563260
2026-04-30 18:17:46,477 [INFO] Watch registered doc_id=1Be1Tum8CKIKzyDh5xkSilckjEmLc-hAS11IuBZlryWw meeting_id=94668563260
2026-04-30 18:17:59,167 [INFO] Temp S3 state created: s3://zoom-automation-bucket/temp/live-doc-history/2026/Month-4/2026-04-30/94668563260/
2026-04-30 18:17:59,170 [INFO] Successfully initialized doc tracking meeting_id=94668563260
2026-04-30 18:23:02,692 [INFO] Processing meeting.started for meeting_id=91536824320
2026-04-30 18:23:02,985 [INFO] Found doc_id=1ixgbvHNlpdkFPUrMRD8lFjUlH3X2iQGH3Lv557ZsFO8 for meeting_id=91536824320
2026-04-30 18:23:03,413 [INFO] Watch registered doc_id=1ixgbvHNlpdkFPUrMRD8lFjUlH3X2iQGH3Lv557ZsFO8 meeting_id=91536824320
2026-04-30 18:23:16,003 [INFO] Temp S3 state created: s3://zoom-automation-bucket/temp/live-doc-history/2026/Month-4/2026-04-30/91536824320/
2026-04-30 18:23:16,006 [INFO] Successfully initialized doc tracking meeting_id=91536824320
2026-04-30 18:23:16,041 [INFO] Processing meeting.started for meeting_id=96358647931
2026-04-30 18:23:16,227 [WARNING] No Salesforce record for meeting_id=96358647931
2026-04-30 18:23:16,227 [WARNING] Skipping meeting_id=96358647931 — no Salesforce match
2026-04-30 18:23:16,282 [INFO] Processing meeting.started for meeting_id=94400228537
2026-04-30 18:23:16,468 [WARNING] No Salesforce record for meeting_id=94400228537
2026-04-30 18:23:16,469 [WARNING] Skipping meeting_id=94400228537 — no Salesforce match
2026-04-30 18:24:27,793 [INFO] Processing meeting.started for meeting_id=96378612539
2026-04-30 18:24:27,927 [INFO] Found doc_id=18q-fS9j6omh_I4fiOLa39zlYb4EjPAJC-mPbYk7N9Ak for meeting_id=96378612539
2026-04-30 18:24:28,339 [INFO] Watch registered doc_id=18q-fS9j6omh_I4fiOLa39zlYb4EjPAJC-mPbYk7N9Ak meeting_id=96378612539
2026-04-30 18:24:41,048 [INFO] Temp S3 state created: s3://zoom-automation-bucket/temp/live-doc-history/2026/Month-4/2026-04-30/96378612539/
2026-04-30 18:24:41,051 [INFO] Successfully initialized doc tracking meeting_id=96378612539
2026-04-30 18:27:02,708 [INFO] Processing meeting.started for meeting_id=91627234305
2026-04-30 18:27:02,868 [WARNING] No Salesforce record for meeting_id=91627234305
2026-04-30 18:27:02,868 [WARNING] Skipping meeting_id=91627234305 — no Salesforce match
2026-04-30 18:28:07,252 [INFO] Processing meeting.started for meeting_id=96851055032
2026-04-30 18:28:07,390 [WARNING] No Salesforce record for meeting_id=96851055032
2026-04-30 18:28:07,390 [WARNING] Skipping meeting_id=96851055032 — no Salesforce match
2026-04-30 18:30:27,161 [INFO] Processing meeting.started for meeting_id=97825751112
2026-04-30 18:30:27,311 [WARNING] No Salesforce record for meeting_id=97825751112
2026-04-30 18:30:27,311 [WARNING] Skipping meeting_id=97825751112 — no Salesforce match
2026-04-30 18:31:28,435 [INFO] Processing meeting.started for meeting_id=95178317832
2026-04-30 18:31:29,043 [WARNING] No Salesforce record for meeting_id=95178317832
2026-04-30 18:31:29,043 [WARNING] Skipping meeting_id=95178317832 — no Salesforce match
2026-04-30 18:32:10,242 [INFO] Processing meeting.started for meeting_id=91794085757
2026-04-30 18:32:10,336 [WARNING] No Salesforce record for meeting_id=91794085757
2026-04-30 18:32:10,336 [WARNING] Skipping meeting_id=91794085757 — no Salesforce match
2026-04-30 18:33:22,903 [INFO] Processing meeting.started for meeting_id=99391473089
2026-04-30 18:33:23,039 [WARNING] No Salesforce record for meeting_id=99391473089
2026-04-30 18:33:23,039 [WARNING] Skipping meeting_id=99391473089 — no Salesforce match
2026-04-30 18:39:31,255 [INFO] Processing meeting.started for meeting_id=97693563124
2026-04-30 18:39:31,477 [INFO] Found doc_id=1oKl55hwsgsGYXN5c_7Tt03DjWBWEuSXUGVPe8KuFir4 for meeting_id=97693563124
2026-04-30 18:39:31,842 [INFO] Watch registered doc_id=1oKl55hwsgsGYXN5c_7Tt03DjWBWEuSXUGVPe8KuFir4 meeting_id=97693563124
2026-04-30 18:39:43,975 [INFO] Temp S3 state created: s3://zoom-automation-bucket/temp/live-doc-history/2026/Month-4/2026-04-30/97693563124/
2026-04-30 18:39:43,978 [INFO] Successfully initialized doc tracking meeting_id=97693563124
2026-04-30 18:41:13,012 [INFO] Processing meeting.started for meeting_id=91274663910
2026-04-30 18:41:13,112 [WARNING] No Salesforce record for meeting_id=91274663910
2026-04-30 18:41:13,112 [WARNING] Skipping meeting_id=91274663910 — no Salesforce match
2026-04-30 18:43:18,680 [INFO] Processing meeting.started for meeting_id=94290800628
2026-04-30 18:43:18,823 [WARNING] No Salesforce record for meeting_id=94290800628
2026-04-30 18:43:18,824 [WARNING] Skipping meeting_id=94290800628 — no Salesforce match
2026-04-30 18:46:06,395 [INFO] Processing meeting.started for meeting_id=91274663910
2026-04-30 18:46:06,561 [WARNING] No Salesforce record for meeting_id=91274663910
2026-04-30 18:46:06,561 [WARNING] Skipping meeting_id=91274663910 — no Salesforce match
2026-04-30 18:48:15,140 [INFO] Processing meeting.started for meeting_id=99447545762
2026-04-30 18:48:15,322 [WARNING] No Salesforce record for meeting_id=99447545762
2026-04-30 18:48:15,322 [WARNING] Skipping meeting_id=99447545762 — no Salesforce match
2026-04-30 18:48:22,477 [INFO] Processing meeting.started for meeting_id=91627234305
2026-04-30 18:48:22,575 [WARNING] No Salesforce record for meeting_id=91627234305
2026-04-30 18:48:22,575 [WARNING] Skipping meeting_id=91627234305 — no Salesforce match
2026-04-30 18:49:31,334 [INFO] Processing meeting.started for meeting_id=94818293151
2026-04-30 18:49:31,471 [INFO] Found doc_id=1JUg1PnlLuNHRbHdGXGgOPuAB8sti6AbdHzkg63f9Dnk for meeting_id=94818293151
2026-04-30 18:49:31,875 [INFO] Watch registered doc_id=1JUg1PnlLuNHRbHdGXGgOPuAB8sti6AbdHzkg63f9Dnk meeting_id=94818293151
2026-04-30 18:49:43,094 [INFO] Temp S3 state created: s3://zoom-automation-bucket/temp/live-doc-history/2026/Month-4/2026-04-30/94818293151/
2026-04-30 18:49:43,096 [INFO] Successfully initialized doc tracking meeting_id=94818293151
2026-04-30 18:50:28,501 [INFO] Processing meeting.started for meeting_id=92503421154
2026-04-30 18:50:28,632 [INFO] Found doc_id=1fWfE0FJEfssmSJ9nR_rUa-tc5uZ58UDYiEpC3J75Ohs for meeting_id=92503421154
2026-04-30 18:50:28,978 [INFO] Watch registered doc_id=1fWfE0FJEfssmSJ9nR_rUa-tc5uZ58UDYiEpC3J75Ohs meeting_id=92503421154
2026-04-30 18:50:41,780 [INFO] Temp S3 state created: s3://zoom-automation-bucket/temp/live-doc-history/2026/Month-4/2026-04-30/92503421154/
2026-04-30 18:50:41,782 [INFO] Successfully initialized doc tracking meeting_id=92503421154
2026-04-30 18:52:06,122 [INFO] Processing meeting.started for meeting_id=95673736523
2026-04-30 18:52:06,235 [INFO] Found doc_id=1IJ50egllFtOjn2i4rdB6tsx9s-xHtBj5NYXgH2Ci52Y for meeting_id=95673736523
2026-04-30 18:52:06,579 [INFO] Watch registered doc_id=1IJ50egllFtOjn2i4rdB6tsx9s-xHtBj5NYXgH2Ci52Y meeting_id=95673736523
2026-04-30 18:52:16,765 [INFO] Temp S3 state created: s3://zoom-automation-bucket/temp/live-doc-history/2026/Month-4/2026-04-30/95673736523/
2026-04-30 18:52:16,768 [INFO] Successfully initialized doc tracking meeting_id=95673736523
2026-04-30 18:52:42,424 [INFO] Processing meeting.started for meeting_id=92503421154
2026-04-30 18:52:43,085 [INFO] Found doc_id=1fWfE0FJEfssmSJ9nR_rUa-tc5uZ58UDYiEpC3J75Ohs for meeting_id=92503421154
2026-04-30 18:52:43,556 [INFO] Watch registered doc_id=1fWfE0FJEfssmSJ9nR_rUa-tc5uZ58UDYiEpC3J75Ohs meeting_id=92503421154
2026-04-30 18:52:53,814 [INFO] Temp S3 state created: s3://zoom-automation-bucket/temp/live-doc-history/2026/Month-4/2026-04-30/92503421154/
2026-04-30 18:52:53,817 [INFO] Successfully initialized doc tracking meeting_id=92503421154
2026-04-30 18:55:58,932 [INFO] Processing meeting.started for meeting_id=95221624519
2026-04-30 18:55:59,051 [WARNING] No Salesforce record for meeting_id=95221624519
2026-04-30 18:55:59,051 [WARNING] Skipping meeting_id=95221624519 — no Salesforce match
2026-04-30 19:11:58,795 [INFO] Processing meeting.started for meeting_id=93872158820
2026-04-30 19:11:58,923 [WARNING] No Salesforce record for meeting_id=93872158820
2026-04-30 19:11:58,923 [WARNING] Skipping meeting_id=93872158820 — no Salesforce match
2026-04-30 19:19:32,259 [INFO] Processing meeting.started for meeting_id=92427572237
2026-04-30 19:19:32,391 [INFO] Found doc_id=1r7YcTXSXTXssHY_DtA9N5AS3RPtw0Ob7BZuJAs-zjio for meeting_id=92427572237
2026-04-30 19:19:32,749 [INFO] Watch registered doc_id=1r7YcTXSXTXssHY_DtA9N5AS3RPtw0Ob7BZuJAs-zjio meeting_id=92427572237
2026-04-30 19:19:43,487 [INFO] Temp S3 state created: s3://zoom-automation-bucket/temp/live-doc-history/2026/Month-4/2026-04-30/92427572237/
2026-04-30 19:19:43,490 [INFO] Successfully initialized doc tracking meeting_id=92427572237
2026-04-30 19:20:24,599 [INFO] Processing meeting.started for meeting_id=98698831354
2026-04-30 19:20:24,884 [INFO] Found doc_id=1uDIHDexp0cmADmM0sDxl5O101pClouAFiDqK2UTRjBM for meeting_id=98698831354
2026-04-30 19:20:25,348 [INFO] Watch registered doc_id=1uDIHDexp0cmADmM0sDxl5O101pClouAFiDqK2UTRjBM meeting_id=98698831354
2026-04-30 19:20:38,581 [INFO] Temp S3 state created: s3://zoom-automation-bucket/temp/live-doc-history/2026/Month-4/2026-04-30/98698831354/
2026-04-30 19:20:38,583 [INFO] Successfully initialized doc tracking meeting_id=98698831354
2026-04-30 19:20:51,450 [INFO] Processing meeting.started for meeting_id=99707703693
2026-04-30 19:20:51,538 [INFO] Found doc_id=1bwtfR7sW9ye8LBC5ygeQGQ8orwSD7WncM0jIhsW7LEE for meeting_id=99707703693
2026-04-30 19:20:51,924 [INFO] Watch registered doc_id=1bwtfR7sW9ye8LBC5ygeQGQ8orwSD7WncM0jIhsW7LEE meeting_id=99707703693
2026-04-30 19:21:03,827 [INFO] Temp S3 state created: s3://zoom-automation-bucket/temp/live-doc-history/2026/Month-4/2026-04-30/99707703693/
2026-04-30 19:21:03,829 [INFO] Successfully initialized doc tracking meeting_id=99707703693
2026-04-30 19:24:17,629 [INFO] Processing meeting.started for meeting_id=94007524938
2026-04-30 19:24:17,768 [WARNING] No Google_Docs_ID__c for meeting_id=94007524938
2026-04-30 19:24:23,085 [INFO] Processing meeting.started for meeting_id=92531923746
2026-04-30 19:24:23,224 [INFO] Found doc_id=1yxR_1502x6FXOwEEOC0RA48FOP-e-UqJsu2YPEA6Ugk for meeting_id=92531923746
2026-04-30 19:24:23,590 [INFO] Watch registered doc_id=1yxR_1502x6FXOwEEOC0RA48FOP-e-UqJsu2YPEA6Ugk meeting_id=92531923746
2026-04-30 19:24:35,051 [INFO] Temp S3 state created: s3://zoom-automation-bucket/temp/live-doc-history/2026/Month-4/2026-04-30/92531923746/
2026-04-30 19:24:35,052 [INFO] Successfully initialized doc tracking meeting_id=92531923746
2026-04-30 19:27:46,326 [INFO] Processing meeting.started for meeting_id=95326312404
2026-04-30 19:27:46,474 [WARNING] No Salesforce record for meeting_id=95326312404
2026-04-30 19:27:46,474 [WARNING] Skipping meeting_id=95326312404 — no Salesforce match
2026-04-30 19:29:05,392 [INFO] Processing meeting.started for meeting_id=99142876974
2026-04-30 19:29:06,475 [INFO] Found doc_id=1JfDmVkvyhGV3Dt2kboLOEyM5kTdf145qfRicObtqmQk for meeting_id=99142876974
2026-04-30 19:29:06,909 [INFO] Watch registered doc_id=1JfDmVkvyhGV3Dt2kboLOEyM5kTdf145qfRicObtqmQk meeting_id=99142876974
2026-04-30 19:29:18,943 [INFO] Temp S3 state created: s3://zoom-automation-bucket/temp/live-doc-history/2026/Month-4/2026-04-30/99142876974/
2026-04-30 19:29:18,945 [INFO] Successfully initialized doc tracking meeting_id=99142876974
2026-04-30 19:31:16,643 [INFO] Processing meeting.started for meeting_id=95221624519
2026-04-30 19:31:16,780 [WARNING] No Salesforce record for meeting_id=95221624519
2026-04-30 19:31:16,780 [WARNING] Skipping meeting_id=95221624519 — no Salesforce match
2026-04-30 19:32:36,419 [INFO] Processing meeting.started for meeting_id=95634504938
2026-04-30 19:32:36,541 [WARNING] No Salesforce record for meeting_id=95634504938
2026-04-30 19:32:36,541 [WARNING] Skipping meeting_id=95634504938 — no Salesforce match
2026-04-30 19:36:40,383 [INFO] Processing meeting.started for meeting_id=98698831354
2026-04-30 19:36:40,496 [INFO] Found doc_id=1uDIHDexp0cmADmM0sDxl5O101pClouAFiDqK2UTRjBM for meeting_id=98698831354
2026-04-30 19:36:42,060 [INFO] Watch registered doc_id=1uDIHDexp0cmADmM0sDxl5O101pClouAFiDqK2UTRjBM meeting_id=98698831354
2026-04-30 19:36:55,022 [INFO] Temp S3 state created: s3://zoom-automation-bucket/temp/live-doc-history/2026/Month-4/2026-04-30/98698831354/
2026-04-30 19:36:55,029 [INFO] Successfully initialized doc tracking meeting_id=98698831354
2026-04-30 19:41:43,134 [INFO] Processing meeting.started for meeting_id=96419483727
2026-04-30 19:41:43,324 [INFO] Found doc_id=19X6ZnSN2oi3HHj12Yf0HeD2at0rXFHiCkRqObcmqTlE for meeting_id=96419483727
2026-04-30 19:41:43,664 [INFO] Watch registered doc_id=19X6ZnSN2oi3HHj12Yf0HeD2at0rXFHiCkRqObcmqTlE meeting_id=96419483727
2026-04-30 19:41:53,916 [INFO] Temp S3 state created: s3://zoom-automation-bucket/temp/live-doc-history/2026/Month-4/2026-04-30/96419483727/
2026-04-30 19:41:53,919 [INFO] Successfully initialized doc tracking meeting_id=96419483727
2026-04-30 19:42:00,407 [INFO] Processing meeting.started for meeting_id=96390593670
2026-04-30 19:42:00,622 [INFO] Found doc_id=1OMDW2SwQbLI1u_yP9aUDAIBaa4KRPddTLl8CYpSztIg for meeting_id=96390593670
2026-04-30 19:42:00,999 [INFO] Watch registered doc_id=1OMDW2SwQbLI1u_yP9aUDAIBaa4KRPddTLl8CYpSztIg meeting_id=96390593670
2026-04-30 19:42:12,871 [INFO] Temp S3 state created: s3://zoom-automation-bucket/temp/live-doc-history/2026/Month-4/2026-04-30/96390593670/
2026-04-30 19:42:12,873 [INFO] Successfully initialized doc tracking meeting_id=96390593670
2026-04-30 19:43:43,833 [INFO] Processing meeting.started for meeting_id=97614977298
2026-04-30 19:43:43,994 [INFO] Found doc_id=1cWpMZ1OMrF5xLQal6lNXZHth0FAwm1L68ipzanxZqh0 for meeting_id=97614977298
2026-04-30 19:43:44,375 [INFO] Watch registered doc_id=1cWpMZ1OMrF5xLQal6lNXZHth0FAwm1L68ipzanxZqh0 meeting_id=97614977298
2026-04-30 19:43:56,324 [INFO] Temp S3 state created: s3://zoom-automation-bucket/temp/live-doc-history/2026/Month-4/2026-04-30/97614977298/
2026-04-30 19:43:56,326 [INFO] Successfully initialized doc tracking meeting_id=97614977298
2026-04-30 19:43:56,391 [INFO] Processing meeting.started for meeting_id=92299011595
2026-04-30 19:43:56,560 [WARNING] No Salesforce record for meeting_id=92299011595
2026-04-30 19:43:56,560 [WARNING] Skipping meeting_id=92299011595 — no Salesforce match
2026-04-30 19:44:46,398 [INFO] Processing meeting.started for meeting_id=92123967773
2026-04-30 19:44:46,520 [INFO] Found doc_id=1L0cirqgBun_R6E0UsnUz4sgnb3JZ55NZkgMX4CU90b0 for meeting_id=92123967773
2026-04-30 19:44:46,829 [INFO] Watch registered doc_id=1L0cirqgBun_R6E0UsnUz4sgnb3JZ55NZkgMX4CU90b0 meeting_id=92123967773
2026-04-30 19:44:59,132 [INFO] Temp S3 state created: s3://zoom-automation-bucket/temp/live-doc-history/2026/Month-4/2026-04-30/92123967773/
2026-04-30 19:44:59,135 [INFO] Successfully initialized doc tracking meeting_id=92123967773
2026-04-30 19:45:09,114 [INFO] Processing meeting.started for meeting_id=91561181323
2026-04-30 19:45:09,245 [WARNING] No Salesforce record for meeting_id=91561181323
2026-04-30 19:45:09,245 [WARNING] Skipping meeting_id=91561181323 — no Salesforce match
2026-04-30 19:45:13,591 [INFO] Processing meeting.started for meeting_id=91097583793
2026-04-30 19:45:13,715 [INFO] Found doc_id=1Hw8xZWv4kuQTprlabbvABbS-6Ft5Fed0lSCw0_6cgCU for meeting_id=91097583793
2026-04-30 19:45:14,057 [INFO] Watch registered doc_id=1Hw8xZWv4kuQTprlabbvABbS-6Ft5Fed0lSCw0_6cgCU meeting_id=91097583793
2026-04-30 19:45:25,797 [INFO] Temp S3 state created: s3://zoom-automation-bucket/temp/live-doc-history/2026/Month-4/2026-04-30/91097583793/
2026-04-30 19:45:25,799 [INFO] Successfully initialized doc tracking meeting_id=91097583793
2026-04-30 19:47:51,573 [INFO] Processing meeting.started for meeting_id=96390593670
2026-04-30 19:47:51,715 [INFO] Found doc_id=1OMDW2SwQbLI1u_yP9aUDAIBaa4KRPddTLl8CYpSztIg for meeting_id=96390593670
2026-04-30 19:47:52,218 [INFO] Watch registered doc_id=1OMDW2SwQbLI1u_yP9aUDAIBaa4KRPddTLl8CYpSztIg meeting_id=96390593670
2026-04-30 19:48:03,236 [INFO] Temp S3 state created: s3://zoom-automation-bucket/temp/live-doc-history/2026/Month-4/2026-04-30/96390593670/
2026-04-30 19:48:03,239 [INFO] Successfully initialized doc tracking meeting_id=96390593670
2026-04-30 19:51:32,119 [INFO] Processing meeting.started for meeting_id=95221624519
2026-04-30 19:51:32,239 [WARNING] No Salesforce record for meeting_id=95221624519
2026-04-30 19:51:32,239 [WARNING] Skipping meeting_id=95221624519 — no Salesforce match
2026-04-30 19:51:44,582 [INFO] Processing meeting.started for meeting_id=97810768610
2026-04-30 19:51:44,725 [WARNING] No Salesforce record for meeting_id=97810768610
2026-04-30 19:51:44,725 [WARNING] Skipping meeting_id=97810768610 — no Salesforce match
2026-04-30 19:52:16,782 [INFO] Processing meeting.started for meeting_id=95045483352
2026-04-30 19:52:16,964 [INFO] Found doc_id=1fumknSTfEtkbvuYZs842odQtYBmU4Ks8hsLTj5Ms4jw for meeting_id=95045483352
2026-04-30 19:52:17,347 [INFO] Watch registered doc_id=1fumknSTfEtkbvuYZs842odQtYBmU4Ks8hsLTj5Ms4jw meeting_id=95045483352
2026-04-30 19:52:31,265 [INFO] Temp S3 state created: s3://zoom-automation-bucket/temp/live-doc-history/2026/Month-4/2026-04-30/95045483352/
2026-04-30 19:52:31,268 [INFO] Successfully initialized doc tracking meeting_id=95045483352
2026-04-30 19:52:59,513 [INFO] Processing meeting.started for meeting_id=92289904267
2026-04-30 19:52:59,665 [INFO] Found doc_id=1PGAtAovW5gjrqxSF9KW5RgfN02j7VMlRIDPwZA0XFjA for meeting_id=92289904267
2026-04-30 19:53:00,031 [INFO] Watch registered doc_id=1PGAtAovW5gjrqxSF9KW5RgfN02j7VMlRIDPwZA0XFjA meeting_id=92289904267
2026-04-30 19:53:12,024 [INFO] Temp S3 state created: s3://zoom-automation-bucket/temp/live-doc-history/2026/Month-4/2026-04-30/92289904267/
2026-04-30 19:53:12,026 [INFO] Successfully initialized doc tracking meeting_id=92289904267
2026-04-30 19:56:09,338 [INFO] Processing meeting.started for meeting_id=97749724641
2026-04-30 19:56:09,487 [WARNING] No Salesforce record for meeting_id=97749724641
2026-04-30 19:56:09,487 [WARNING] Skipping meeting_id=97749724641 — no Salesforce match
2026-04-30 19:56:19,934 [INFO] Processing meeting.started for meeting_id=94958535260
2026-04-30 19:56:20,086 [INFO] Found doc_id=1c3zPr7uNvOnDr5fRI14R28YNxRiiSLEtNl-KyuNLacU for meeting_id=94958535260
2026-04-30 19:56:20,481 [INFO] Watch registered doc_id=1c3zPr7uNvOnDr5fRI14R28YNxRiiSLEtNl-KyuNLacU meeting_id=94958535260
2026-04-30 19:56:31,887 [INFO] Temp S3 state created: s3://zoom-automation-bucket/temp/live-doc-history/2026/Month-4/2026-04-30/94958535260/
2026-04-30 19:56:31,890 [INFO] Successfully initialized doc tracking meeting_id=94958535260
2026-04-30 19:57:06,791 [INFO] Processing meeting.started for meeting_id=96342121701
2026-04-30 19:57:06,920 [INFO] Found doc_id=1NNG-27GKy-Eq0BwqSg8b5UMUBLLpl1TcFLKe2Devxts for meeting_id=96342121701
2026-04-30 19:57:07,287 [INFO] Watch registered doc_id=1NNG-27GKy-Eq0BwqSg8b5UMUBLLpl1TcFLKe2Devxts meeting_id=96342121701
2026-04-30 19:57:18,789 [INFO] Temp S3 state created: s3://zoom-automation-bucket/temp/live-doc-history/2026/Month-4/2026-04-30/96342121701/
2026-04-30 19:57:18,793 [INFO] Successfully initialized doc tracking meeting_id=96342121701
2026-04-30 19:57:47,055 [INFO] Processing meeting.started for meeting_id=92992711587
2026-04-30 19:57:47,223 [WARNING] No Salesforce record for meeting_id=92992711587
2026-04-30 19:57:47,223 [WARNING] Skipping meeting_id=92992711587 — no Salesforce match
2026-04-30 19:59:40,008 [INFO] Processing meeting.started for meeting_id=92581148452
2026-04-30 19:59:40,177 [WARNING] No Salesforce record for meeting_id=92581148452
2026-04-30 19:59:40,177 [WARNING] Skipping meeting_id=92581148452 — no Salesforce match
2026-04-30 20:11:14,239 [INFO] Processing meeting.started for meeting_id=96119272322
2026-04-30 20:11:14,507 [INFO] Found doc_id=1MP5vfsdgonKVsDRVynLSMFaKSICueS9hPtse-YiJ6n0 for meeting_id=96119272322
2026-04-30 20:11:14,872 [INFO] Watch registered doc_id=1MP5vfsdgonKVsDRVynLSMFaKSICueS9hPtse-YiJ6n0 meeting_id=96119272322
2026-04-30 20:11:25,452 [INFO] Temp S3 state created: s3://zoom-automation-bucket/temp/live-doc-history/2026/Month-4/2026-04-30/96119272322/
2026-04-30 20:11:25,455 [INFO] Successfully initialized doc tracking meeting_id=96119272322
2026-04-30 20:11:45,431 [INFO] Processing meeting.started for meeting_id=95221624519
2026-04-30 20:11:45,551 [WARNING] No Salesforce record for meeting_id=95221624519
2026-04-30 20:11:45,552 [WARNING] Skipping meeting_id=95221624519 — no Salesforce match
2026-04-30 20:20:20,418 [INFO] Processing meeting.started for meeting_id=98828279590
2026-04-30 20:20:20,573 [INFO] Found doc_id=1SRUgKsvUG7egKYgZbeL9LfttVh1QBEkV5drwFpiEPCU for meeting_id=98828279590
2026-04-30 20:20:21,005 [INFO] Watch registered doc_id=1SRUgKsvUG7egKYgZbeL9LfttVh1QBEkV5drwFpiEPCU meeting_id=98828279590
2026-04-30 20:20:33,465 [INFO] Temp S3 state created: s3://zoom-automation-bucket/temp/live-doc-history/2026/Month-4/2026-04-30/98828279590/
2026-04-30 20:20:33,468 [INFO] Successfully initialized doc tracking meeting_id=98828279590
2026-04-30 20:22:59,544 [INFO] Processing meeting.started for meeting_id=98486088679
2026-04-30 20:22:59,659 [INFO] Found doc_id=1HpVMI6F6UF1oqhOuH_wMRkoG79hNG17I6wIvoTX-MXs for meeting_id=98486088679
2026-04-30 20:23:00,200 [INFO] Watch registered doc_id=1HpVMI6F6UF1oqhOuH_wMRkoG79hNG17I6wIvoTX-MXs meeting_id=98486088679
2026-04-30 20:23:11,914 [INFO] Temp S3 state created: s3://zoom-automation-bucket/temp/live-doc-history/2026/Month-4/2026-04-30/98486088679/
2026-04-30 20:23:11,917 [INFO] Successfully initialized doc tracking meeting_id=98486088679
2026-04-30 20:27:57,184 [INFO] Processing meeting.started for meeting_id=99079559939
2026-04-30 20:27:57,344 [WARNING] No Salesforce record for meeting_id=99079559939
2026-04-30 20:27:57,344 [WARNING] Skipping meeting_id=99079559939 — no Salesforce match
2026-04-30 20:30:47,881 [INFO] Processing meeting.started for meeting_id=97422766426
2026-04-30 20:30:47,989 [WARNING] No Salesforce record for meeting_id=97422766426
2026-04-30 20:30:47,989 [WARNING] Skipping meeting_id=97422766426 — no Salesforce match
2026-04-30 20:31:29,880 [INFO] Processing meeting.started for meeting_id=99248559793
2026-04-30 20:31:29,981 [WARNING] No Salesforce record for meeting_id=99248559793
2026-04-30 20:31:29,981 [WARNING] Skipping meeting_id=99248559793 — no Salesforce match
2026-04-30 20:31:50,451 [INFO] Processing meeting.started for meeting_id=96851055032
2026-04-30 20:31:50,525 [WARNING] No Salesforce record for meeting_id=96851055032
2026-04-30 20:31:50,526 [WARNING] Skipping meeting_id=96851055032 — no Salesforce match
2026-04-30 20:31:57,757 [INFO] Processing meeting.started for meeting_id=95221624519
2026-04-30 20:31:57,850 [WARNING] No Salesforce record for meeting_id=95221624519
2026-04-30 20:31:57,850 [WARNING] Skipping meeting_id=95221624519 — no Salesforce match
2026-04-30 20:33:53,531 [INFO] Processing meeting.started for meeting_id=91274663910
2026-04-30 20:33:53,631 [WARNING] No Salesforce record for meeting_id=91274663910
2026-04-30 20:33:53,631 [WARNING] Skipping meeting_id=91274663910 — no Salesforce match
2026-04-30 20:34:20,769 [INFO] Processing meeting.started for meeting_id=92992711587
2026-04-30 20:34:20,847 [WARNING] No Salesforce record for meeting_id=92992711587
2026-04-30 20:34:20,848 [WARNING] Skipping meeting_id=92992711587 — no Salesforce match
2026-04-30 20:34:49,296 [INFO] Processing meeting.started for meeting_id=97364697186
2026-04-30 20:34:49,620 [WARNING] No Salesforce record for meeting_id=97364697186
2026-04-30 20:34:49,620 [WARNING] Skipping meeting_id=97364697186 — no Salesforce match
2026-04-30 20:35:48,560 [INFO] Processing meeting.started for meeting_id=97198194795
2026-04-30 20:35:48,685 [WARNING] No Salesforce record for meeting_id=97198194795
2026-04-30 20:35:48,685 [WARNING] Skipping meeting_id=97198194795 — no Salesforce match
2026-04-30 20:36:11,768 [INFO] Processing meeting.started for meeting_id=92992711587
2026-04-30 20:36:11,875 [WARNING] No Salesforce record for meeting_id=92992711587
2026-04-30 20:36:11,875 [WARNING] Skipping meeting_id=92992711587 — no Salesforce match
2026-04-30 20:38:17,899 [INFO] Processing meeting.started for meeting_id=95419851644
2026-04-30 20:38:18,019 [WARNING] No Salesforce record for meeting_id=95419851644
2026-04-30 20:38:18,019 [WARNING] Skipping meeting_id=95419851644 — no Salesforce match
2026-04-30 20:42:39,371 [INFO] Processing meeting.started for meeting_id=97713584688
2026-04-30 20:42:39,499 [WARNING] No Salesforce record for meeting_id=97713584688
2026-04-30 20:42:39,499 [WARNING] Skipping meeting_id=97713584688 — no Salesforce match
2026-04-30 20:43:57,727 [INFO] Processing meeting.started for meeting_id=94704490333
2026-04-30 20:43:57,910 [WARNING] No Salesforce record for meeting_id=94704490333
2026-04-30 20:43:57,910 [WARNING] Skipping meeting_id=94704490333 — no Salesforce match
2026-04-30 20:53:12,968 [INFO] Processing meeting.started for meeting_id=99601546366
2026-04-30 20:53:13,125 [INFO] Found doc_id=1Q96y-u8rTLAspM60MHbpmj8fLhlfPlu-rqyaKCaJcVg for meeting_id=99601546366
2026-04-30 20:53:13,522 [INFO] Watch registered doc_id=1Q96y-u8rTLAspM60MHbpmj8fLhlfPlu-rqyaKCaJcVg meeting_id=99601546366
2026-04-30 20:53:23,819 [INFO] Temp S3 state created: s3://zoom-automation-bucket/temp/live-doc-history/2026/Month-4/2026-04-30/99601546366/
2026-04-30 20:53:23,822 [INFO] Successfully initialized doc tracking meeting_id=99601546366
2026-04-30 20:58:08,288 [INFO] Processing meeting.started for meeting_id=99391473089
2026-04-30 20:58:08,556 [WARNING] No Salesforce record for meeting_id=99391473089
2026-04-30 20:58:08,556 [WARNING] Skipping meeting_id=99391473089 — no Salesforce match
2026-04-30 20:59:27,801 [INFO] Processing meeting.started for meeting_id=99908715237
2026-04-30 20:59:27,904 [WARNING] No Salesforce record for meeting_id=99908715237
2026-04-30 20:59:27,905 [WARNING] Skipping meeting_id=99908715237 — no Salesforce match
2026-04-30 20:59:45,736 [INFO] Processing meeting.started for meeting_id=98367889188
2026-04-30 20:59:45,867 [INFO] Found doc_id=1foyKHbzAXZYQxgtpf88miYfFWYbvafVCKjOj2ZJYntM for meeting_id=98367889188
2026-04-30 20:59:46,592 [INFO] Watch registered doc_id=1foyKHbzAXZYQxgtpf88miYfFWYbvafVCKjOj2ZJYntM meeting_id=98367889188
2026-04-30 20:59:58,306 [INFO] Temp S3 state created: s3://zoom-automation-bucket/temp/live-doc-history/2026/Month-4/2026-04-30/98367889188/
2026-04-30 20:59:58,309 [INFO] Successfully initialized doc tracking meeting_id=98367889188
2026-04-30 21:03:28,700 [INFO] Processing meeting.started for meeting_id=92889250039
2026-04-30 21:03:28,926 [INFO] Found doc_id=1nfPVHnKx_2XLtnKShAi0bC0yc28C983jQkG8r-107xI for meeting_id=92889250039
2026-04-30 21:03:29,380 [INFO] Watch registered doc_id=1nfPVHnKx_2XLtnKShAi0bC0yc28C983jQkG8r-107xI meeting_id=92889250039
2026-04-30 21:03:40,286 [INFO] Temp S3 state created: s3://zoom-automation-bucket/temp/live-doc-history/2026/Month-4/2026-04-30/92889250039/
2026-04-30 21:03:40,289 [INFO] Successfully initialized doc tracking meeting_id=92889250039
2026-04-30 21:17:20,695 [INFO] Processing meeting.started for meeting_id=99814687629
2026-04-30 21:17:21,010 [INFO] Found doc_id=1AjxVImgTzWSgMbZdvOhSPeK4pQ26HS_a3a_3WAK9ms4 for meeting_id=99814687629
2026-04-30 21:17:21,377 [INFO] Watch registered doc_id=1AjxVImgTzWSgMbZdvOhSPeK4pQ26HS_a3a_3WAK9ms4 meeting_id=99814687629
2026-04-30 21:17:31,465 [INFO] Temp S3 state created: s3://zoom-automation-bucket/temp/live-doc-history/2026/Month-4/2026-04-30/99814687629/
2026-04-30 21:17:31,467 [INFO] Successfully initialized doc tracking meeting_id=99814687629
2026-04-30 21:31:25,414 [INFO] Processing meeting.started for meeting_id=94995012710
2026-04-30 21:31:25,605 [WARNING] No Salesforce record for meeting_id=94995012710
2026-04-30 21:31:25,605 [WARNING] Skipping meeting_id=94995012710 — no Salesforce match
2026-04-30 21:35:14,879 [INFO] Processing meeting.started for meeting_id=98498005572
2026-04-30 21:35:15,243 [INFO] Found doc_id=1xzAnqmW9ZJRklQ6MLhKZC6a5jW1YL-u3v2dv07Toz6w for meeting_id=98498005572
2026-04-30 21:35:15,666 [INFO] Watch registered doc_id=1xzAnqmW9ZJRklQ6MLhKZC6a5jW1YL-u3v2dv07Toz6w meeting_id=98498005572
2026-04-30 21:35:25,755 [INFO] Temp S3 state created: s3://zoom-automation-bucket/temp/live-doc-history/2026/Month-4/2026-04-30/98498005572/
2026-04-30 21:35:25,758 [INFO] Successfully initialized doc tracking meeting_id=98498005572
2026-04-30 21:38:26,610 [INFO] Processing meeting.started for meeting_id=95595277393
2026-04-30 21:38:26,745 [INFO] Found doc_id=1njN0LAN6tv-D4Uilhmbwa45TBP_BYYUeDI0NtEBqmPA for meeting_id=95595277393
2026-04-30 21:38:27,115 [INFO] Watch registered doc_id=1njN0LAN6tv-D4Uilhmbwa45TBP_BYYUeDI0NtEBqmPA meeting_id=95595277393
2026-04-30 21:38:36,956 [INFO] Temp S3 state created: s3://zoom-automation-bucket/temp/live-doc-history/2026/Month-4/2026-04-30/95595277393/
2026-04-30 21:38:36,959 [INFO] Successfully initialized doc tracking meeting_id=95595277393
2026-04-30 21:44:03,261 [INFO] Processing meeting.started for meeting_id=95656966512
2026-04-30 21:44:03,417 [WARNING] No Salesforce record for meeting_id=95656966512
2026-04-30 21:44:03,417 [WARNING] Skipping meeting_id=95656966512 — no Salesforce match
2026-04-30 21:47:27,355 [INFO] Processing meeting.started for meeting_id=92502022949
2026-04-30 21:47:27,461 [WARNING] No Salesforce record for meeting_id=92502022949
2026-04-30 21:47:27,461 [WARNING] Skipping meeting_id=92502022949 — no Salesforce match
2026-04-30 21:48:47,087 [INFO] Processing meeting.started for meeting_id=92038925299
2026-04-30 21:48:47,292 [WARNING] No Salesforce record for meeting_id=92038925299
2026-04-30 21:48:47,292 [WARNING] Skipping meeting_id=92038925299 — no Salesforce match
2026-04-30 21:54:17,778 [INFO] Processing meeting.started for meeting_id=97058169473
2026-04-30 21:54:17,951 [INFO] Found doc_id=1Vj7EJA6OO2jbvCZwPQw6lWsAFgrGbhvZmrPeSOvyOfE for meeting_id=97058169473
2026-04-30 21:54:18,364 [INFO] Watch registered doc_id=1Vj7EJA6OO2jbvCZwPQw6lWsAFgrGbhvZmrPeSOvyOfE meeting_id=97058169473
2026-04-30 21:54:29,944 [INFO] Temp S3 state created: s3://zoom-automation-bucket/temp/live-doc-history/2026/Month-4/2026-04-30/97058169473/
2026-04-30 21:54:29,947 [INFO] Successfully initialized doc tracking meeting_id=97058169473
2026-04-30 21:55:23,969 [INFO] Processing meeting.started for meeting_id=92865210348
2026-04-30 21:55:24,059 [WARNING] No Salesforce record for meeting_id=92865210348
2026-04-30 21:55:24,059 [WARNING] Skipping meeting_id=92865210348 — no Salesforce match
2026-04-30 22:05:25,787 [INFO] Processing meeting.started for meeting_id=99529181747
2026-04-30 22:05:26,002 [WARNING] No Salesforce record for meeting_id=99529181747
2026-04-30 22:05:26,002 [WARNING] Skipping meeting_id=99529181747 — no Salesforce match
2026-04-30 22:07:21,005 [INFO] Processing meeting.started for meeting_id=96230444108
2026-04-30 22:07:21,593 [WARNING] No Salesforce record for meeting_id=96230444108
2026-04-30 22:07:21,593 [WARNING] Skipping meeting_id=96230444108 — no Salesforce match
2026-04-30 22:13:34,261 [INFO] Processing meeting.started for meeting_id=99447965898
2026-04-30 22:13:34,774 [WARNING] No Salesforce record for meeting_id=99447965898
2026-04-30 22:13:34,775 [WARNING] Skipping meeting_id=99447965898 — no Salesforce match
2026-04-30 22:16:21,194 [INFO] Processing meeting.started for meeting_id=93209200716
2026-04-30 22:16:21,343 [WARNING] No Salesforce record for meeting_id=93209200716
2026-04-30 22:16:21,343 [WARNING] Skipping meeting_id=93209200716 — no Salesforce match
2026-04-30 22:29:54,631 [INFO] Processing meeting.started for meeting_id=95422487430
2026-04-30 22:29:54,793 [WARNING] No Salesforce record for meeting_id=95422487430
2026-04-30 22:29:54,793 [WARNING] Skipping meeting_id=95422487430 — no Salesforce match
2026-04-30 22:34:59,833 [INFO] Processing meeting.started for meeting_id=93344953349
2026-04-30 22:34:59,937 [WARNING] No Salesforce record for meeting_id=93344953349
2026-04-30 22:34:59,937 [WARNING] Skipping meeting_id=93344953349 — no Salesforce match
2026-04-30 22:52:41,617 [INFO] Processing meeting.started for meeting_id=93344953349
2026-04-30 22:52:41,865 [WARNING] No Salesforce record for meeting_id=93344953349
2026-04-30 22:52:41,865 [WARNING] Skipping meeting_id=93344953349 — no Salesforce match
2026-04-30 22:53:09,393 [INFO] Processing meeting.started for meeting_id=93344953349
2026-04-30 22:53:09,955 [WARNING] No Salesforce record for meeting_id=93344953349
2026-04-30 22:53:09,955 [WARNING] Skipping meeting_id=93344953349 — no Salesforce match
2026-05-01 13:20:27,838 [INFO] Processing meeting.started for meeting_id=96470205014
2026-05-01 13:20:29,012 [INFO] Found doc_id=1beVkwQRdDJjA0SB2iUVwnjS19M-Z8X21DNFwaPGk728 for meeting_id=96470205014
2026-05-01 13:20:29,564 [INFO] Watch registered doc_id=1beVkwQRdDJjA0SB2iUVwnjS19M-Z8X21DNFwaPGk728 meeting_id=96470205014
2026-05-01 13:20:40,723 [INFO] Temp S3 state created: s3://zoom-automation-bucket/temp/live-doc-history/2026/Month-5/2026-05-01/96470205014/
2026-05-01 13:20:40,727 [INFO] Successfully initialized doc tracking meeting_id=96470205014
2026-05-01 13:24:46,399 [INFO] Processing meeting.started for meeting_id=96488687833
2026-05-01 13:24:46,965 [INFO] Found doc_id=1sX-TB84ML0f8F44S5zC8ET1zbXtMgftu1ahDPyz8TdU for meeting_id=96488687833
2026-05-01 13:24:47,375 [INFO] Watch registered doc_id=1sX-TB84ML0f8F44S5zC8ET1zbXtMgftu1ahDPyz8TdU meeting_id=96488687833
2026-05-01 13:24:59,861 [INFO] Temp S3 state created: s3://zoom-automation-bucket/temp/live-doc-history/2026/Month-5/2026-05-01/96488687833/
2026-05-01 13:24:59,864 [INFO] Successfully initialized doc tracking meeting_id=96488687833
2026-05-01 13:27:24,037 [INFO] Processing meeting.started for meeting_id=94207032140
2026-05-01 13:27:24,568 [WARNING] No Salesforce record for meeting_id=94207032140
2026-05-01 13:27:24,568 [WARNING] Skipping meeting_id=94207032140 — no Salesforce match
2026-05-01 13:29:49,047 [INFO] Processing meeting.started for meeting_id=93795690983
2026-05-01 13:29:49,203 [WARNING] No Salesforce record for meeting_id=93795690983
2026-05-01 13:29:49,203 [WARNING] Skipping meeting_id=93795690983 — no Salesforce match
2026-05-01 13:31:29,237 [INFO] Processing meeting.started for meeting_id=99391473089
2026-05-01 13:31:29,385 [WARNING] No Salesforce record for meeting_id=99391473089
2026-05-01 13:31:29,385 [WARNING] Skipping meeting_id=99391473089 — no Salesforce match
2026-05-01 13:39:53,394 [INFO] Processing meeting.started for meeting_id=97436586404
2026-05-01 13:39:53,968 [WARNING] No Salesforce record for meeting_id=97436586404
2026-05-01 13:39:53,968 [WARNING] Skipping meeting_id=97436586404 — no Salesforce match
2026-05-01 13:49:38,416 [INFO] Processing meeting.started for meeting_id=99443727183
2026-05-01 13:49:39,081 [WARNING] No Salesforce record for meeting_id=99443727183
2026-05-01 13:49:39,081 [WARNING] Skipping meeting_id=99443727183 — no Salesforce match
2026-05-01 13:50:32,080 [INFO] Processing meeting.started for meeting_id=99746996073
2026-05-01 13:50:32,180 [WARNING] No Salesforce record for meeting_id=99746996073
2026-05-01 13:50:32,180 [WARNING] Skipping meeting_id=99746996073 — no Salesforce match
2026-05-01 13:51:26,078 [INFO] Processing meeting.started for meeting_id=94125584251
2026-05-01 13:51:26,518 [INFO] Found doc_id=1xzCLn390MmH_yj2SnGEFgTXkij5o1XFU2vwoSMFN7qA for meeting_id=94125584251
2026-05-01 13:51:26,882 [INFO] Watch registered doc_id=1xzCLn390MmH_yj2SnGEFgTXkij5o1XFU2vwoSMFN7qA meeting_id=94125584251
2026-05-01 13:51:36,905 [INFO] Temp S3 state created: s3://zoom-automation-bucket/temp/live-doc-history/2026/Month-5/2026-05-01/94125584251/
2026-05-01 13:51:36,907 [INFO] Successfully initialized doc tracking meeting_id=94125584251
2026-05-01 13:55:27,740 [INFO] Processing meeting.started for meeting_id=96851055032
2026-05-01 13:55:28,131 [WARNING] No Salesforce record for meeting_id=96851055032
2026-05-01 13:55:28,131 [WARNING] Skipping meeting_id=96851055032 — no Salesforce match
2026-05-01 13:55:30,147 [INFO] Processing meeting.started for meeting_id=94802180372
2026-05-01 13:55:30,252 [WARNING] No Google_Docs_ID__c for meeting_id=94802180372
2026-05-01 13:55:44,535 [INFO] Processing meeting.started for meeting_id=97295086488
2026-05-01 13:55:44,637 [WARNING] No Salesforce record for meeting_id=97295086488
2026-05-01 13:55:44,637 [WARNING] Skipping meeting_id=97295086488 — no Salesforce match
2026-05-01 13:57:17,385 [INFO] Processing meeting.started for meeting_id=92424340903
2026-05-01 13:57:17,495 [WARNING] No Salesforce record for meeting_id=92424340903
2026-05-01 13:57:17,495 [WARNING] Skipping meeting_id=92424340903 — no Salesforce match
2026-05-01 14:02:49,976 [INFO] Processing meeting.started for meeting_id=93064882666
2026-05-01 14:02:50,198 [WARNING] No Salesforce record for meeting_id=93064882666
2026-05-01 14:02:50,198 [WARNING] Skipping meeting_id=93064882666 — no Salesforce match
2026-05-01 14:03:04,832 [INFO] Processing meeting.started for meeting_id=94804310071
2026-05-01 14:03:04,980 [WARNING] No Salesforce record for meeting_id=94804310071
2026-05-01 14:03:04,981 [WARNING] Skipping meeting_id=94804310071 — no Salesforce match
2026-05-01 14:03:33,391 [INFO] Processing meeting.started for meeting_id=95744377563
2026-05-01 14:03:33,536 [WARNING] No Salesforce record for meeting_id=95744377563
2026-05-01 14:03:33,536 [WARNING] Skipping meeting_id=95744377563 — no Salesforce match
2026-05-01 14:03:48,594 [INFO] Processing meeting.started for meeting_id=93171064745
2026-05-01 14:03:48,713 [WARNING] No Salesforce record for meeting_id=93171064745
2026-05-01 14:03:48,713 [WARNING] Skipping meeting_id=93171064745 — no Salesforce match
2026-05-01 14:03:58,719 [INFO] Processing meeting.started for meeting_id=94596684010
2026-05-01 14:03:58,829 [WARNING] No Salesforce record for meeting_id=94596684010
2026-05-01 14:03:58,829 [WARNING] Skipping meeting_id=94596684010 — no Salesforce match
2026-05-01 14:07:21,714 [INFO] Processing meeting.started for meeting_id=95687023179
2026-05-01 14:07:21,850 [WARNING] No Salesforce record for meeting_id=95687023179
2026-05-01 14:07:21,850 [WARNING] Skipping meeting_id=95687023179 — no Salesforce match
2026-05-01 14:20:34,643 [INFO] Processing meeting.started for meeting_id=98526878492
2026-05-01 14:20:34,804 [INFO] Found doc_id=1avVezQ1WYk9kfdII9R3y1ef8RhAoVmQ9Tw_JuXdsIR4 for meeting_id=98526878492
2026-05-01 14:20:35,204 [INFO] Watch registered doc_id=1avVezQ1WYk9kfdII9R3y1ef8RhAoVmQ9Tw_JuXdsIR4 meeting_id=98526878492
2026-05-01 14:20:45,328 [INFO] Temp S3 state created: s3://zoom-automation-bucket/temp/live-doc-history/2026/Month-5/2026-05-01/98526878492/
2026-05-01 14:20:45,331 [INFO] Successfully initialized doc tracking meeting_id=98526878492
2026-05-01 14:21:41,080 [INFO] Processing meeting.started for meeting_id=92343629376
2026-05-01 14:21:41,191 [INFO] Found doc_id=1WTjjQNIflb9ac5_AxnlLFkeXqC4C-F-g0BgWdqJqqtA for meeting_id=92343629376
2026-05-01 14:21:41,576 [INFO] Watch registered doc_id=1WTjjQNIflb9ac5_AxnlLFkeXqC4C-F-g0BgWdqJqqtA meeting_id=92343629376
2026-05-01 14:21:52,153 [INFO] Temp S3 state created: s3://zoom-automation-bucket/temp/live-doc-history/2026/Month-5/2026-05-01/92343629376/
2026-05-01 14:21:52,156 [INFO] Successfully initialized doc tracking meeting_id=92343629376
2026-05-01 14:24:09,465 [INFO] Processing meeting.started for meeting_id=93361986893
2026-05-01 14:24:09,602 [INFO] Found doc_id=1wn63Rkb_ZoVflwh7L8OIKodoKTYaMFlAm1mH0cmzcnk for meeting_id=93361986893
2026-05-01 14:24:10,003 [INFO] Watch registered doc_id=1wn63Rkb_ZoVflwh7L8OIKodoKTYaMFlAm1mH0cmzcnk meeting_id=93361986893
2026-05-01 14:24:20,335 [INFO] Temp S3 state created: s3://zoom-automation-bucket/temp/live-doc-history/2026/Month-5/2026-05-01/93361986893/
2026-05-01 14:24:20,338 [INFO] Successfully initialized doc tracking meeting_id=93361986893
2026-05-01 14:27:20,457 [INFO] Processing meeting.started for meeting_id=91794085757
2026-05-01 14:27:20,579 [WARNING] No Salesforce record for meeting_id=91794085757
2026-05-01 14:27:20,579 [WARNING] Skipping meeting_id=91794085757 — no Salesforce match
2026-05-01 14:28:34,579 [INFO] Processing meeting.started for meeting_id=99636685483
2026-05-01 14:28:34,699 [WARNING] No Salesforce record for meeting_id=99636685483
2026-05-01 14:28:34,700 [WARNING] Skipping meeting_id=99636685483 — no Salesforce match
2026-05-01 14:31:50,531 [INFO] Processing meeting.started for meeting_id=99443727183
2026-05-01 14:31:51,137 [WARNING] No Salesforce record for meeting_id=99443727183
2026-05-01 14:31:51,138 [WARNING] Skipping meeting_id=99443727183 — no Salesforce match
2026-05-01 14:33:41,673 [INFO] Processing meeting.started for meeting_id=99958854661
2026-05-01 14:33:42,155 [WARNING] No Salesforce record for meeting_id=99958854661
2026-05-01 14:33:42,156 [WARNING] Skipping meeting_id=99958854661 — no Salesforce match
2026-05-01 14:34:10,251 [INFO] Processing meeting.started for meeting_id=99958854661
2026-05-01 14:34:10,381 [WARNING] No Salesforce record for meeting_id=99958854661
2026-05-01 14:34:10,381 [WARNING] Skipping meeting_id=99958854661 — no Salesforce match
2026-05-01 14:34:13,371 [INFO] Processing meeting.started for meeting_id=98224924079
2026-05-01 14:34:13,475 [WARNING] No Salesforce record for meeting_id=98224924079
2026-05-01 14:34:13,475 [WARNING] Skipping meeting_id=98224924079 — no Salesforce match
2026-05-01 14:41:06,226 [INFO] Processing meeting.started for meeting_id=91281535371
2026-05-01 14:41:06,442 [INFO] Found doc_id=1QNoKuIkX61jAzgm1mAmtLHzUVej5DazyJAEM8CAvZPA for meeting_id=91281535371
2026-05-01 14:41:06,797 [INFO] Watch registered doc_id=1QNoKuIkX61jAzgm1mAmtLHzUVej5DazyJAEM8CAvZPA meeting_id=91281535371
2026-05-01 14:41:18,644 [INFO] Temp S3 state created: s3://zoom-automation-bucket/temp/live-doc-history/2026/Month-5/2026-05-01/91281535371/
2026-05-01 14:41:18,647 [INFO] Successfully initialized doc tracking meeting_id=91281535371
2026-05-01 14:41:25,386 [INFO] Processing meeting.started for meeting_id=91794085757
2026-05-01 14:41:25,521 [WARNING] No Salesforce record for meeting_id=91794085757
2026-05-01 14:41:25,521 [WARNING] Skipping meeting_id=91794085757 — no Salesforce match
2026-05-01 14:43:10,268 [INFO] Processing meeting.started for meeting_id=99391473089
2026-05-01 14:43:10,404 [WARNING] No Salesforce record for meeting_id=99391473089
2026-05-01 14:43:10,405 [WARNING] Skipping meeting_id=99391473089 — no Salesforce match
2026-05-01 14:46:20,136 [INFO] Processing meeting.started for meeting_id=92807930489
2026-05-01 14:46:20,274 [INFO] Found doc_id=1jDmSUaLD8XohhM_QcWd9EKk0XeKFGye1cmfOE8jlj4o for meeting_id=92807930489
2026-05-01 14:46:20,674 [INFO] Watch registered doc_id=1jDmSUaLD8XohhM_QcWd9EKk0XeKFGye1cmfOE8jlj4o meeting_id=92807930489
2026-05-01 14:46:31,512 [INFO] Temp S3 state created: s3://zoom-automation-bucket/temp/live-doc-history/2026/Month-5/2026-05-01/92807930489/
2026-05-01 14:46:31,515 [INFO] Successfully initialized doc tracking meeting_id=92807930489
2026-05-01 14:46:40,758 [INFO] Processing meeting.started for meeting_id=95156704572
2026-05-01 14:46:40,901 [INFO] Found doc_id=19SkNWtKJdboKydTTUSlmg2dFrbdR0JQ0JgjOKH-x8AE for meeting_id=95156704572
2026-05-01 14:46:41,334 [INFO] Watch registered doc_id=19SkNWtKJdboKydTTUSlmg2dFrbdR0JQ0JgjOKH-x8AE meeting_id=95156704572
2026-05-01 14:46:51,725 [INFO] Temp S3 state created: s3://zoom-automation-bucket/temp/live-doc-history/2026/Month-5/2026-05-01/95156704572/
2026-05-01 14:46:51,728 [INFO] Successfully initialized doc tracking meeting_id=95156704572
2026-05-01 14:47:38,921 [INFO] Processing meeting.started for meeting_id=91274663910
2026-05-01 14:47:39,182 [WARNING] No Salesforce record for meeting_id=91274663910
2026-05-01 14:47:39,182 [WARNING] Skipping meeting_id=91274663910 — no Salesforce match
2026-05-01 14:47:42,177 [INFO] Processing meeting.started for meeting_id=92807930489
2026-05-01 14:47:42,470 [INFO] Found doc_id=1jDmSUaLD8XohhM_QcWd9EKk0XeKFGye1cmfOE8jlj4o for meeting_id=92807930489
2026-05-01 14:47:42,828 [INFO] Watch registered doc_id=1jDmSUaLD8XohhM_QcWd9EKk0XeKFGye1cmfOE8jlj4o meeting_id=92807930489
2026-05-01 14:47:53,101 [INFO] Temp S3 state created: s3://zoom-automation-bucket/temp/live-doc-history/2026/Month-5/2026-05-01/92807930489/
2026-05-01 14:47:53,104 [INFO] Successfully initialized doc tracking meeting_id=92807930489
2026-05-01 14:47:53,264 [INFO] Processing meeting.started for meeting_id=98778457703
2026-05-01 14:47:53,437 [INFO] Found doc_id=1HnrJTaFYEReuXAWuSvbsRnjrK6YWF8XNsMgThGHjrvQ for meeting_id=98778457703
2026-05-01 14:47:53,742 [INFO] Watch registered doc_id=1HnrJTaFYEReuXAWuSvbsRnjrK6YWF8XNsMgThGHjrvQ meeting_id=98778457703
2026-05-01 14:48:03,994 [INFO] Temp S3 state created: s3://zoom-automation-bucket/temp/live-doc-history/2026/Month-5/2026-05-01/98778457703/
2026-05-01 14:48:03,997 [INFO] Successfully initialized doc tracking meeting_id=98778457703
2026-05-01 14:51:56,946 [INFO] Processing meeting.started for meeting_id=91656530194
2026-05-01 14:51:57,093 [INFO] Found doc_id=1L3iQxWiQ2Y65haaKKSZz8LFjGcNZ_hMKVYP9iGtvHgY for meeting_id=91656530194
2026-05-01 14:51:57,460 [INFO] Watch registered doc_id=1L3iQxWiQ2Y65haaKKSZz8LFjGcNZ_hMKVYP9iGtvHgY meeting_id=91656530194
2026-05-01 14:52:07,773 [INFO] Temp S3 state created: s3://zoom-automation-bucket/temp/live-doc-history/2026/Month-5/2026-05-01/91656530194/
2026-05-01 14:52:07,776 [INFO] Successfully initialized doc tracking meeting_id=91656530194
2026-05-01 14:52:38,508 [INFO] Processing meeting.started for meeting_id=97799497835
2026-05-01 14:52:38,631 [INFO] Found doc_id=1UH2PkjTo3_dp3btX7PVJt_RiM3_RAB615NXkOxlUg0E for meeting_id=97799497835
2026-05-01 14:52:38,998 [INFO] Watch registered doc_id=1UH2PkjTo3_dp3btX7PVJt_RiM3_RAB615NXkOxlUg0E meeting_id=97799497835
2026-05-01 14:52:51,192 [INFO] Temp S3 state created: s3://zoom-automation-bucket/temp/live-doc-history/2026/Month-5/2026-05-01/97799497835/
2026-05-01 14:52:51,197 [INFO] Successfully initialized doc tracking meeting_id=97799497835
2026-05-01 14:58:19,033 [INFO] Processing meeting.started for meeting_id=94424238050
2026-05-01 14:58:19,250 [WARNING] No Salesforce record for meeting_id=94424238050
2026-05-01 14:58:19,250 [WARNING] Skipping meeting_id=94424238050 — no Salesforce match
2026-05-01 14:59:11,467 [INFO] Processing meeting.started for meeting_id=95250149338
2026-05-01 14:59:11,585 [WARNING] No Salesforce record for meeting_id=95250149338
2026-05-01 14:59:11,585 [WARNING] Skipping meeting_id=95250149338 — no Salesforce match
2026-05-01 15:00:38,156 [INFO] Processing meeting.started for meeting_id=94488514418
2026-05-01 15:00:38,463 [WARNING] No Salesforce record for meeting_id=94488514418
2026-05-01 15:00:38,463 [WARNING] Skipping meeting_id=94488514418 — no Salesforce match
2026-05-01 15:20:23,791 [INFO] Processing meeting.started for meeting_id=99611514891
2026-05-01 15:20:24,130 [WARNING] No Google_Docs_ID__c for meeting_id=99611514891
2026-05-01 15:24:54,409 [INFO] Processing meeting.started for meeting_id=91398465224
2026-05-01 15:24:54,577 [INFO] Found doc_id=1DAeoCRtifEZ4bG1HfeewntP7PEnzb3L5tGImdKhBwr8 for meeting_id=91398465224
2026-05-01 15:24:54,954 [INFO] Watch registered doc_id=1DAeoCRtifEZ4bG1HfeewntP7PEnzb3L5tGImdKhBwr8 meeting_id=91398465224
2026-05-01 15:25:05,119 [INFO] Temp S3 state created: s3://zoom-automation-bucket/temp/live-doc-history/2026/Month-5/2026-05-01/91398465224/
2026-05-01 15:25:05,121 [INFO] Successfully initialized doc tracking meeting_id=91398465224
2026-05-01 15:25:05,171 [INFO] Processing meeting.started for meeting_id=94471238532
2026-05-01 15:25:05,304 [INFO] Found doc_id=1XMc9D5mV2rFujbL3MMZFV_X6VQvReUHhAE7Nf9Qi37U for meeting_id=94471238532
2026-05-01 15:25:05,666 [INFO] Watch registered doc_id=1XMc9D5mV2rFujbL3MMZFV_X6VQvReUHhAE7Nf9Qi37U meeting_id=94471238532
2026-05-01 15:25:16,578 [INFO] Temp S3 state created: s3://zoom-automation-bucket/temp/live-doc-history/2026/Month-5/2026-05-01/94471238532/
2026-05-01 15:25:16,582 [INFO] Successfully initialized doc tracking meeting_id=94471238532
2026-05-01 15:26:59,867 [INFO] Processing meeting.started for meeting_id=96592438140
2026-05-01 15:27:00,034 [WARNING] No Salesforce record for meeting_id=96592438140
2026-05-01 15:27:00,034 [WARNING] Skipping meeting_id=96592438140 — no Salesforce match
2026-05-01 15:27:14,548 [INFO] Processing meeting.started for meeting_id=92501817735
2026-05-01 15:27:14,691 [WARNING] No Salesforce record for meeting_id=92501817735
2026-05-01 15:27:14,691 [WARNING] Skipping meeting_id=92501817735 — no Salesforce match
2026-05-01 15:28:14,873 [INFO] Processing meeting.started for meeting_id=92867967981
2026-05-01 15:28:15,000 [WARNING] No Salesforce record for meeting_id=92867967981
2026-05-01 15:28:15,000 [WARNING] Skipping meeting_id=92867967981 — no Salesforce match
2026-05-01 15:28:25,551 [INFO] Processing meeting.started for meeting_id=96068295849
2026-05-01 15:28:25,669 [WARNING] No Salesforce record for meeting_id=96068295849
2026-05-01 15:28:25,669 [WARNING] Skipping meeting_id=96068295849 — no Salesforce match
2026-05-01 15:29:47,484 [INFO] Processing meeting.started for meeting_id=98861276854
2026-05-01 15:29:47,623 [WARNING] No Salesforce record for meeting_id=98861276854
2026-05-01 15:29:47,623 [WARNING] Skipping meeting_id=98861276854 — no Salesforce match
2026-05-01 15:30:18,914 [INFO] Processing meeting.started for meeting_id=98983126955
2026-05-01 15:30:19,051 [WARNING] No Salesforce record for meeting_id=98983126955
2026-05-01 15:30:19,051 [WARNING] Skipping meeting_id=98983126955 — no Salesforce match
2026-05-01 15:32:41,415 [INFO] Processing meeting.started for meeting_id=95328473386
2026-05-01 15:32:41,600 [WARNING] No Salesforce record for meeting_id=95328473386
2026-05-01 15:32:41,600 [WARNING] Skipping meeting_id=95328473386 — no Salesforce match
2026-05-01 15:35:01,097 [INFO] Processing meeting.started for meeting_id=97720410340
2026-05-01 15:35:01,233 [WARNING] No Salesforce record for meeting_id=97720410340
2026-05-01 15:35:01,233 [WARNING] Skipping meeting_id=97720410340 — no Salesforce match
2026-05-01 15:36:26,131 [INFO] Processing meeting.started for meeting_id=93764110516
2026-05-01 15:36:26,652 [WARNING] No Salesforce record for meeting_id=93764110516
2026-05-01 15:36:26,653 [WARNING] Skipping meeting_id=93764110516 — no Salesforce match
2026-05-01 15:41:16,283 [INFO] Processing meeting.started for meeting_id=91274663910
2026-05-01 15:41:16,430 [WARNING] No Salesforce record for meeting_id=91274663910
2026-05-01 15:41:16,430 [WARNING] Skipping meeting_id=91274663910 — no Salesforce match
2026-05-01 15:43:54,883 [INFO] Processing meeting.started for meeting_id=98461681489
2026-05-01 15:43:55,028 [INFO] Found doc_id=1LzB8L2j8J8IzCtIz30YZlDsU3qVBsLHgxBQsCwb1d3A for meeting_id=98461681489
2026-05-01 15:43:55,425 [INFO] Watch registered doc_id=1LzB8L2j8J8IzCtIz30YZlDsU3qVBsLHgxBQsCwb1d3A meeting_id=98461681489
2026-05-01 15:44:05,822 [INFO] Temp S3 state created: s3://zoom-automation-bucket/temp/live-doc-history/2026/Month-5/2026-05-01/98461681489/
2026-05-01 15:44:05,825 [INFO] Successfully initialized doc tracking meeting_id=98461681489
2026-05-01 15:45:06,488 [INFO] Processing meeting.started for meeting_id=97436586404
2026-05-01 15:45:06,701 [WARNING] No Salesforce record for meeting_id=97436586404
2026-05-01 15:45:06,701 [WARNING] Skipping meeting_id=97436586404 — no Salesforce match
2026-05-01 15:46:01,483 [INFO] Processing meeting.started for meeting_id=91007737536
2026-05-01 15:46:01,740 [INFO] Found doc_id=1I8FoE9SvoBXHZnLGhF2BLf6MxqK0HdCIean2vAmrSes for meeting_id=91007737536
2026-05-01 15:46:02,083 [INFO] Watch registered doc_id=1I8FoE9SvoBXHZnLGhF2BLf6MxqK0HdCIean2vAmrSes meeting_id=91007737536
2026-05-01 15:46:14,491 [INFO] Temp S3 state created: s3://zoom-automation-bucket/temp/live-doc-history/2026/Month-5/2026-05-01/91007737536/
2026-05-01 15:46:14,493 [INFO] Successfully initialized doc tracking meeting_id=91007737536
2026-05-01 15:46:21,023 [INFO] Processing meeting.started for meeting_id=95072375388
2026-05-01 15:46:21,568 [INFO] Found doc_id=1tt7oaioLoe7wNYu2yG5KORZCBHlN1GBhPXbVqXwIdbo for meeting_id=95072375388
2026-05-01 15:46:22,063 [INFO] Watch registered doc_id=1tt7oaioLoe7wNYu2yG5KORZCBHlN1GBhPXbVqXwIdbo meeting_id=95072375388
2026-05-01 15:46:34,751 [INFO] Temp S3 state created: s3://zoom-automation-bucket/temp/live-doc-history/2026/Month-5/2026-05-01/95072375388/
2026-05-01 15:46:34,754 [INFO] Successfully initialized doc tracking meeting_id=95072375388
2026-05-01 15:50:13,279 [INFO] Processing meeting.started for meeting_id=93616199342
2026-05-01 15:50:13,433 [INFO] Found doc_id=1G-WujJdpFh02-8-j-HCy_6zDMUHZRitV2Rz7mIwR8cw for meeting_id=93616199342
2026-05-01 15:50:13,833 [INFO] Watch registered doc_id=1G-WujJdpFh02-8-j-HCy_6zDMUHZRitV2Rz7mIwR8cw meeting_id=93616199342
2026-05-01 15:50:24,891 [INFO] Temp S3 state created: s3://zoom-automation-bucket/temp/live-doc-history/2026/Month-5/2026-05-01/93616199342/
2026-05-01 15:50:24,894 [INFO] Successfully initialized doc tracking meeting_id=93616199342
2026-05-01 15:50:24,978 [INFO] Processing meeting.started for meeting_id=93807395531
2026-05-01 15:50:25,105 [INFO] Found doc_id=1exncEhXAfSd9Kb9tUKt4i-3wxwE23pSR5_j1i_ewXfI for meeting_id=93807395531
2026-05-01 15:50:25,575 [INFO] Watch registered doc_id=1exncEhXAfSd9Kb9tUKt4i-3wxwE23pSR5_j1i_ewXfI meeting_id=93807395531
2026-05-01 15:50:36,876 [INFO] Temp S3 state created: s3://zoom-automation-bucket/temp/live-doc-history/2026/Month-5/2026-05-01/93807395531/
2026-05-01 15:50:36,879 [INFO] Successfully initialized doc tracking meeting_id=93807395531
2026-05-01 15:51:27,576 [INFO] Processing meeting.started for meeting_id=95488410650
2026-05-01 15:51:27,730 [INFO] Found doc_id=1ENo0Zw_COrUlqBTuRg41deL8eFDI1YMW2GDbM0zfFq8 for meeting_id=95488410650
2026-05-01 15:51:28,104 [INFO] Watch registered doc_id=1ENo0Zw_COrUlqBTuRg41deL8eFDI1YMW2GDbM0zfFq8 meeting_id=95488410650
2026-05-01 15:51:38,597 [INFO] Temp S3 state created: s3://zoom-automation-bucket/temp/live-doc-history/2026/Month-5/2026-05-01/95488410650/
2026-05-01 15:51:38,600 [INFO] Successfully initialized doc tracking meeting_id=95488410650
2026-05-01 15:51:38,653 [INFO] Processing meeting.started for meeting_id=91839786632
2026-05-01 15:51:38,780 [INFO] Found doc_id=1RqRG1ZMVJneP0riHXGQ4RBNSazya6n5xZX6Ya6hnvsQ for meeting_id=91839786632
2026-05-01 15:51:39,190 [INFO] Watch registered doc_id=1RqRG1ZMVJneP0riHXGQ4RBNSazya6n5xZX6Ya6hnvsQ meeting_id=91839786632
2026-05-01 15:51:49,482 [INFO] Temp S3 state created: s3://zoom-automation-bucket/temp/live-doc-history/2026/Month-5/2026-05-01/91839786632/
2026-05-01 15:51:49,484 [INFO] Successfully initialized doc tracking meeting_id=91839786632
2026-05-01 15:53:19,079 [INFO] Processing meeting.started for meeting_id=93616199342
2026-05-01 15:53:19,247 [INFO] Found doc_id=1G-WujJdpFh02-8-j-HCy_6zDMUHZRitV2Rz7mIwR8cw for meeting_id=93616199342
2026-05-01 15:53:19,693 [INFO] Watch registered doc_id=1G-WujJdpFh02-8-j-HCy_6zDMUHZRitV2Rz7mIwR8cw meeting_id=93616199342
2026-05-01 15:53:31,609 [INFO] Temp S3 state created: s3://zoom-automation-bucket/temp/live-doc-history/2026/Month-5/2026-05-01/93616199342/
2026-05-01 15:53:31,612 [INFO] Successfully initialized doc tracking meeting_id=93616199342
2026-05-01 15:53:35,512 [INFO] Processing meeting.started for meeting_id=95911614952
2026-05-01 15:53:35,696 [INFO] Found doc_id=1lj1V6IVEMUXAVx1Aj-LJvRwwff2DjOcTLGGEgo7RjTI for meeting_id=95911614952
2026-05-01 15:53:36,065 [INFO] Watch registered doc_id=1lj1V6IVEMUXAVx1Aj-LJvRwwff2DjOcTLGGEgo7RjTI meeting_id=95911614952
2026-05-01 15:53:48,167 [INFO] Temp S3 state created: s3://zoom-automation-bucket/temp/live-doc-history/2026/Month-5/2026-05-01/95911614952/
2026-05-01 15:53:48,170 [INFO] Successfully initialized doc tracking meeting_id=95911614952
2026-05-01 15:53:48,212 [INFO] Processing meeting.started for meeting_id=95488410650
2026-05-01 15:53:48,329 [INFO] Found doc_id=1ENo0Zw_COrUlqBTuRg41deL8eFDI1YMW2GDbM0zfFq8 for meeting_id=95488410650
2026-05-01 15:53:48,672 [INFO] Watch registered doc_id=1ENo0Zw_COrUlqBTuRg41deL8eFDI1YMW2GDbM0zfFq8 meeting_id=95488410650
2026-05-01 15:54:00,650 [INFO] Temp S3 state created: s3://zoom-automation-bucket/temp/live-doc-history/2026/Month-5/2026-05-01/95488410650/
2026-05-01 15:54:00,653 [INFO] Successfully initialized doc tracking meeting_id=95488410650
2026-05-01 15:56:20,933 [INFO] Processing meeting.started for meeting_id=91943941058
2026-05-01 15:56:21,143 [WARNING] No Salesforce record for meeting_id=91943941058
2026-05-01 15:56:21,143 [WARNING] Skipping meeting_id=91943941058 — no Salesforce match
2026-05-01 15:57:32,653 [INFO] Processing meeting.started for meeting_id=95912826253
2026-05-01 15:57:33,092 [WARNING] No Salesforce record for meeting_id=95912826253
2026-05-01 15:57:33,092 [WARNING] Skipping meeting_id=95912826253 — no Salesforce match
2026-05-01 15:58:51,329 [INFO] Processing meeting.started for meeting_id=97655648300
2026-05-01 15:58:51,517 [INFO] Found doc_id=10SSHsrWz_5uDo2lgZA1Yz1gdQ8HMmWuHxvYX-aPBbZc for meeting_id=97655648300
2026-05-01 15:58:51,896 [INFO] Watch registered doc_id=10SSHsrWz_5uDo2lgZA1Yz1gdQ8HMmWuHxvYX-aPBbZc meeting_id=97655648300
2026-05-01 15:59:02,188 [INFO] Temp S3 state created: s3://zoom-automation-bucket/temp/live-doc-history/2026/Month-5/2026-05-01/97655648300/
2026-05-01 15:59:02,191 [INFO] Successfully initialized doc tracking meeting_id=97655648300
2026-05-01 16:01:08,221 [INFO] Processing meeting.started for meeting_id=98861276854
2026-05-01 16:01:08,339 [WARNING] No Salesforce record for meeting_id=98861276854
2026-05-01 16:01:08,340 [WARNING] Skipping meeting_id=98861276854 — no Salesforce match
2026-05-01 16:02:04,338 [INFO] Processing meeting.started for meeting_id=98504487892
2026-05-01 16:02:04,483 [WARNING] No Salesforce record for meeting_id=98504487892
2026-05-01 16:02:04,483 [WARNING] Skipping meeting_id=98504487892 — no Salesforce match
2026-05-01 16:05:12,403 [INFO] Processing meeting.started for meeting_id=95772896839
2026-05-01 16:05:12,555 [WARNING] No Salesforce record for meeting_id=95772896839
2026-05-01 16:05:12,556 [WARNING] Skipping meeting_id=95772896839 — no Salesforce match
2026-05-01 16:05:26,915 [INFO] Processing meeting.started for meeting_id=95149908142
2026-05-01 16:05:27,101 [INFO] Found doc_id=1cWGNpcayEszpKisatZgFFyLElUPUE7D7bXBwjGzK4Mo for meeting_id=95149908142
2026-05-01 16:05:27,442 [INFO] Watch registered doc_id=1cWGNpcayEszpKisatZgFFyLElUPUE7D7bXBwjGzK4Mo meeting_id=95149908142
2026-05-01 16:05:38,673 [INFO] Temp S3 state created: s3://zoom-automation-bucket/temp/live-doc-history/2026/Month-5/2026-05-01/95149908142/
2026-05-01 16:05:38,676 [INFO] Successfully initialized doc tracking meeting_id=95149908142
2026-05-01 16:14:40,372 [INFO] Processing meeting.started for meeting_id=94090616639
2026-05-01 16:14:40,530 [WARNING] No Google_Docs_ID__c for meeting_id=94090616639
2026-05-01 16:14:45,409 [INFO] Processing meeting.started for meeting_id=99844736473
2026-05-01 16:14:45,498 [INFO] Found doc_id=1JQ86p54hwBHGxWd7RbEP8TbzI9-ttZ3Jifvp5QfZfTA for meeting_id=99844736473
2026-05-01 16:14:45,820 [INFO] Watch registered doc_id=1JQ86p54hwBHGxWd7RbEP8TbzI9-ttZ3Jifvp5QfZfTA meeting_id=99844736473
2026-05-01 16:14:55,884 [INFO] Temp S3 state created: s3://zoom-automation-bucket/temp/live-doc-history/2026/Month-5/2026-05-01/99844736473/
2026-05-01 16:14:55,888 [INFO] Successfully initialized doc tracking meeting_id=99844736473
2026-05-01 16:16:58,191 [INFO] Processing meeting.started for meeting_id=93580846773
2026-05-01 16:16:58,383 [WARNING] No Salesforce record for meeting_id=93580846773
2026-05-01 16:16:58,383 [WARNING] Skipping meeting_id=93580846773 — no Salesforce match
2026-05-01 16:23:47,755 [INFO] Processing meeting.started for meeting_id=97610466777
2026-05-01 16:23:47,993 [INFO] Found doc_id=1Bp3ljm6wPGq5nL5mN7_IVLEGtAaB22mQHTal1vf1E_0 for meeting_id=97610466777
2026-05-01 16:23:48,404 [INFO] Watch registered doc_id=1Bp3ljm6wPGq5nL5mN7_IVLEGtAaB22mQHTal1vf1E_0 meeting_id=97610466777
2026-05-01 16:24:00,906 [INFO] Temp S3 state created: s3://zoom-automation-bucket/temp/live-doc-history/2026/Month-5/2026-05-01/97610466777/
2026-05-01 16:24:00,908 [INFO] Successfully initialized doc tracking meeting_id=97610466777
2026-05-01 16:25:54,563 [INFO] Processing meeting.started for meeting_id=94087103022
2026-05-01 16:25:54,848 [INFO] Found doc_id=12E9AY7AqlCgJSxKc5L4zDkZVg6_EHkArcY5FI27NsSA for meeting_id=94087103022
2026-05-01 16:25:55,222 [INFO] Watch registered doc_id=12E9AY7AqlCgJSxKc5L4zDkZVg6_EHkArcY5FI27NsSA meeting_id=94087103022
2026-05-01 16:26:07,386 [INFO] Temp S3 state created: s3://zoom-automation-bucket/temp/live-doc-history/2026/Month-5/2026-05-01/94087103022/
2026-05-01 16:26:07,389 [INFO] Successfully initialized doc tracking meeting_id=94087103022
2026-05-01 16:28:41,826 [INFO] Processing meeting.started for meeting_id=91794085757
2026-05-01 16:28:41,982 [WARNING] No Salesforce record for meeting_id=91794085757
2026-05-01 16:28:41,982 [WARNING] Skipping meeting_id=91794085757 — no Salesforce match
2026-05-01 16:28:45,825 [INFO] Processing meeting.started for meeting_id=97292582901
2026-05-01 16:28:45,958 [WARNING] No Salesforce record for meeting_id=97292582901
2026-05-01 16:28:45,958 [WARNING] Skipping meeting_id=97292582901 — no Salesforce match
2026-05-01 16:29:40,539 [INFO] Processing meeting.started for meeting_id=94483879140
2026-05-01 16:29:41,158 [INFO] Found doc_id=1FWPjPxe7zB0tXdV9huC2LyCexmp-4rX6G0SYsHyY6m4 for meeting_id=94483879140
2026-05-01 16:29:41,579 [INFO] Watch registered doc_id=1FWPjPxe7zB0tXdV9huC2LyCexmp-4rX6G0SYsHyY6m4 meeting_id=94483879140
2026-05-01 16:29:52,055 [INFO] Temp S3 state created: s3://zoom-automation-bucket/temp/live-doc-history/2026/Month-5/2026-05-01/94483879140/
2026-05-01 16:29:52,057 [INFO] Successfully initialized doc tracking meeting_id=94483879140
2026-05-01 16:30:57,338 [INFO] Processing meeting.started for meeting_id=94483879140
2026-05-01 16:30:57,470 [INFO] Found doc_id=1FWPjPxe7zB0tXdV9huC2LyCexmp-4rX6G0SYsHyY6m4 for meeting_id=94483879140
2026-05-01 16:30:57,869 [INFO] Watch registered doc_id=1FWPjPxe7zB0tXdV9huC2LyCexmp-4rX6G0SYsHyY6m4 meeting_id=94483879140
2026-05-01 16:31:10,380 [INFO] Temp S3 state created: s3://zoom-automation-bucket/temp/live-doc-history/2026/Month-5/2026-05-01/94483879140/
2026-05-01 16:31:10,383 [INFO] Successfully initialized doc tracking meeting_id=94483879140
2026-05-01 16:43:38,800 [INFO] Processing meeting.started for meeting_id=96870476869
2026-05-01 16:43:39,012 [WARNING] No Google_Docs_ID__c for meeting_id=96870476869
2026-05-01 16:44:24,910 [INFO] Processing meeting.started for meeting_id=92832209600
2026-05-01 16:44:25,044 [INFO] Found doc_id=1omC_b8VUxawq2Q3F27gJxwbf-MUvq8sq6oTtlVELoOU for meeting_id=92832209600
2026-05-01 16:44:25,376 [INFO] Watch registered doc_id=1omC_b8VUxawq2Q3F27gJxwbf-MUvq8sq6oTtlVELoOU meeting_id=92832209600
2026-05-01 16:44:36,104 [INFO] Temp S3 state created: s3://zoom-automation-bucket/temp/live-doc-history/2026/Month-5/2026-05-01/92832209600/
2026-05-01 16:44:36,107 [INFO] Successfully initialized doc tracking meeting_id=92832209600
2026-05-01 16:45:53,554 [INFO] Processing meeting.started for meeting_id=92590270298
2026-05-01 16:45:53,674 [INFO] Found doc_id=1KXOK4VOPVzVAP7HD71JL7JDRVub0XY3xUDuDGTQQoC8 for meeting_id=92590270298
2026-05-01 16:45:54,083 [INFO] Watch registered doc_id=1KXOK4VOPVzVAP7HD71JL7JDRVub0XY3xUDuDGTQQoC8 meeting_id=92590270298
2026-05-01 16:46:06,876 [INFO] Temp S3 state created: s3://zoom-automation-bucket/temp/live-doc-history/2026/Month-5/2026-05-01/92590270298/
2026-05-01 16:46:06,879 [INFO] Successfully initialized doc tracking meeting_id=92590270298
2026-05-01 16:49:14,627 [INFO] Processing meeting.started for meeting_id=93089342274
2026-05-01 16:49:14,757 [INFO] Found doc_id=1tctQg0FOWzrxarUBw-nyvGc0O7vLhlsMVBUsnJCXLKk for meeting_id=93089342274
2026-05-01 16:49:15,273 [INFO] Watch registered doc_id=1tctQg0FOWzrxarUBw-nyvGc0O7vLhlsMVBUsnJCXLKk meeting_id=93089342274
2026-05-01 16:49:26,759 [INFO] Temp S3 state created: s3://zoom-automation-bucket/temp/live-doc-history/2026/Month-5/2026-05-01/93089342274/
2026-05-01 16:49:26,761 [INFO] Successfully initialized doc tracking meeting_id=93089342274
2026-05-01 16:52:49,829 [INFO] Processing meeting.started for meeting_id=98124843511
2026-05-01 16:52:49,991 [INFO] Found doc_id=1ptiZyxe2UPpwuu4VTzpUXNTLlP-hMhtoMwptWqRD2Xc for meeting_id=98124843511
2026-05-01 16:52:50,369 [INFO] Watch registered doc_id=1ptiZyxe2UPpwuu4VTzpUXNTLlP-hMhtoMwptWqRD2Xc meeting_id=98124843511
2026-05-01 16:53:00,791 [INFO] Temp S3 state created: s3://zoom-automation-bucket/temp/live-doc-history/2026/Month-5/2026-05-01/98124843511/
2026-05-01 16:53:00,793 [INFO] Successfully initialized doc tracking meeting_id=98124843511
2026-05-01 17:00:18,195 [INFO] Processing meeting.started for meeting_id=95493758504
2026-05-01 17:00:18,426 [WARNING] No Salesforce record for meeting_id=95493758504
2026-05-01 17:00:18,426 [WARNING] Skipping meeting_id=95493758504 — no Salesforce match
2026-05-01 17:01:00,977 [INFO] Processing meeting.started for meeting_id=98083367304
2026-05-01 17:01:01,183 [WARNING] No Salesforce record for meeting_id=98083367304
2026-05-01 17:01:01,183 [WARNING] Skipping meeting_id=98083367304 — no Salesforce match
2026-05-01 17:01:07,230 [INFO] Processing meeting.started for meeting_id=94153120092
2026-05-01 17:01:07,374 [WARNING] No Salesforce record for meeting_id=94153120092
2026-05-01 17:01:07,374 [WARNING] Skipping meeting_id=94153120092 — no Salesforce match
2026-05-01 17:03:13,492 [INFO] Processing meeting.started for meeting_id=96479133801
2026-05-01 17:03:13,631 [INFO] Found doc_id=1oD8RhPwR9B1yLpyi6wGI1y7YatZfoEtVlGVPIWtoPQM for meeting_id=96479133801
2026-05-01 17:03:13,989 [INFO] Watch registered doc_id=1oD8RhPwR9B1yLpyi6wGI1y7YatZfoEtVlGVPIWtoPQM meeting_id=96479133801
2026-05-01 17:03:26,069 [INFO] Temp S3 state created: s3://zoom-automation-bucket/temp/live-doc-history/2026/Month-5/2026-05-01/96479133801/
2026-05-01 17:03:26,071 [INFO] Successfully initialized doc tracking meeting_id=96479133801
2026-05-01 17:07:35,295 [INFO] Processing meeting.started for meeting_id=92905940107
2026-05-01 17:07:35,739 [WARNING] No Salesforce record for meeting_id=92905940107
2026-05-01 17:07:35,739 [WARNING] Skipping meeting_id=92905940107 — no Salesforce match
2026-05-01 17:19:20,867 [INFO] Processing meeting.started for meeting_id=99039924107
2026-05-01 17:19:21,084 [INFO] Found doc_id=1t9Cv8c37BIY3FFGnX3H00HMYfdaEcODnuuqYqEjhYA4 for meeting_id=99039924107
2026-05-01 17:19:21,475 [INFO] Watch registered doc_id=1t9Cv8c37BIY3FFGnX3H00HMYfdaEcODnuuqYqEjhYA4 meeting_id=99039924107
2026-05-01 17:19:31,533 [INFO] Temp S3 state created: s3://zoom-automation-bucket/temp/live-doc-history/2026/Month-5/2026-05-01/99039924107/
2026-05-01 17:19:31,536 [INFO] Successfully initialized doc tracking meeting_id=99039924107
2026-05-01 17:20:15,087 [INFO] Processing meeting.started for meeting_id=99810841787
2026-05-01 17:20:15,201 [INFO] Found doc_id=1o-aZ0gPhfNuhbdpRSaUXF28fWLzUAFiCZPdPknMrXFE for meeting_id=99810841787
2026-05-01 17:20:15,633 [INFO] Watch registered doc_id=1o-aZ0gPhfNuhbdpRSaUXF28fWLzUAFiCZPdPknMrXFE meeting_id=99810841787
2026-05-01 17:20:27,639 [INFO] Temp S3 state created: s3://zoom-automation-bucket/temp/live-doc-history/2026/Month-5/2026-05-01/99810841787/
2026-05-01 17:20:27,642 [INFO] Successfully initialized doc tracking meeting_id=99810841787
2026-05-01 17:20:49,440 [INFO] Processing meeting.started for meeting_id=97469542949
2026-05-01 17:20:49,525 [INFO] Found doc_id=1pFre-iniSVEaLd-LEztw_050itZNlg0faMKv-cTnelY for meeting_id=97469542949
2026-05-01 17:20:49,872 [INFO] Watch registered doc_id=1pFre-iniSVEaLd-LEztw_050itZNlg0faMKv-cTnelY meeting_id=97469542949
2026-05-01 17:21:00,689 [INFO] Temp S3 state created: s3://zoom-automation-bucket/temp/live-doc-history/2026/Month-5/2026-05-01/97469542949/
2026-05-01 17:21:00,692 [INFO] Successfully initialized doc tracking meeting_id=97469542949
2026-05-01 17:22:10,219 [INFO] Processing meeting.started for meeting_id=91081840903
2026-05-01 17:22:10,399 [INFO] Found doc_id=1AMBXeLeGOnNZbmzroJu278s9CZsGq7RMYfmRikCzoDA for meeting_id=91081840903
2026-05-01 17:22:10,761 [INFO] Watch registered doc_id=1AMBXeLeGOnNZbmzroJu278s9CZsGq7RMYfmRikCzoDA meeting_id=91081840903
2026-05-01 17:22:21,247 [INFO] Temp S3 state created: s3://zoom-automation-bucket/temp/live-doc-history/2026/Month-5/2026-05-01/91081840903/
2026-05-01 17:22:21,250 [INFO] Successfully initialized doc tracking meeting_id=91081840903
2026-05-01 17:22:26,811 [INFO] Processing meeting.started for meeting_id=93827851501
2026-05-01 17:22:26,933 [INFO] Found doc_id=1AauqeYw93Jsibm7IcXGFq7V4cn6Rcr8jSeaouicDQbI for meeting_id=93827851501
2026-05-01 17:22:27,280 [INFO] Watch registered doc_id=1AauqeYw93Jsibm7IcXGFq7V4cn6Rcr8jSeaouicDQbI meeting_id=93827851501
2026-05-01 17:22:37,706 [INFO] Temp S3 state created: s3://zoom-automation-bucket/temp/live-doc-history/2026/Month-5/2026-05-01/93827851501/
2026-05-01 17:22:37,708 [INFO] Successfully initialized doc tracking meeting_id=93827851501
2026-05-01 17:30:16,181 [INFO] Processing meeting.started for meeting_id=91749977533
2026-05-01 17:30:16,310 [WARNING] No Salesforce record for meeting_id=91749977533
2026-05-01 17:30:16,310 [WARNING] Skipping meeting_id=91749977533 — no Salesforce match
2026-05-01 17:31:57,741 [INFO] Processing meeting.started for meeting_id=97263532800
2026-05-01 17:31:57,855 [WARNING] No Salesforce record for meeting_id=97263532800
2026-05-01 17:31:57,855 [WARNING] Skipping meeting_id=97263532800 — no Salesforce match
2026-05-01 17:38:43,281 [INFO] Processing meeting.started for meeting_id=91749977533
2026-05-01 17:38:43,473 [WARNING] No Salesforce record for meeting_id=91749977533
2026-05-01 17:38:43,473 [WARNING] Skipping meeting_id=91749977533 — no Salesforce match
2026-05-01 17:39:02,692 [INFO] Processing meeting.started for meeting_id=91749977533
2026-05-01 17:39:03,265 [WARNING] No Salesforce record for meeting_id=91749977533
2026-05-01 17:39:03,265 [WARNING] Skipping meeting_id=91749977533 — no Salesforce match
2026-05-01 17:46:17,768 [INFO] Processing meeting.started for meeting_id=99853974549
2026-05-01 17:46:17,905 [INFO] Found doc_id=1PIutrx-pHZxNTmeRd1kLVVF0eSmPbb8PkPm2mfVoGhQ for meeting_id=99853974549
2026-05-01 17:46:18,287 [INFO] Watch registered doc_id=1PIutrx-pHZxNTmeRd1kLVVF0eSmPbb8PkPm2mfVoGhQ meeting_id=99853974549
2026-05-01 17:46:31,279 [INFO] Temp S3 state created: s3://zoom-automation-bucket/temp/live-doc-history/2026/Month-5/2026-05-01/99853974549/
2026-05-01 17:46:31,282 [INFO] Successfully initialized doc tracking meeting_id=99853974549
2026-05-01 17:49:32,157 [INFO] Processing meeting.started for meeting_id=97858357243
2026-05-01 17:49:32,461 [INFO] Found doc_id=1z9tH_56W_IFumz8irTuwnrQax-5Uuk81oisZXLVlupg for meeting_id=97858357243
2026-05-01 17:49:32,836 [INFO] Watch registered doc_id=1z9tH_56W_IFumz8irTuwnrQax-5Uuk81oisZXLVlupg meeting_id=97858357243
2026-05-01 17:49:46,143 [INFO] Temp S3 state created: s3://zoom-automation-bucket/temp/live-doc-history/2026/Month-5/2026-05-01/97858357243/
2026-05-01 17:49:46,146 [INFO] Successfully initialized doc tracking meeting_id=97858357243
2026-05-01 17:49:46,204 [INFO] Processing meeting.started for meeting_id=97849032438
2026-05-01 17:49:46,325 [INFO] Found doc_id=1ff1C03iMtqeMLUaRfxRTF1V42AuOmKQKf6p96kJ1Rv8 for meeting_id=97849032438
2026-05-01 17:49:46,730 [INFO] Watch registered doc_id=1ff1C03iMtqeMLUaRfxRTF1V42AuOmKQKf6p96kJ1Rv8 meeting_id=97849032438
2026-05-01 17:50:00,408 [INFO] Temp S3 state created: s3://zoom-automation-bucket/temp/live-doc-history/2026/Month-5/2026-05-01/97849032438/
2026-05-01 17:50:00,411 [INFO] Successfully initialized doc tracking meeting_id=97849032438
2026-05-01 17:51:55,553 [INFO] Processing meeting.started for meeting_id=95617240830
2026-05-01 17:51:55,703 [INFO] Found doc_id=1D3sHWZA1ZTLZ4DkXBEl7tcLUKS2zz_1r4s0-fWcH2to for meeting_id=95617240830
2026-05-01 17:51:56,079 [INFO] Watch registered doc_id=1D3sHWZA1ZTLZ4DkXBEl7tcLUKS2zz_1r4s0-fWcH2to meeting_id=95617240830
2026-05-01 17:52:08,727 [INFO] Temp S3 state created: s3://zoom-automation-bucket/temp/live-doc-history/2026/Month-5/2026-05-01/95617240830/
2026-05-01 17:52:08,730 [INFO] Successfully initialized doc tracking meeting_id=95617240830
2026-05-01 17:52:13,482 [INFO] Processing meeting.started for meeting_id=92634794958
2026-05-01 17:52:13,608 [WARNING] No Google_Docs_ID__c for meeting_id=92634794958
2026-05-01 17:53:01,902 [INFO] Processing meeting.started for meeting_id=95617240830
2026-05-01 17:53:02,178 [INFO] Found doc_id=1D3sHWZA1ZTLZ4DkXBEl7tcLUKS2zz_1r4s0-fWcH2to for meeting_id=95617240830
2026-05-01 17:53:02,559 [INFO] Watch registered doc_id=1D3sHWZA1ZTLZ4DkXBEl7tcLUKS2zz_1r4s0-fWcH2to meeting_id=95617240830
2026-05-01 17:53:12,951 [INFO] Temp S3 state created: s3://zoom-automation-bucket/temp/live-doc-history/2026/Month-5/2026-05-01/95617240830/
2026-05-01 17:53:12,953 [INFO] Successfully initialized doc tracking meeting_id=95617240830
2026-05-01 18:11:21,551 [INFO] Processing meeting.started for meeting_id=97342511196
2026-05-01 18:11:22,302 [INFO] Found doc_id=1gm0wiOl0pFhsp0eQh25L-TANaYnurBVG8yj-qD-Syf4 for meeting_id=97342511196
2026-05-01 18:11:22,688 [INFO] Watch registered doc_id=1gm0wiOl0pFhsp0eQh25L-TANaYnurBVG8yj-qD-Syf4 meeting_id=97342511196
2026-05-01 18:11:38,232 [INFO] Temp S3 state created: s3://zoom-automation-bucket/temp/live-doc-history/2026/Month-5/2026-05-01/97342511196/
2026-05-01 18:11:38,235 [INFO] Successfully initialized doc tracking meeting_id=97342511196
2026-05-01 18:18:22,543 [INFO] Processing meeting.started for meeting_id=95720024502
2026-05-01 18:18:23,018 [WARNING] No Google_Docs_ID__c for meeting_id=95720024502
2026-05-01 18:22:11,793 [INFO] Processing meeting.started for meeting_id=98678366847
2026-05-01 18:22:12,389 [WARNING] No Salesforce record for meeting_id=98678366847
2026-05-01 18:22:12,390 [WARNING] Skipping meeting_id=98678366847 — no Salesforce match
2026-05-01 18:23:00,717 [INFO] Processing meeting.started for meeting_id=97734808882
2026-05-01 18:23:00,841 [INFO] Found doc_id=17eZ0kz7VfOhgQT02DyzNfYncFhf5nSHBiekD8gmmfDs for meeting_id=97734808882
2026-05-01 18:23:01,187 [INFO] Watch registered doc_id=17eZ0kz7VfOhgQT02DyzNfYncFhf5nSHBiekD8gmmfDs meeting_id=97734808882
2026-05-01 18:23:13,348 [INFO] Temp S3 state created: s3://zoom-automation-bucket/temp/live-doc-history/2026/Month-5/2026-05-01/97734808882/
2026-05-01 18:23:13,350 [INFO] Successfully initialized doc tracking meeting_id=97734808882
2026-05-01 18:25:03,212 [INFO] Processing meeting.started for meeting_id=96856268534
2026-05-01 18:25:03,410 [INFO] Found doc_id=1Ggwh9cYQGC7lAoAOBFfJ47KmsBR1jDOFqnMqeAmS-bk for meeting_id=96856268534
2026-05-01 18:25:03,787 [INFO] Watch registered doc_id=1Ggwh9cYQGC7lAoAOBFfJ47KmsBR1jDOFqnMqeAmS-bk meeting_id=96856268534
2026-05-01 18:25:14,141 [INFO] Temp S3 state created: s3://zoom-automation-bucket/temp/live-doc-history/2026/Month-5/2026-05-01/96856268534/
2026-05-01 18:25:14,144 [INFO] Successfully initialized doc tracking meeting_id=96856268534
2026-05-01 18:25:20,699 [INFO] Processing meeting.started for meeting_id=93227014555
2026-05-01 18:25:20,818 [WARNING] No Salesforce record for meeting_id=93227014555
2026-05-01 18:25:20,819 [WARNING] Skipping meeting_id=93227014555 — no Salesforce match
2026-05-01 18:27:56,694 [INFO] Processing meeting.started for meeting_id=94055542434
2026-05-01 18:27:56,801 [WARNING] No Salesforce record for meeting_id=94055542434
2026-05-01 18:27:56,801 [WARNING] Skipping meeting_id=94055542434 — no Salesforce match
2026-05-01 18:28:49,780 [INFO] Processing meeting.started for meeting_id=93783697441
2026-05-01 18:28:50,332 [WARNING] No Salesforce record for meeting_id=93783697441
2026-05-01 18:28:50,333 [WARNING] Skipping meeting_id=93783697441 — no Salesforce match
2026-05-01 18:31:07,159 [INFO] Processing meeting.started for meeting_id=96851055032
2026-05-01 18:31:07,274 [WARNING] No Salesforce record for meeting_id=96851055032
2026-05-01 18:31:07,275 [WARNING] Skipping meeting_id=96851055032 — no Salesforce match
2026-05-01 18:33:28,956 [INFO] Processing meeting.started for meeting_id=91794085757
2026-05-01 18:33:29,110 [WARNING] No Salesforce record for meeting_id=91794085757
2026-05-01 18:33:29,110 [WARNING] Skipping meeting_id=91794085757 — no Salesforce match
2026-05-01 18:38:46,659 [INFO] Processing meeting.started for meeting_id=93435659640
2026-05-01 18:38:46,777 [WARNING] No Salesforce record for meeting_id=93435659640
2026-05-01 18:38:46,777 [WARNING] Skipping meeting_id=93435659640 — no Salesforce match
2026-05-01 18:40:11,951 [INFO] Processing meeting.started for meeting_id=99391473089
2026-05-01 18:40:12,104 [WARNING] No Salesforce record for meeting_id=99391473089
2026-05-01 18:40:12,104 [WARNING] Skipping meeting_id=99391473089 — no Salesforce match
2026-05-01 18:45:24,559 [INFO] Processing meeting.started for meeting_id=94205069018
2026-05-01 18:45:24,684 [WARNING] No Google_Docs_ID__c for meeting_id=94205069018
2026-05-01 18:48:51,057 [INFO] Processing meeting.started for meeting_id=97327055417
2026-05-01 18:48:51,383 [INFO] Found doc_id=1aKXiCu20_mx6ZoL_qDvyIp9ZkrY9w7BMe3z3Iu0W620 for meeting_id=97327055417
2026-05-01 18:48:51,804 [INFO] Watch registered doc_id=1aKXiCu20_mx6ZoL_qDvyIp9ZkrY9w7BMe3z3Iu0W620 meeting_id=97327055417
2026-05-01 18:49:02,251 [INFO] Temp S3 state created: s3://zoom-automation-bucket/temp/live-doc-history/2026/Month-5/2026-05-01/97327055417/
2026-05-01 18:49:02,253 [INFO] Successfully initialized doc tracking meeting_id=97327055417
2026-05-01 18:51:32,948 [INFO] Processing meeting.started for meeting_id=97797743987
2026-05-01 18:51:33,074 [INFO] Found doc_id=1Bc6S48Cwcb4bAlD8K4OcfjkgrhaB4s6NM0dUtD0C4ig for meeting_id=97797743987
2026-05-01 18:51:33,475 [INFO] Watch registered doc_id=1Bc6S48Cwcb4bAlD8K4OcfjkgrhaB4s6NM0dUtD0C4ig meeting_id=97797743987
2026-05-01 18:51:45,820 [INFO] Temp S3 state created: s3://zoom-automation-bucket/temp/live-doc-history/2026/Month-5/2026-05-01/97797743987/
2026-05-01 18:51:45,823 [INFO] Successfully initialized doc tracking meeting_id=97797743987
2026-05-01 18:52:41,442 [INFO] Processing meeting.started for meeting_id=99556045703
2026-05-01 18:52:41,537 [INFO] Found doc_id=13cwVXutrLBIOIGanV5HP0siryvGcbZophyCJVmhLfdo for meeting_id=99556045703
2026-05-01 18:52:41,887 [INFO] Watch registered doc_id=13cwVXutrLBIOIGanV5HP0siryvGcbZophyCJVmhLfdo meeting_id=99556045703
2026-05-01 18:52:53,339 [INFO] Temp S3 state created: s3://zoom-automation-bucket/temp/live-doc-history/2026/Month-5/2026-05-01/99556045703/
2026-05-01 18:52:53,342 [INFO] Successfully initialized doc tracking meeting_id=99556045703
2026-05-01 18:54:44,152 [INFO] Processing meeting.started for meeting_id=99889869565
2026-05-01 18:54:44,286 [WARNING] No Salesforce record for meeting_id=99889869565
2026-05-01 18:54:44,286 [WARNING] Skipping meeting_id=99889869565 — no Salesforce match
2026-05-01 18:57:14,618 [INFO] Processing meeting.started for meeting_id=2477761823
2026-05-01 18:57:14,759 [WARNING] No Salesforce record for meeting_id=2477761823
2026-05-01 18:57:14,760 [WARNING] Skipping meeting_id=2477761823 — no Salesforce match
2026-05-01 19:01:12,274 [INFO] Processing meeting.started for meeting_id=92211696901
2026-05-01 19:01:12,575 [WARNING] No Salesforce record for meeting_id=92211696901
2026-05-01 19:01:12,575 [WARNING] Skipping meeting_id=92211696901 — no Salesforce match
2026-05-01 19:04:12,879 [INFO] Processing meeting.started for meeting_id=93884885636
2026-05-01 19:04:12,993 [INFO] Found doc_id=1XkKQoZaGegu2Q73CTRayquBGJkUNHGAVBccM5dh0QsA for meeting_id=93884885636
2026-05-01 19:04:13,477 [INFO] Watch registered doc_id=1XkKQoZaGegu2Q73CTRayquBGJkUNHGAVBccM5dh0QsA meeting_id=93884885636
2026-05-01 19:04:23,963 [INFO] Temp S3 state created: s3://zoom-automation-bucket/temp/live-doc-history/2026/Month-5/2026-05-01/93884885636/
2026-05-01 19:04:23,965 [INFO] Successfully initialized doc tracking meeting_id=93884885636
2026-05-01 19:04:33,353 [INFO] Processing meeting.started for meeting_id=97825751112
2026-05-01 19:04:33,451 [WARNING] No Salesforce record for meeting_id=97825751112
2026-05-01 19:04:33,451 [WARNING] Skipping meeting_id=97825751112 — no Salesforce match
2026-05-01 19:09:38,512 [INFO] Processing meeting.started for meeting_id=94567071274
2026-05-01 19:09:38,709 [INFO] Found doc_id=1UJda6_yJ57QfDTqH13n5rKch-jjQy-FX4a3fcML5fvI for meeting_id=94567071274
2026-05-01 19:09:39,285 [INFO] Watch registered doc_id=1UJda6_yJ57QfDTqH13n5rKch-jjQy-FX4a3fcML5fvI meeting_id=94567071274
2026-05-01 19:09:49,978 [INFO] Temp S3 state created: s3://zoom-automation-bucket/temp/live-doc-history/2026/Month-5/2026-05-01/94567071274/
2026-05-01 19:09:49,981 [INFO] Successfully initialized doc tracking meeting_id=94567071274
2026-05-01 19:19:08,803 [INFO] Processing meeting.started for meeting_id=97258126276
2026-05-01 19:19:09,071 [INFO] Found doc_id=1APw26Y0KZ7PEo32TPqzOla-M1u9nyfkEbTNufqI8-yw for meeting_id=97258126276
2026-05-01 19:19:09,441 [INFO] Watch registered doc_id=1APw26Y0KZ7PEo32TPqzOla-M1u9nyfkEbTNufqI8-yw meeting_id=97258126276
2026-05-01 19:19:19,899 [INFO] Temp S3 state created: s3://zoom-automation-bucket/temp/live-doc-history/2026/Month-5/2026-05-01/97258126276/
2026-05-01 19:19:19,903 [INFO] Successfully initialized doc tracking meeting_id=97258126276
2026-05-01 19:20:11,080 [INFO] Processing meeting.started for meeting_id=94567071274
2026-05-01 19:20:11,218 [INFO] Found doc_id=1UJda6_yJ57QfDTqH13n5rKch-jjQy-FX4a3fcML5fvI for meeting_id=94567071274
2026-05-01 19:20:11,590 [INFO] Watch registered doc_id=1UJda6_yJ57QfDTqH13n5rKch-jjQy-FX4a3fcML5fvI meeting_id=94567071274
2026-05-01 19:20:23,018 [INFO] Temp S3 state created: s3://zoom-automation-bucket/temp/live-doc-history/2026/Month-5/2026-05-01/94567071274/
2026-05-01 19:20:23,021 [INFO] Successfully initialized doc tracking meeting_id=94567071274
2026-05-01 19:22:53,896 [INFO] Processing meeting.started for meeting_id=96127984318
2026-05-01 19:22:54,072 [INFO] Found doc_id=1Bdqx9ecqTqWO8fa9ibJLNDNOUX9Ydhfk9N2jwMRZ3Kk for meeting_id=96127984318
2026-05-01 19:22:54,436 [INFO] Watch registered doc_id=1Bdqx9ecqTqWO8fa9ibJLNDNOUX9Ydhfk9N2jwMRZ3Kk meeting_id=96127984318
2026-05-01 19:23:06,206 [INFO] Temp S3 state created: s3://zoom-automation-bucket/temp/live-doc-history/2026/Month-5/2026-05-01/96127984318/
2026-05-01 19:23:06,209 [INFO] Successfully initialized doc tracking meeting_id=96127984318
2026-05-01 19:26:27,827 [INFO] Processing meeting.started for meeting_id=96541679411
2026-05-01 19:26:27,980 [INFO] Found doc_id=1am9KmvF-yQadoQMTlo2mLkVV9wj7eWndtOJT5a2XTXo for meeting_id=96541679411
2026-05-01 19:26:28,280 [INFO] Watch registered doc_id=1am9KmvF-yQadoQMTlo2mLkVV9wj7eWndtOJT5a2XTXo meeting_id=96541679411
2026-05-01 19:26:39,791 [INFO] Temp S3 state created: s3://zoom-automation-bucket/temp/live-doc-history/2026/Month-5/2026-05-01/96541679411/
2026-05-01 19:26:39,793 [INFO] Successfully initialized doc tracking meeting_id=96541679411
2026-05-01 19:29:47,248 [INFO] Processing meeting.started for meeting_id=95153870859
2026-05-01 19:29:47,424 [WARNING] No Salesforce record for meeting_id=95153870859
2026-05-01 19:29:47,424 [WARNING] Skipping meeting_id=95153870859 — no Salesforce match
2026-05-01 19:30:32,484 [INFO] Processing meeting.started for meeting_id=92137597068
2026-05-01 19:30:32,752 [WARNING] No Salesforce record for meeting_id=92137597068
2026-05-01 19:30:32,752 [WARNING] Skipping meeting_id=92137597068 — no Salesforce match
2026-05-01 19:30:40,236 [INFO] Processing meeting.started for meeting_id=95239933222
2026-05-01 19:30:40,406 [WARNING] No Salesforce record for meeting_id=95239933222
2026-05-01 19:30:40,406 [WARNING] Skipping meeting_id=95239933222 — no Salesforce match
2026-05-01 19:31:59,848 [INFO] Processing meeting.started for meeting_id=93435659640
2026-05-01 19:32:00,079 [WARNING] No Salesforce record for meeting_id=93435659640
2026-05-01 19:32:00,079 [WARNING] Skipping meeting_id=93435659640 — no Salesforce match
2026-05-01 19:32:55,904 [INFO] Processing meeting.started for meeting_id=93074242032
2026-05-01 19:32:56,051 [WARNING] No Salesforce record for meeting_id=93074242032
2026-05-01 19:32:56,051 [WARNING] Skipping meeting_id=93074242032 — no Salesforce match
2026-05-01 19:36:00,105 [INFO] Processing meeting.started for meeting_id=99318043441
2026-05-01 19:36:00,333 [WARNING] No Salesforce record for meeting_id=99318043441
2026-05-01 19:36:00,333 [WARNING] Skipping meeting_id=99318043441 — no Salesforce match
2026-05-01 19:40:13,441 [INFO] Processing meeting.started for meeting_id=98901738015
2026-05-01 19:40:13,651 [WARNING] No Salesforce record for meeting_id=98901738015
2026-05-01 19:40:13,651 [WARNING] Skipping meeting_id=98901738015 — no Salesforce match
2026-05-01 19:44:21,771 [INFO] Processing meeting.started for meeting_id=91801361065
2026-05-01 19:44:21,915 [INFO] Found doc_id=18ki6VZhodT4X-6R-WQvw8tCedMK8_rzW2JvTUGSO0rU for meeting_id=91801361065
2026-05-01 19:44:22,266 [INFO] Watch registered doc_id=18ki6VZhodT4X-6R-WQvw8tCedMK8_rzW2JvTUGSO0rU meeting_id=91801361065
2026-05-01 19:44:33,109 [INFO] Temp S3 state created: s3://zoom-automation-bucket/temp/live-doc-history/2026/Month-5/2026-05-01/91801361065/
2026-05-01 19:44:33,112 [INFO] Successfully initialized doc tracking meeting_id=91801361065
2026-05-01 19:44:33,175 [INFO] Processing meeting.started for meeting_id=92211696901
2026-05-01 19:44:33,671 [WARNING] No Salesforce record for meeting_id=92211696901
2026-05-01 19:44:33,672 [WARNING] Skipping meeting_id=92211696901 — no Salesforce match
2026-05-01 19:45:10,443 [INFO] Processing meeting.started for meeting_id=98360820797
2026-05-01 19:45:10,985 [WARNING] No Salesforce record for meeting_id=98360820797
2026-05-01 19:45:10,986 [WARNING] Skipping meeting_id=98360820797 — no Salesforce match
2026-05-01 19:45:43,357 [INFO] Processing meeting.started for meeting_id=99954792156
2026-05-01 19:45:43,597 [INFO] Found doc_id=1LdrbaGqaGCQ_luBKKcYsLAretwoY6KLf_c8q0h-T2wA for meeting_id=99954792156
2026-05-01 19:45:43,958 [INFO] Watch registered doc_id=1LdrbaGqaGCQ_luBKKcYsLAretwoY6KLf_c8q0h-T2wA meeting_id=99954792156
2026-05-01 19:45:54,928 [INFO] Temp S3 state created: s3://zoom-automation-bucket/temp/live-doc-history/2026/Month-5/2026-05-01/99954792156/
2026-05-01 19:45:54,931 [INFO] Successfully initialized doc tracking meeting_id=99954792156
2026-05-01 19:46:47,146 [INFO] Processing meeting.started for meeting_id=94349018909
2026-05-01 19:46:47,347 [INFO] Found doc_id=1Lt0gmUvbaXaozIvc4-EYWYISCz5LKbQ-MLpjQgg3ONc for meeting_id=94349018909
2026-05-01 19:46:47,763 [INFO] Watch registered doc_id=1Lt0gmUvbaXaozIvc4-EYWYISCz5LKbQ-MLpjQgg3ONc meeting_id=94349018909
2026-05-01 19:46:57,436 [INFO] Temp S3 state created: s3://zoom-automation-bucket/temp/live-doc-history/2026/Month-5/2026-05-01/94349018909/
2026-05-01 19:46:57,439 [INFO] Successfully initialized doc tracking meeting_id=94349018909
2026-05-01 19:48:32,448 [INFO] Processing meeting.started for meeting_id=98360820797
2026-05-01 19:48:32,597 [WARNING] No Salesforce record for meeting_id=98360820797
2026-05-01 19:48:32,598 [WARNING] Skipping meeting_id=98360820797 — no Salesforce match
2026-05-01 19:49:07,428 [INFO] Processing meeting.started for meeting_id=95374881658
2026-05-01 19:49:07,643 [INFO] Found doc_id=1E5iGn4AOrmhv67lMVaopaFoKtoxtb0S_TCkbhmdDYyA for meeting_id=95374881658
2026-05-01 19:49:08,028 [INFO] Watch registered doc_id=1E5iGn4AOrmhv67lMVaopaFoKtoxtb0S_TCkbhmdDYyA meeting_id=95374881658
2026-05-01 19:49:17,551 [INFO] Temp S3 state created: s3://zoom-automation-bucket/temp/live-doc-history/2026/Month-5/2026-05-01/95374881658/
2026-05-01 19:49:17,554 [INFO] Successfully initialized doc tracking meeting_id=95374881658
2026-05-01 19:50:46,767 [INFO] Processing meeting.started for meeting_id=98393596577
2026-05-01 19:50:46,956 [INFO] Found doc_id=1xMHZnpoxIaCuFTA08AeRmy3VTE-ERtcDGN2FiOi9lL4 for meeting_id=98393596577
2026-05-01 19:50:47,352 [INFO] Watch registered doc_id=1xMHZnpoxIaCuFTA08AeRmy3VTE-ERtcDGN2FiOi9lL4 meeting_id=98393596577
2026-05-01 19:50:58,194 [INFO] Temp S3 state created: s3://zoom-automation-bucket/temp/live-doc-history/2026/Month-5/2026-05-01/98393596577/
2026-05-01 19:50:58,197 [INFO] Successfully initialized doc tracking meeting_id=98393596577
2026-05-01 19:54:05,292 [INFO] Processing meeting.started for meeting_id=98360820797
2026-05-01 19:54:05,403 [WARNING] No Salesforce record for meeting_id=98360820797
2026-05-01 19:54:05,403 [WARNING] Skipping meeting_id=98360820797 — no Salesforce match
2026-05-01 19:54:16,108 [INFO] Processing meeting.started for meeting_id=93179508754
2026-05-01 19:54:16,229 [INFO] Found doc_id=121dBD__uJ2jmg6ly440BNWQ2J67Q0xOXw3_InOhrwMA for meeting_id=93179508754
2026-05-01 19:54:16,602 [INFO] Watch registered doc_id=121dBD__uJ2jmg6ly440BNWQ2J67Q0xOXw3_InOhrwMA meeting_id=93179508754
2026-05-01 19:54:26,250 [INFO] Temp S3 state created: s3://zoom-automation-bucket/temp/live-doc-history/2026/Month-5/2026-05-01/93179508754/
2026-05-01 19:54:26,253 [INFO] Successfully initialized doc tracking meeting_id=93179508754
2026-05-01 19:55:16,401 [INFO] Processing meeting.started for meeting_id=91344026942
2026-05-01 19:55:16,524 [WARNING] No Salesforce record for meeting_id=91344026942
2026-05-01 19:55:16,525 [WARNING] Skipping meeting_id=91344026942 — no Salesforce match
2026-05-01 19:58:52,990 [INFO] Processing meeting.started for meeting_id=99600620537
2026-05-01 19:58:53,122 [WARNING] No Salesforce record for meeting_id=99600620537
2026-05-01 19:58:53,123 [WARNING] Skipping meeting_id=99600620537 — no Salesforce match
2026-05-01 20:00:39,884 [INFO] Processing meeting.started for meeting_id=91274663910
2026-05-01 20:00:40,032 [WARNING] No Salesforce record for meeting_id=91274663910
2026-05-01 20:00:40,032 [WARNING] Skipping meeting_id=91274663910 — no Salesforce match
2026-05-01 20:00:52,462 [INFO] Processing meeting.started for meeting_id=99778982572
2026-05-01 20:00:52,615 [WARNING] No Salesforce record for meeting_id=99778982572
2026-05-01 20:00:52,615 [WARNING] Skipping meeting_id=99778982572 — no Salesforce match
2026-05-01 20:01:13,609 [INFO] Processing meeting.started for meeting_id=97807645912
2026-05-01 20:01:13,771 [WARNING] No Salesforce record for meeting_id=97807645912
2026-05-01 20:01:13,771 [WARNING] Skipping meeting_id=97807645912 — no Salesforce match
2026-05-01 20:01:54,932 [INFO] Processing meeting.started for meeting_id=92558386971
2026-05-01 20:01:55,044 [WARNING] No Salesforce record for meeting_id=92558386971
2026-05-01 20:01:55,044 [WARNING] Skipping meeting_id=92558386971 — no Salesforce match
2026-05-01 20:02:58,298 [INFO] Processing meeting.started for meeting_id=96095976772
2026-05-01 20:02:58,632 [WARNING] No Salesforce record for meeting_id=96095976772
2026-05-01 20:02:58,632 [WARNING] Skipping meeting_id=96095976772 — no Salesforce match
2026-05-01 20:04:56,796 [INFO] Processing meeting.started for meeting_id=99980958511
2026-05-01 20:04:57,000 [INFO] Found doc_id=1Us_s0j67C6e1dB5CN4LV8AG445hgzoF1bkfmcQvOujA for meeting_id=99980958511
2026-05-01 20:04:57,388 [INFO] Watch registered doc_id=1Us_s0j67C6e1dB5CN4LV8AG445hgzoF1bkfmcQvOujA meeting_id=99980958511
2026-05-01 20:05:09,763 [INFO] Temp S3 state created: s3://zoom-automation-bucket/temp/live-doc-history/2026/Month-5/2026-05-01/99980958511/
2026-05-01 20:05:09,766 [INFO] Successfully initialized doc tracking meeting_id=99980958511
2026-05-01 20:05:46,738 [INFO] Processing meeting.started for meeting_id=99889869565
2026-05-01 20:05:46,862 [WARNING] No Salesforce record for meeting_id=99889869565
2026-05-01 20:05:46,862 [WARNING] Skipping meeting_id=99889869565 — no Salesforce match
2026-05-01 20:07:30,799 [INFO] Processing meeting.started for meeting_id=98360820797
2026-05-01 20:07:30,942 [WARNING] No Salesforce record for meeting_id=98360820797
2026-05-01 20:07:30,943 [WARNING] Skipping meeting_id=98360820797 — no Salesforce match
2026-05-01 20:08:38,613 [INFO] Processing meeting.started for meeting_id=98360820797
2026-05-01 20:08:38,705 [WARNING] No Salesforce record for meeting_id=98360820797
2026-05-01 20:08:38,705 [WARNING] Skipping meeting_id=98360820797 — no Salesforce match
2026-05-01 20:18:56,495 [INFO] Processing meeting.started for meeting_id=95331440906
2026-05-01 20:18:57,033 [INFO] Found doc_id=1CLgihPmcQP-eX7iWhMiH065fc3lOyZyFCWWnRSS-2JM for meeting_id=95331440906
2026-05-01 20:18:57,542 [INFO] Watch registered doc_id=1CLgihPmcQP-eX7iWhMiH065fc3lOyZyFCWWnRSS-2JM meeting_id=95331440906
2026-05-01 20:19:09,641 [INFO] Temp S3 state created: s3://zoom-automation-bucket/temp/live-doc-history/2026/Month-5/2026-05-01/95331440906/
2026-05-01 20:19:09,643 [INFO] Successfully initialized doc tracking meeting_id=95331440906
2026-05-01 20:19:54,218 [INFO] Processing meeting.started for meeting_id=92256028317
2026-05-01 20:19:54,348 [WARNING] No Google_Docs_ID__c for meeting_id=92256028317
2026-05-01 20:21:20,895 [INFO] Processing meeting.started for meeting_id=93002254510
2026-05-01 20:21:21,027 [WARNING] No Salesforce record for meeting_id=93002254510
2026-05-01 20:21:21,027 [WARNING] Skipping meeting_id=93002254510 — no Salesforce match
2026-05-01 20:22:01,538 [INFO] Processing meeting.started for meeting_id=99341025516
2026-05-01 20:22:01,648 [INFO] Found doc_id=1aQ4iytpevTtyv-V9R-Vr4lTa0BXq--a1IjWaV4WAwdE for meeting_id=99341025516
2026-05-01 20:22:02,252 [INFO] Watch registered doc_id=1aQ4iytpevTtyv-V9R-Vr4lTa0BXq--a1IjWaV4WAwdE meeting_id=99341025516
2026-05-01 20:22:13,318 [INFO] Temp S3 state created: s3://zoom-automation-bucket/temp/live-doc-history/2026/Month-5/2026-05-01/99341025516/
2026-05-01 20:22:13,321 [INFO] Successfully initialized doc tracking meeting_id=99341025516
2026-05-01 20:27:25,722 [INFO] Processing meeting.started for meeting_id=97753895579
2026-05-01 20:27:25,855 [WARNING] No Salesforce record for meeting_id=97753895579
2026-05-01 20:27:25,855 [WARNING] Skipping meeting_id=97753895579 — no Salesforce match
2026-05-01 20:29:04,043 [INFO] Processing meeting.started for meeting_id=91948698549
2026-05-01 20:29:04,172 [WARNING] No Salesforce record for meeting_id=91948698549
2026-05-01 20:29:04,172 [WARNING] Skipping meeting_id=91948698549 — no Salesforce match
2026-05-01 20:30:13,852 [INFO] Processing meeting.started for meeting_id=98817539739
2026-05-01 20:30:13,964 [WARNING] No Salesforce record for meeting_id=98817539739
2026-05-01 20:30:13,964 [WARNING] Skipping meeting_id=98817539739 — no Salesforce match
2026-05-01 20:30:17,135 [INFO] Processing meeting.started for meeting_id=96851055032
2026-05-01 20:30:17,262 [WARNING] No Salesforce record for meeting_id=96851055032
2026-05-01 20:30:17,263 [WARNING] Skipping meeting_id=96851055032 — no Salesforce match
2026-05-01 20:30:39,873 [INFO] Processing meeting.started for meeting_id=99391473089
2026-05-01 20:30:39,975 [WARNING] No Salesforce record for meeting_id=99391473089
2026-05-01 20:30:39,976 [WARNING] Skipping meeting_id=99391473089 — no Salesforce match
2026-05-01 20:30:45,216 [INFO] Processing meeting.started for meeting_id=92173991098
2026-05-01 20:30:45,322 [WARNING] No Salesforce record for meeting_id=92173991098
2026-05-01 20:30:45,323 [WARNING] Skipping meeting_id=92173991098 — no Salesforce match
2026-05-01 20:34:12,331 [INFO] Processing meeting.started for meeting_id=97523942045
2026-05-01 20:34:12,614 [WARNING] No Salesforce record for meeting_id=97523942045
2026-05-01 20:34:12,614 [WARNING] Skipping meeting_id=97523942045 — no Salesforce match
2026-05-01 20:34:25,622 [INFO] Processing meeting.started for meeting_id=98817539739
2026-05-01 20:34:25,718 [WARNING] No Salesforce record for meeting_id=98817539739
2026-05-01 20:34:25,718 [WARNING] Skipping meeting_id=98817539739 — no Salesforce match
2026-05-01 20:38:18,147 [INFO] Processing meeting.started for meeting_id=92149855256
2026-05-01 20:38:18,263 [WARNING] No Salesforce record for meeting_id=92149855256
2026-05-01 20:38:18,263 [WARNING] Skipping meeting_id=92149855256 — no Salesforce match
2026-05-01 20:40:09,739 [INFO] Processing meeting.started for meeting_id=98817539739
2026-05-01 20:40:09,859 [WARNING] No Salesforce record for meeting_id=98817539739
2026-05-01 20:40:09,859 [WARNING] Skipping meeting_id=98817539739 — no Salesforce match
2026-05-01 20:43:05,319 [INFO] Processing meeting.started for meeting_id=92389964897
2026-05-01 20:43:05,445 [WARNING] No Salesforce record for meeting_id=92389964897
2026-05-01 20:43:05,445 [WARNING] Skipping meeting_id=92389964897 — no Salesforce match
2026-05-01 20:44:36,904 [INFO] Processing meeting.started for meeting_id=96194768882
2026-05-01 20:44:37,083 [WARNING] No Salesforce record for meeting_id=96194768882
2026-05-01 20:44:37,083 [WARNING] Skipping meeting_id=96194768882 — no Salesforce match
2026-05-01 20:45:21,185 [INFO] Processing meeting.started for meeting_id=91627234305
2026-05-01 20:45:21,296 [WARNING] No Salesforce record for meeting_id=91627234305
2026-05-01 20:45:21,296 [WARNING] Skipping meeting_id=91627234305 — no Salesforce match
2026-05-01 20:47:29,446 [INFO] Processing meeting.started for meeting_id=99248559793
2026-05-01 20:47:29,587 [WARNING] No Salesforce record for meeting_id=99248559793
2026-05-01 20:47:29,588 [WARNING] Skipping meeting_id=99248559793 — no Salesforce match
2026-05-01 20:49:14,381 [INFO] Processing meeting.started for meeting_id=92389964897
2026-05-01 20:49:14,490 [WARNING] No Salesforce record for meeting_id=92389964897
2026-05-01 20:49:14,490 [WARNING] Skipping meeting_id=92389964897 — no Salesforce match
2026-05-01 20:50:28,950 [INFO] Processing meeting.started for meeting_id=99391473089
2026-05-01 20:50:29,075 [WARNING] No Salesforce record for meeting_id=99391473089
2026-05-01 20:50:29,075 [WARNING] Skipping meeting_id=99391473089 — no Salesforce match
2026-05-01 20:52:33,195 [INFO] Processing meeting.started for meeting_id=98300528697
2026-05-01 20:52:33,302 [INFO] Found doc_id=1gBwouPJebkpnAO-5mqOmu1DxGp4DNeXJYKIHkgQbGLQ for meeting_id=98300528697
2026-05-01 20:52:33,687 [INFO] Watch registered doc_id=1gBwouPJebkpnAO-5mqOmu1DxGp4DNeXJYKIHkgQbGLQ meeting_id=98300528697
2026-05-01 20:52:45,618 [INFO] Temp S3 state created: s3://zoom-automation-bucket/temp/live-doc-history/2026/Month-5/2026-05-01/98300528697/
2026-05-01 20:52:45,622 [INFO] Successfully initialized doc tracking meeting_id=98300528697
2026-05-01 20:54:26,223 [INFO] Processing meeting.started for meeting_id=99182185996
2026-05-01 20:54:26,344 [WARNING] No Salesforce record for meeting_id=99182185996
2026-05-01 20:54:26,345 [WARNING] Skipping meeting_id=99182185996 — no Salesforce match
2026-05-01 20:54:37,700 [INFO] Processing meeting.started for meeting_id=93809700327
2026-05-01 20:54:37,793 [INFO] Found doc_id=1gdCw4SxbhRzfDXdbctNuJMBRGcSlBn3XMhDiiN-IvXA for meeting_id=93809700327
2026-05-01 20:54:38,169 [INFO] Watch registered doc_id=1gdCw4SxbhRzfDXdbctNuJMBRGcSlBn3XMhDiiN-IvXA meeting_id=93809700327
2026-05-01 20:54:48,608 [INFO] Temp S3 state created: s3://zoom-automation-bucket/temp/live-doc-history/2026/Month-5/2026-05-01/93809700327/
2026-05-01 20:54:48,611 [INFO] Successfully initialized doc tracking meeting_id=93809700327
2026-05-01 20:55:23,807 [INFO] Processing meeting.started for meeting_id=91976417485
2026-05-01 20:55:23,923 [INFO] Found doc_id=1C-CCKvhRVsuXgaMeuzKztZKGSyFQbhKxAig77iprmds for meeting_id=91976417485
2026-05-01 20:55:24,250 [INFO] Watch registered doc_id=1C-CCKvhRVsuXgaMeuzKztZKGSyFQbhKxAig77iprmds meeting_id=91976417485
2026-05-01 20:55:35,277 [INFO] Temp S3 state created: s3://zoom-automation-bucket/temp/live-doc-history/2026/Month-5/2026-05-01/91976417485/
2026-05-01 20:55:35,297 [INFO] Successfully initialized doc tracking meeting_id=91976417485
2026-05-01 20:57:56,315 [INFO] Processing meeting.started for meeting_id=91723234996
2026-05-01 20:57:56,447 [WARNING] No Salesforce record for meeting_id=91723234996
2026-05-01 20:57:56,447 [WARNING] Skipping meeting_id=91723234996 — no Salesforce match
2026-05-01 20:59:37,868 [INFO] Processing meeting.started for meeting_id=91830893042
2026-05-01 20:59:37,969 [WARNING] No Salesforce record for meeting_id=91830893042
2026-05-01 20:59:37,969 [WARNING] Skipping meeting_id=91830893042 — no Salesforce match
2026-05-01 20:59:44,813 [INFO] Processing meeting.started for meeting_id=98665828013
2026-05-01 20:59:44,930 [WARNING] No Salesforce record for meeting_id=98665828013
2026-05-01 20:59:44,931 [WARNING] Skipping meeting_id=98665828013 — no Salesforce match
2026-05-01 21:00:43,326 [INFO] Processing meeting.started for meeting_id=97713584688
2026-05-01 21:00:43,466 [WARNING] No Salesforce record for meeting_id=97713584688
2026-05-01 21:00:43,467 [WARNING] Skipping meeting_id=97713584688 — no Salesforce match
2026-05-01 21:00:45,957 [INFO] Processing meeting.started for meeting_id=96035777617
2026-05-01 21:00:46,088 [WARNING] No Salesforce record for meeting_id=96035777617
2026-05-01 21:00:46,088 [WARNING] Skipping meeting_id=96035777617 — no Salesforce match
2026-05-01 21:02:31,103 [INFO] Processing meeting.started for meeting_id=99563922033
2026-05-01 21:02:31,601 [WARNING] No Salesforce record for meeting_id=99563922033
2026-05-01 21:02:31,601 [WARNING] Skipping meeting_id=99563922033 — no Salesforce match
2026-05-01 21:09:56,465 [INFO] Processing meeting.started for meeting_id=99347202714
2026-05-01 21:09:56,610 [INFO] Found doc_id=1NyKGBOfCVGARe6dVRTkw41ovlHyqpsSnU4iB2SFNbFA for meeting_id=99347202714
2026-05-01 21:09:57,021 [INFO] Watch registered doc_id=1NyKGBOfCVGARe6dVRTkw41ovlHyqpsSnU4iB2SFNbFA meeting_id=99347202714
2026-05-01 21:10:11,585 [INFO] Temp S3 state created: s3://zoom-automation-bucket/temp/live-doc-history/2026/Month-5/2026-05-01/99347202714/
2026-05-01 21:10:11,588 [INFO] Successfully initialized doc tracking meeting_id=99347202714
2026-05-01 21:18:26,554 [INFO] Processing meeting.started for meeting_id=94704490333
2026-05-01 21:18:26,705 [WARNING] No Salesforce record for meeting_id=94704490333
2026-05-01 21:18:26,705 [WARNING] Skipping meeting_id=94704490333 — no Salesforce match
2026-05-01 21:18:57,371 [INFO] Processing meeting.started for meeting_id=92810094905
2026-05-01 21:18:57,525 [INFO] Found doc_id=1eSuELTGrIdRLHlvSxXUuYQf9A96O0i_dwt-DgM7ozWc for meeting_id=92810094905
2026-05-01 21:18:57,948 [INFO] Watch registered doc_id=1eSuELTGrIdRLHlvSxXUuYQf9A96O0i_dwt-DgM7ozWc meeting_id=92810094905
2026-05-01 21:19:10,645 [INFO] Temp S3 state created: s3://zoom-automation-bucket/temp/live-doc-history/2026/Month-5/2026-05-01/92810094905/
2026-05-01 21:19:10,648 [INFO] Successfully initialized doc tracking meeting_id=92810094905
2026-05-01 21:20:17,958 [INFO] Processing meeting.started for meeting_id=99391473089
2026-05-01 21:20:18,081 [WARNING] No Salesforce record for meeting_id=99391473089
2026-05-01 21:20:18,081 [WARNING] Skipping meeting_id=99391473089 — no Salesforce match
2026-05-01 21:24:24,297 [INFO] Processing meeting.started for meeting_id=94350565847
2026-05-01 21:24:24,428 [WARNING] No Salesforce record for meeting_id=94350565847
2026-05-01 21:24:24,428 [WARNING] Skipping meeting_id=94350565847 — no Salesforce match
2026-05-01 21:29:27,187 [INFO] Processing meeting.started for meeting_id=92211696901
2026-05-01 21:29:27,352 [WARNING] No Salesforce record for meeting_id=92211696901
2026-05-01 21:29:27,352 [WARNING] Skipping meeting_id=92211696901 — no Salesforce match
2026-05-01 21:30:21,363 [INFO] Processing meeting.started for meeting_id=91305489522
2026-05-01 21:30:21,498 [WARNING] No Salesforce record for meeting_id=91305489522
2026-05-01 21:30:21,499 [WARNING] Skipping meeting_id=91305489522 — no Salesforce match
2026-05-01 21:30:30,010 [INFO] Processing meeting.started for meeting_id=96583965125
2026-05-01 21:30:30,361 [WARNING] No Salesforce record for meeting_id=96583965125
2026-05-01 21:30:30,361 [WARNING] Skipping meeting_id=96583965125 — no Salesforce match
2026-05-01 21:32:15,532 [INFO] Processing meeting.started for meeting_id=91749977533
2026-05-01 21:32:15,687 [WARNING] No Salesforce record for meeting_id=91749977533
2026-05-01 21:32:15,687 [WARNING] Skipping meeting_id=91749977533 — no Salesforce match
2026-05-01 21:32:26,054 [INFO] Processing meeting.started for meeting_id=98850313671
2026-05-01 21:32:26,175 [WARNING] No Salesforce record for meeting_id=98850313671
2026-05-01 21:32:26,175 [WARNING] Skipping meeting_id=98850313671 — no Salesforce match
2026-05-01 21:32:33,459 [INFO] Processing meeting.started for meeting_id=91975144239
2026-05-01 21:32:33,575 [WARNING] No Salesforce record for meeting_id=91975144239
2026-05-01 21:32:33,575 [WARNING] Skipping meeting_id=91975144239 — no Salesforce match
2026-05-01 21:32:58,142 [INFO] Processing meeting.started for meeting_id=92211696901
2026-05-01 21:32:58,263 [WARNING] No Salesforce record for meeting_id=92211696901
2026-05-01 21:32:58,263 [WARNING] Skipping meeting_id=92211696901 — no Salesforce match
2026-05-01 21:36:56,897 [INFO] Processing meeting.started for meeting_id=97633300583
2026-05-01 21:36:57,058 [WARNING] No Salesforce record for meeting_id=97633300583
2026-05-01 21:36:57,059 [WARNING] Skipping meeting_id=97633300583 — no Salesforce match
2026-05-01 21:59:23,616 [INFO] Processing meeting.started for meeting_id=99146063981
2026-05-01 21:59:23,768 [WARNING] No Salesforce record for meeting_id=99146063981
2026-05-01 21:59:23,768 [WARNING] Skipping meeting_id=99146063981 — no Salesforce match
2026-05-01 21:59:44,227 [INFO] Processing meeting.started for meeting_id=99757681818
2026-05-01 21:59:44,355 [WARNING] No Salesforce record for meeting_id=99757681818
2026-05-01 21:59:44,355 [WARNING] Skipping meeting_id=99757681818 — no Salesforce match
2026-05-01 21:59:50,362 [INFO] Processing meeting.started for meeting_id=96840416764
2026-05-01 21:59:50,465 [WARNING] No Salesforce record for meeting_id=96840416764
2026-05-01 21:59:50,465 [WARNING] Skipping meeting_id=96840416764 — no Salesforce match
2026-05-01 22:00:37,651 [INFO] Processing meeting.started for meeting_id=96362782700
2026-05-01 22:00:37,775 [INFO] Found doc_id=1YPkLk-iFZdAjaZi6H5jNiaHyIoSroj4ipDEpezxxXm8 for meeting_id=96362782700
2026-05-01 22:00:38,104 [INFO] Watch registered doc_id=1YPkLk-iFZdAjaZi6H5jNiaHyIoSroj4ipDEpezxxXm8 meeting_id=96362782700
2026-05-01 22:00:49,727 [INFO] Temp S3 state created: s3://zoom-automation-bucket/temp/live-doc-history/2026/Month-5/2026-05-01/96362782700/
2026-05-01 22:00:49,731 [INFO] Successfully initialized doc tracking meeting_id=96362782700
2026-05-01 22:08:00,187 [INFO] Processing meeting.started for meeting_id=91319333176
2026-05-01 22:08:00,353 [WARNING] No Salesforce record for meeting_id=91319333176
2026-05-01 22:08:00,353 [WARNING] Skipping meeting_id=91319333176 — no Salesforce match
2026-05-01 22:09:58,678 [INFO] Processing meeting.started for meeting_id=92604356407
2026-05-01 22:09:58,789 [WARNING] No Salesforce record for meeting_id=92604356407
2026-05-01 22:09:58,790 [WARNING] Skipping meeting_id=92604356407 — no Salesforce match
2026-05-01 22:10:08,902 [INFO] Processing meeting.started for meeting_id=92203481283
2026-05-01 22:10:09,036 [WARNING] No Salesforce record for meeting_id=92203481283
2026-05-01 22:10:09,036 [WARNING] Skipping meeting_id=92203481283 — no Salesforce match
2026-05-01 22:11:41,398 [INFO] Processing meeting.started for meeting_id=99391473089
2026-05-01 22:11:41,497 [WARNING] No Salesforce record for meeting_id=99391473089
2026-05-01 22:11:41,497 [WARNING] Skipping meeting_id=99391473089 — no Salesforce match
2026-05-01 22:12:43,135 [INFO] Processing meeting.started for meeting_id=92649945862
2026-05-01 22:12:43,235 [WARNING] No Salesforce record for meeting_id=92649945862
2026-05-01 22:12:43,235 [WARNING] Skipping meeting_id=92649945862 — no Salesforce match
2026-05-01 22:14:01,401 [INFO] Processing meeting.started for meeting_id=92211696901
2026-05-01 22:14:01,575 [WARNING] No Salesforce record for meeting_id=92211696901
2026-05-01 22:14:01,575 [WARNING] Skipping meeting_id=92211696901 — no Salesforce match
2026-05-01 22:19:51,553 [INFO] Processing meeting.started for meeting_id=92700168498
2026-05-01 22:19:51,671 [WARNING] No Salesforce record for meeting_id=92700168498
2026-05-01 22:19:51,672 [WARNING] Skipping meeting_id=92700168498 — no Salesforce match
2026-05-01 22:22:33,704 [INFO] Processing meeting.started for meeting_id=94545853440
2026-05-01 22:22:33,904 [WARNING] No Salesforce record for meeting_id=94545853440
2026-05-01 22:22:33,904 [WARNING] Skipping meeting_id=94545853440 — no Salesforce match
2026-05-01 23:05:58,735 [INFO] Processing meeting.started for meeting_id=99786526108
2026-05-01 23:05:58,895 [WARNING] No Salesforce record for meeting_id=99786526108
2026-05-01 23:05:58,895 [WARNING] Skipping meeting_id=99786526108 — no Salesforce match
