2026-04-24 22:21:07,365 [INFO] [MainThread] Found credentials from IAM Role: transcript-ec2-role
2026-04-24 22:21:07,483 [INFO] [MainThread] === retry_unfinalized starting ===
2026-04-24 22:21:07,483 [INFO] [MainThread] Scanning temp/live-doc-history/ for unfinalized meetings...
2026-04-24 22:21:07,590 [INFO] [MainThread] Found 94 tracked meetings, 92 finalized, 2 need retry
2026-04-24 22:21:07,590 [INFO] [MainThread] Retrying 2 meetings with 20 parallel workers...
2026-04-24 22:21:19,895 [INFO] [MainThread] SKIP  91457938199 — recording folder not in S3 yet
2026-04-24 22:21:20,004 [INFO] [MainThread] SKIP  92150179789 — recording folder not in S3 yet
2026-04-24 22:21:20,005 [INFO] [MainThread] 
=== retry_unfinalized complete ===
  Finalized:       0
  No doc.txt:      0
  Still skipped:   2 (recording not in S3 yet)
  Errors:          0

2026-04-24 22:21:20,005 [INFO] [MainThread] Still skipped (run again later): ['91457938199', '92150179789']
2026-04-24 22:32:03,258 [INFO] [MainThread] Found credentials from IAM Role: transcript-ec2-role
2026-04-24 22:32:03,366 [INFO] [MainThread] === retry_unfinalized starting ===
2026-04-24 22:32:03,366 [INFO] [MainThread] Scanning temp/live-doc-history/ for unfinalized meetings...
2026-04-24 22:32:03,462 [INFO] [MainThread] Found 94 tracked meetings, 92 finalized, 2 need retry
2026-04-24 22:32:03,463 [INFO] [MainThread] Retrying 2 meetings with 20 parallel workers...
2026-04-24 22:32:16,238 [INFO] [MainThread] SKIP  91457938199 — recording folder not in S3 yet
2026-04-24 22:32:16,345 [INFO] [MainThread] SKIP  92150179789 — recording folder not in S3 yet
2026-04-24 22:32:16,346 [INFO] [MainThread] 
=== retry_unfinalized complete ===
  Finalized:       0
  No doc.txt:      0
  Still skipped:   2 (recording not in S3 yet)
  Errors:          0

2026-04-24 22:32:16,346 [INFO] [MainThread] Still skipped (run again later): ['91457938199', '92150179789']
2026-04-24 22:43:03,263 [INFO] [MainThread] Found credentials from IAM Role: transcript-ec2-role
2026-04-24 22:43:03,371 [INFO] [MainThread] === retry_unfinalized starting ===
2026-04-24 22:43:03,371 [INFO] [MainThread] Scanning temp/live-doc-history/ for unfinalized meetings...
2026-04-24 22:43:03,474 [INFO] [MainThread] Found 94 tracked meetings, 92 finalized, 2 need retry
2026-04-24 22:43:03,474 [INFO] [MainThread] Retrying 2 meetings with 20 parallel workers...
2026-04-24 22:43:15,893 [INFO] [MainThread] SKIP  91457938199 — recording folder not in S3 yet
2026-04-24 22:43:15,997 [INFO] [MainThread] SKIP  92150179789 — recording folder not in S3 yet
2026-04-24 22:43:15,998 [INFO] [MainThread] 
=== retry_unfinalized complete ===
  Finalized:       0
  No doc.txt:      0
  Still skipped:   2 (recording not in S3 yet)
  Errors:          0

2026-04-24 22:43:15,998 [INFO] [MainThread] Still skipped (run again later): ['91457938199', '92150179789']
2026-04-24 22:54:03,268 [INFO] [MainThread] Found credentials from IAM Role: transcript-ec2-role
2026-04-24 22:54:03,376 [INFO] [MainThread] === retry_unfinalized starting ===
2026-04-24 22:54:03,376 [INFO] [MainThread] Scanning temp/live-doc-history/ for unfinalized meetings...
2026-04-24 22:54:03,498 [INFO] [MainThread] Found 94 tracked meetings, 93 finalized, 1 need retry
2026-04-24 22:54:03,498 [INFO] [MainThread] Retrying 1 meetings with 20 parallel workers...
2026-04-24 22:54:12,822 [INFO] [MainThread] SKIP  92150179789 — recording folder not in S3 yet
2026-04-24 22:54:12,822 [INFO] [MainThread] 
=== retry_unfinalized complete ===
  Finalized:       0
  No doc.txt:      0
  Still skipped:   1 (recording not in S3 yet)
  Errors:          0

2026-04-24 22:54:12,823 [INFO] [MainThread] Still skipped (run again later): ['92150179789']
2026-04-24 23:04:03,288 [INFO] [MainThread] Found credentials from IAM Role: transcript-ec2-role
2026-04-24 23:04:03,398 [INFO] [MainThread] === retry_unfinalized starting ===
2026-04-24 23:04:03,398 [INFO] [MainThread] Scanning temp/live-doc-history/ for unfinalized meetings...
2026-04-24 23:04:03,536 [INFO] [MainThread] Found 94 tracked meetings, 94 finalized, 0 need retry
2026-04-24 23:04:03,536 [INFO] [MainThread] Nothing to retry. All tracked meetings are finalized.
2026-04-24 23:14:03,468 [INFO] [MainThread] Found credentials from IAM Role: transcript-ec2-role
2026-04-24 23:14:03,575 [INFO] [MainThread] === retry_unfinalized starting ===
2026-04-24 23:14:03,575 [INFO] [MainThread] Scanning temp/live-doc-history/ for unfinalized meetings...
2026-04-24 23:14:03,679 [INFO] [MainThread] Found 94 tracked meetings, 94 finalized, 0 need retry
2026-04-24 23:14:03,679 [INFO] [MainThread] Nothing to retry. All tracked meetings are finalized.
2026-04-24 23:24:03,586 [INFO] [MainThread] Found credentials from IAM Role: transcript-ec2-role
2026-04-24 23:24:03,708 [INFO] [MainThread] === retry_unfinalized starting ===
2026-04-24 23:24:03,708 [INFO] [MainThread] Scanning temp/live-doc-history/ for unfinalized meetings...
2026-04-24 23:24:03,830 [INFO] [MainThread] Found 94 tracked meetings, 94 finalized, 0 need retry
2026-04-24 23:24:03,831 [INFO] [MainThread] Nothing to retry. All tracked meetings are finalized.
2026-04-24 23:35:03,267 [INFO] [MainThread] Found credentials from IAM Role: transcript-ec2-role
2026-04-24 23:35:03,377 [INFO] [MainThread] === retry_unfinalized starting ===
2026-04-24 23:35:03,378 [INFO] [MainThread] Scanning temp/live-doc-history/ for unfinalized meetings...
2026-04-24 23:35:03,497 [INFO] [MainThread] Found 94 tracked meetings, 94 finalized, 0 need retry
2026-04-24 23:35:03,497 [INFO] [MainThread] Nothing to retry. All tracked meetings are finalized.
2026-04-24 23:46:03,274 [INFO] [MainThread] Found credentials from IAM Role: transcript-ec2-role
2026-04-24 23:46:03,400 [INFO] [MainThread] === retry_unfinalized starting ===
2026-04-24 23:46:03,401 [INFO] [MainThread] Scanning temp/live-doc-history/ for unfinalized meetings...
2026-04-24 23:46:03,509 [INFO] [MainThread] Found 94 tracked meetings, 94 finalized, 0 need retry
2026-04-24 23:46:03,509 [INFO] [MainThread] Nothing to retry. All tracked meetings are finalized.
2026-04-24 23:56:03,297 [INFO] [MainThread] Found credentials from IAM Role: transcript-ec2-role
2026-04-24 23:56:03,409 [INFO] [MainThread] === retry_unfinalized starting ===
2026-04-24 23:56:03,409 [INFO] [MainThread] Scanning temp/live-doc-history/ for unfinalized meetings...
2026-04-24 23:56:03,520 [INFO] [MainThread] Found 94 tracked meetings, 94 finalized, 0 need retry
2026-04-24 23:56:03,521 [INFO] [MainThread] Nothing to retry. All tracked meetings are finalized.
2026-04-25 00:06:03,561 [INFO] [MainThread] Found credentials from IAM Role: transcript-ec2-role
2026-04-25 00:06:03,669 [INFO] [MainThread] === retry_unfinalized starting ===
2026-04-25 00:06:03,669 [INFO] [MainThread] Scanning temp/live-doc-history/ for unfinalized meetings...
2026-04-25 00:06:03,789 [INFO] [MainThread] Found 94 tracked meetings, 94 finalized, 0 need retry
2026-04-25 00:06:03,789 [INFO] [MainThread] Nothing to retry. All tracked meetings are finalized.
2026-04-25 00:17:03,314 [INFO] [MainThread] Found credentials from IAM Role: transcript-ec2-role
2026-04-25 00:17:03,432 [INFO] [MainThread] === retry_unfinalized starting ===
2026-04-25 00:17:03,432 [INFO] [MainThread] Scanning temp/live-doc-history/ for unfinalized meetings...
2026-04-25 00:17:03,550 [INFO] [MainThread] Found 94 tracked meetings, 94 finalized, 0 need retry
2026-04-25 00:17:03,550 [INFO] [MainThread] Nothing to retry. All tracked meetings are finalized.
2026-04-25 00:27:03,297 [INFO] [MainThread] Found credentials from IAM Role: transcript-ec2-role
2026-04-25 00:27:03,403 [INFO] [MainThread] === retry_unfinalized starting ===
2026-04-25 00:27:03,403 [INFO] [MainThread] Scanning temp/live-doc-history/ for unfinalized meetings...
2026-04-25 00:27:03,508 [INFO] [MainThread] Found 94 tracked meetings, 94 finalized, 0 need retry
2026-04-25 00:27:03,509 [INFO] [MainThread] Nothing to retry. All tracked meetings are finalized.
2026-04-25 00:38:03,276 [INFO] [MainThread] Found credentials from IAM Role: transcript-ec2-role
2026-04-25 00:38:03,394 [INFO] [MainThread] === retry_unfinalized starting ===
2026-04-25 00:38:03,394 [INFO] [MainThread] Scanning temp/live-doc-history/ for unfinalized meetings...
2026-04-25 00:38:03,508 [INFO] [MainThread] Found 94 tracked meetings, 94 finalized, 0 need retry
2026-04-25 00:38:03,508 [INFO] [MainThread] Nothing to retry. All tracked meetings are finalized.
2026-04-25 00:48:03,442 [INFO] [MainThread] Found credentials from IAM Role: transcript-ec2-role
2026-04-25 00:48:03,547 [INFO] [MainThread] === retry_unfinalized starting ===
2026-04-25 00:48:03,548 [INFO] [MainThread] Scanning temp/live-doc-history/ for unfinalized meetings...
2026-04-25 00:48:03,656 [INFO] [MainThread] Found 94 tracked meetings, 94 finalized, 0 need retry
2026-04-25 00:48:03,656 [INFO] [MainThread] Nothing to retry. All tracked meetings are finalized.
2026-04-25 00:59:03,323 [INFO] [MainThread] Found credentials from IAM Role: transcript-ec2-role
2026-04-25 00:59:03,434 [INFO] [MainThread] === retry_unfinalized starting ===
2026-04-25 00:59:03,434 [INFO] [MainThread] Scanning temp/live-doc-history/ for unfinalized meetings...
2026-04-25 00:59:03,542 [INFO] [MainThread] Found 94 tracked meetings, 94 finalized, 0 need retry
2026-04-25 00:59:03,542 [INFO] [MainThread] Nothing to retry. All tracked meetings are finalized.
2026-04-25 01:10:01,612 [INFO] [MainThread] Found credentials from IAM Role: transcript-ec2-role
2026-04-25 01:10:01,728 [INFO] [MainThread] === retry_unfinalized starting ===
2026-04-25 01:10:01,729 [INFO] [MainThread] Scanning temp/live-doc-history/ for unfinalized meetings...
2026-04-25 01:10:01,860 [INFO] [MainThread] Found 94 tracked meetings, 94 finalized, 0 need retry
2026-04-25 01:10:01,860 [INFO] [MainThread] Nothing to retry. All tracked meetings are finalized.
2026-04-25 01:20:01,859 [INFO] [MainThread] Found credentials from IAM Role: transcript-ec2-role
2026-04-25 01:20:02,011 [INFO] [MainThread] === retry_unfinalized starting ===
2026-04-25 01:20:02,011 [INFO] [MainThread] Scanning temp/live-doc-history/ for unfinalized meetings...
2026-04-25 01:20:02,159 [INFO] [MainThread] Found 94 tracked meetings, 94 finalized, 0 need retry
2026-04-25 01:20:02,159 [INFO] [MainThread] Nothing to retry. All tracked meetings are finalized.
2026-04-25 01:30:02,032 [INFO] [MainThread] Found credentials from IAM Role: transcript-ec2-role
2026-04-25 01:30:02,165 [INFO] [MainThread] === retry_unfinalized starting ===
2026-04-25 01:30:02,165 [INFO] [MainThread] Scanning temp/live-doc-history/ for unfinalized meetings...
2026-04-25 01:30:02,285 [INFO] [MainThread] Found 94 tracked, 94 finalized, 0 need retry
2026-04-25 01:30:02,286 [INFO] [MainThread] Nothing to retry. All tracked meetings are finalized.
2026-04-25 01:40:02,355 [INFO] [MainThread] Found credentials from IAM Role: transcript-ec2-role
2026-04-25 01:40:02,477 [INFO] [MainThread] === retry_unfinalized starting ===
2026-04-25 01:40:02,477 [INFO] [MainThread] Scanning temp/live-doc-history/ for unfinalized meetings...
2026-04-25 01:40:02,586 [INFO] [MainThread] Found 94 tracked, 94 finalized, 0 need retry
2026-04-25 01:40:02,586 [INFO] [MainThread] Nothing to retry. All tracked meetings are finalized.
2026-04-25 01:50:03,278 [INFO] [MainThread] Found credentials from IAM Role: transcript-ec2-role
2026-04-25 01:50:03,389 [INFO] [MainThread] === retry_unfinalized starting ===
2026-04-25 01:50:03,389 [INFO] [MainThread] Scanning temp/live-doc-history/ for unfinalized meetings...
2026-04-25 01:50:03,493 [INFO] [MainThread] Found 94 tracked, 94 finalized, 0 need retry
2026-04-25 01:50:03,493 [INFO] [MainThread] Nothing to retry. All tracked meetings are finalized.
2026-04-25 02:01:01,922 [INFO] [MainThread] Found credentials from IAM Role: transcript-ec2-role
2026-04-25 02:01:02,062 [INFO] [MainThread] === retry_unfinalized starting ===
2026-04-25 02:01:02,062 [INFO] [MainThread] Scanning temp/live-doc-history/ for unfinalized meetings...
2026-04-25 02:01:02,195 [INFO] [MainThread] Found 94 tracked, 94 finalized, 0 need retry
2026-04-25 02:01:02,195 [INFO] [MainThread] Nothing to retry. All tracked meetings are finalized.
2026-04-25 02:11:03,300 [INFO] [MainThread] Found credentials from IAM Role: transcript-ec2-role
2026-04-25 02:11:03,410 [INFO] [MainThread] === retry_unfinalized starting ===
2026-04-25 02:11:03,410 [INFO] [MainThread] Scanning temp/live-doc-history/ for unfinalized meetings...
2026-04-25 02:11:03,519 [INFO] [MainThread] Found 94 tracked, 94 finalized, 0 need retry
2026-04-25 02:11:03,519 [INFO] [MainThread] Nothing to retry. All tracked meetings are finalized.
2026-04-25 02:21:09,953 [INFO] [MainThread] Found credentials from IAM Role: transcript-ec2-role
2026-04-25 02:21:10,072 [INFO] [MainThread] === retry_unfinalized starting ===
2026-04-25 02:21:10,072 [INFO] [MainThread] Scanning temp/live-doc-history/ for unfinalized meetings...
2026-04-25 02:21:10,191 [INFO] [MainThread] Found 94 tracked, 94 finalized, 0 need retry
2026-04-25 02:21:10,191 [INFO] [MainThread] Nothing to retry. All tracked meetings are finalized.
2026-04-25 02:31:12,421 [INFO] [MainThread] Found credentials from IAM Role: transcript-ec2-role
2026-04-25 02:31:12,532 [INFO] [MainThread] === retry_unfinalized starting ===
2026-04-25 02:31:12,532 [INFO] [MainThread] Scanning temp/live-doc-history/ for unfinalized meetings...
2026-04-25 02:31:12,660 [INFO] [MainThread] Found 94 tracked, 94 finalized, 0 need retry
2026-04-25 02:31:12,660 [INFO] [MainThread] Nothing to retry. All tracked meetings are finalized.
2026-04-25 02:41:14,946 [INFO] [MainThread] Found credentials from IAM Role: transcript-ec2-role
2026-04-25 02:41:15,066 [INFO] [MainThread] === retry_unfinalized starting ===
2026-04-25 02:41:15,066 [INFO] [MainThread] Scanning temp/live-doc-history/ for unfinalized meetings...
2026-04-25 02:41:15,176 [INFO] [MainThread] Found 94 tracked, 94 finalized, 0 need retry
2026-04-25 02:41:15,177 [INFO] [MainThread] Nothing to retry. All tracked meetings are finalized.
2026-04-25 02:52:03,267 [INFO] [MainThread] Found credentials from IAM Role: transcript-ec2-role
2026-04-25 02:52:03,375 [INFO] [MainThread] === retry_unfinalized starting ===
2026-04-25 02:52:03,375 [INFO] [MainThread] Scanning temp/live-doc-history/ for unfinalized meetings...
2026-04-25 02:52:03,515 [INFO] [MainThread] Found 94 tracked, 94 finalized, 0 need retry
2026-04-25 02:52:03,515 [INFO] [MainThread] Nothing to retry. All tracked meetings are finalized.
2026-04-25 03:02:03,295 [INFO] [MainThread] Found credentials from IAM Role: transcript-ec2-role
2026-04-25 03:02:03,405 [INFO] [MainThread] === retry_unfinalized starting ===
2026-04-25 03:02:03,405 [INFO] [MainThread] Scanning temp/live-doc-history/ for unfinalized meetings...
2026-04-25 03:02:03,517 [INFO] [MainThread] Found 94 tracked, 94 finalized, 0 need retry
2026-04-25 03:02:03,517 [INFO] [MainThread] Nothing to retry. All tracked meetings are finalized.
2026-04-25 03:12:03,524 [INFO] [MainThread] Found credentials from IAM Role: transcript-ec2-role
2026-04-25 03:12:03,636 [INFO] [MainThread] === retry_unfinalized starting ===
2026-04-25 03:12:03,636 [INFO] [MainThread] Scanning temp/live-doc-history/ for unfinalized meetings...
2026-04-25 03:12:03,736 [INFO] [MainThread] Found 94 tracked, 94 finalized, 0 need retry
2026-04-25 03:12:03,736 [INFO] [MainThread] Nothing to retry. All tracked meetings are finalized.
2026-04-25 03:23:03,281 [INFO] [MainThread] Found credentials from IAM Role: transcript-ec2-role
2026-04-25 03:23:03,388 [INFO] [MainThread] === retry_unfinalized starting ===
2026-04-25 03:23:03,388 [INFO] [MainThread] Scanning temp/live-doc-history/ for unfinalized meetings...
2026-04-25 03:23:03,506 [INFO] [MainThread] Found 94 tracked, 94 finalized, 0 need retry
2026-04-25 03:23:03,507 [INFO] [MainThread] Nothing to retry. All tracked meetings are finalized.
2026-04-25 03:33:03,507 [INFO] [MainThread] Found credentials from IAM Role: transcript-ec2-role
2026-04-25 03:33:03,618 [INFO] [MainThread] === retry_unfinalized starting ===
2026-04-25 03:33:03,619 [INFO] [MainThread] Scanning temp/live-doc-history/ for unfinalized meetings...
2026-04-25 03:33:03,766 [INFO] [MainThread] Found 94 tracked, 94 finalized, 0 need retry
2026-04-25 03:33:03,767 [INFO] [MainThread] Nothing to retry. All tracked meetings are finalized.
2026-04-25 03:44:03,296 [INFO] [MainThread] Found credentials from IAM Role: transcript-ec2-role
2026-04-25 03:44:03,410 [INFO] [MainThread] === retry_unfinalized starting ===
2026-04-25 03:44:03,410 [INFO] [MainThread] Scanning temp/live-doc-history/ for unfinalized meetings...
2026-04-25 03:44:03,523 [INFO] [MainThread] Found 94 tracked, 94 finalized, 0 need retry
2026-04-25 03:44:03,523 [INFO] [MainThread] Nothing to retry. All tracked meetings are finalized.
2026-04-25 03:54:03,315 [INFO] [MainThread] Found credentials from IAM Role: transcript-ec2-role
2026-04-25 03:54:03,438 [INFO] [MainThread] === retry_unfinalized starting ===
2026-04-25 03:54:03,438 [INFO] [MainThread] Scanning temp/live-doc-history/ for unfinalized meetings...
2026-04-25 03:54:03,564 [INFO] [MainThread] Found 94 tracked, 94 finalized, 0 need retry
2026-04-25 03:54:03,564 [INFO] [MainThread] Nothing to retry. All tracked meetings are finalized.
2026-04-25 04:04:03,466 [INFO] [MainThread] Found credentials from IAM Role: transcript-ec2-role
2026-04-25 04:04:03,575 [INFO] [MainThread] === retry_unfinalized starting ===
2026-04-25 04:04:03,575 [INFO] [MainThread] Scanning temp/live-doc-history/ for unfinalized meetings...
2026-04-25 04:04:03,684 [INFO] [MainThread] Found 94 tracked, 94 finalized, 0 need retry
2026-04-25 04:04:03,684 [INFO] [MainThread] Nothing to retry. All tracked meetings are finalized.
2026-04-25 04:15:03,287 [INFO] [MainThread] Found credentials from IAM Role: transcript-ec2-role
2026-04-25 04:15:03,417 [INFO] [MainThread] === retry_unfinalized starting ===
2026-04-25 04:15:03,417 [INFO] [MainThread] Scanning temp/live-doc-history/ for unfinalized meetings...
2026-04-25 04:15:03,552 [INFO] [MainThread] Found 94 tracked, 94 finalized, 0 need retry
2026-04-25 04:15:03,552 [INFO] [MainThread] Nothing to retry. All tracked meetings are finalized.
2026-04-25 04:26:03,276 [INFO] [MainThread] Found credentials from IAM Role: transcript-ec2-role
2026-04-25 04:26:03,384 [INFO] [MainThread] === retry_unfinalized starting ===
2026-04-25 04:26:03,384 [INFO] [MainThread] Scanning temp/live-doc-history/ for unfinalized meetings...
2026-04-25 04:26:03,494 [INFO] [MainThread] Found 94 tracked, 94 finalized, 0 need retry
2026-04-25 04:26:03,494 [INFO] [MainThread] Nothing to retry. All tracked meetings are finalized.
2026-04-25 04:37:03,285 [INFO] [MainThread] Found credentials from IAM Role: transcript-ec2-role
2026-04-25 04:37:03,395 [INFO] [MainThread] === retry_unfinalized starting ===
2026-04-25 04:37:03,395 [INFO] [MainThread] Scanning temp/live-doc-history/ for unfinalized meetings...
2026-04-25 04:37:03,533 [INFO] [MainThread] Found 94 tracked, 94 finalized, 0 need retry
2026-04-25 04:37:03,533 [INFO] [MainThread] Nothing to retry. All tracked meetings are finalized.
2026-04-25 04:48:03,306 [INFO] [MainThread] Found credentials from IAM Role: transcript-ec2-role
2026-04-25 04:48:03,418 [INFO] [MainThread] === retry_unfinalized starting ===
2026-04-25 04:48:03,418 [INFO] [MainThread] Scanning temp/live-doc-history/ for unfinalized meetings...
2026-04-25 04:48:03,531 [INFO] [MainThread] Found 94 tracked, 94 finalized, 0 need retry
2026-04-25 04:48:03,532 [INFO] [MainThread] Nothing to retry. All tracked meetings are finalized.
2026-04-25 04:59:03,278 [INFO] [MainThread] Found credentials from IAM Role: transcript-ec2-role
2026-04-25 04:59:03,388 [INFO] [MainThread] === retry_unfinalized starting ===
2026-04-25 04:59:03,388 [INFO] [MainThread] Scanning temp/live-doc-history/ for unfinalized meetings...
2026-04-25 04:59:03,496 [INFO] [MainThread] Found 94 tracked, 94 finalized, 0 need retry
2026-04-25 04:59:03,497 [INFO] [MainThread] Nothing to retry. All tracked meetings are finalized.
2026-04-25 05:10:01,804 [INFO] [MainThread] Found credentials from IAM Role: transcript-ec2-role
2026-04-25 05:10:01,921 [INFO] [MainThread] === retry_unfinalized starting ===
2026-04-25 05:10:01,921 [INFO] [MainThread] Scanning temp/live-doc-history/ for unfinalized meetings...
2026-04-25 05:10:02,042 [INFO] [MainThread] Found 94 tracked, 94 finalized, 0 need retry
2026-04-25 05:10:02,042 [INFO] [MainThread] Nothing to retry. All tracked meetings are finalized.
2026-04-25 05:20:02,263 [INFO] [MainThread] Found credentials from IAM Role: transcript-ec2-role
2026-04-25 05:20:02,390 [INFO] [MainThread] === retry_unfinalized starting ===
2026-04-25 05:20:02,390 [INFO] [MainThread] Scanning temp/live-doc-history/ for unfinalized meetings...
2026-04-25 05:20:02,531 [INFO] [MainThread] Found 94 tracked, 94 finalized, 0 need retry
2026-04-25 05:20:02,532 [INFO] [MainThread] Nothing to retry. All tracked meetings are finalized.
2026-04-25 05:30:03,254 [INFO] [MainThread] Found credentials from IAM Role: transcript-ec2-role
2026-04-25 05:30:03,366 [INFO] [MainThread] === retry_unfinalized starting ===
2026-04-25 05:30:03,366 [INFO] [MainThread] Scanning temp/live-doc-history/ for unfinalized meetings...
2026-04-25 05:30:03,479 [INFO] [MainThread] Found 94 tracked, 94 finalized, 0 need retry
2026-04-25 05:30:03,480 [INFO] [MainThread] Nothing to retry. All tracked meetings are finalized.
2026-04-25 05:40:12,771 [INFO] [MainThread] Found credentials from IAM Role: transcript-ec2-role
2026-04-25 05:40:12,885 [INFO] [MainThread] === retry_unfinalized starting ===
2026-04-25 05:40:12,885 [INFO] [MainThread] Scanning temp/live-doc-history/ for unfinalized meetings...
2026-04-25 05:40:12,991 [INFO] [MainThread] Found 94 tracked, 94 finalized, 0 need retry
2026-04-25 05:40:12,991 [INFO] [MainThread] Nothing to retry. All tracked meetings are finalized.
2026-04-25 05:51:03,253 [INFO] [MainThread] Found credentials from IAM Role: transcript-ec2-role
2026-04-25 05:51:03,361 [INFO] [MainThread] === retry_unfinalized starting ===
2026-04-25 05:51:03,361 [INFO] [MainThread] Scanning temp/live-doc-history/ for unfinalized meetings...
2026-04-25 05:51:03,466 [INFO] [MainThread] Found 94 tracked, 94 finalized, 0 need retry
2026-04-25 05:51:03,466 [INFO] [MainThread] Nothing to retry. All tracked meetings are finalized.
2026-04-25 06:01:15,341 [INFO] [MainThread] Found credentials from IAM Role: transcript-ec2-role
2026-04-25 06:01:15,447 [INFO] [MainThread] === retry_unfinalized starting ===
2026-04-25 06:01:15,447 [INFO] [MainThread] Scanning temp/live-doc-history/ for unfinalized meetings...
2026-04-25 06:01:15,588 [INFO] [MainThread] Found 94 tracked, 94 finalized, 0 need retry
2026-04-25 06:01:15,588 [INFO] [MainThread] Nothing to retry. All tracked meetings are finalized.
2026-04-25 06:12:03,266 [INFO] [MainThread] Found credentials from IAM Role: transcript-ec2-role
2026-04-25 06:12:03,379 [INFO] [MainThread] === retry_unfinalized starting ===
2026-04-25 06:12:03,379 [INFO] [MainThread] Scanning temp/live-doc-history/ for unfinalized meetings...
2026-04-25 06:12:03,486 [INFO] [MainThread] Found 94 tracked, 94 finalized, 0 need retry
2026-04-25 06:12:03,486 [INFO] [MainThread] Nothing to retry. All tracked meetings are finalized.
2026-04-25 06:22:03,560 [INFO] [MainThread] Found credentials from IAM Role: transcript-ec2-role
2026-04-25 06:22:03,691 [INFO] [MainThread] === retry_unfinalized starting ===
2026-04-25 06:22:03,691 [INFO] [MainThread] Scanning temp/live-doc-history/ for unfinalized meetings...
2026-04-25 06:22:03,817 [INFO] [MainThread] Found 94 tracked, 94 finalized, 0 need retry
2026-04-25 06:22:03,818 [INFO] [MainThread] Nothing to retry. All tracked meetings are finalized.
2026-04-25 06:33:03,241 [INFO] [MainThread] Found credentials from IAM Role: transcript-ec2-role
2026-04-25 06:33:03,347 [INFO] [MainThread] === retry_unfinalized starting ===
2026-04-25 06:33:03,348 [INFO] [MainThread] Scanning temp/live-doc-history/ for unfinalized meetings...
2026-04-25 06:33:03,461 [INFO] [MainThread] Found 94 tracked, 94 finalized, 0 need retry
2026-04-25 06:33:03,461 [INFO] [MainThread] Nothing to retry. All tracked meetings are finalized.
2026-04-25 06:44:03,279 [INFO] [MainThread] Found credentials from IAM Role: transcript-ec2-role
2026-04-25 06:44:03,392 [INFO] [MainThread] === retry_unfinalized starting ===
2026-04-25 06:44:03,392 [INFO] [MainThread] Scanning temp/live-doc-history/ for unfinalized meetings...
2026-04-25 06:44:03,514 [INFO] [MainThread] Found 94 tracked, 94 finalized, 0 need retry
2026-04-25 06:44:03,514 [INFO] [MainThread] Nothing to retry. All tracked meetings are finalized.
2026-04-25 06:55:03,283 [INFO] [MainThread] Found credentials from IAM Role: transcript-ec2-role
2026-04-25 06:55:03,407 [INFO] [MainThread] === retry_unfinalized starting ===
2026-04-25 06:55:03,407 [INFO] [MainThread] Scanning temp/live-doc-history/ for unfinalized meetings...
2026-04-25 06:55:03,523 [INFO] [MainThread] Found 94 tracked, 94 finalized, 0 need retry
2026-04-25 06:55:03,523 [INFO] [MainThread] Nothing to retry. All tracked meetings are finalized.
2026-04-25 07:06:03,304 [INFO] [MainThread] Found credentials from IAM Role: transcript-ec2-role
2026-04-25 07:06:03,417 [INFO] [MainThread] === retry_unfinalized starting ===
2026-04-25 07:06:03,418 [INFO] [MainThread] Scanning temp/live-doc-history/ for unfinalized meetings...
2026-04-25 07:06:03,528 [INFO] [MainThread] Found 94 tracked, 94 finalized, 0 need retry
2026-04-25 07:06:03,528 [INFO] [MainThread] Nothing to retry. All tracked meetings are finalized.
2026-04-25 07:16:03,453 [INFO] [MainThread] Found credentials from IAM Role: transcript-ec2-role
2026-04-25 07:16:03,560 [INFO] [MainThread] === retry_unfinalized starting ===
2026-04-25 07:16:03,561 [INFO] [MainThread] Scanning temp/live-doc-history/ for unfinalized meetings...
2026-04-25 07:16:03,681 [INFO] [MainThread] Found 94 tracked, 94 finalized, 0 need retry
2026-04-25 07:16:03,681 [INFO] [MainThread] Nothing to retry. All tracked meetings are finalized.
2026-04-25 07:26:03,536 [INFO] [MainThread] Found credentials from IAM Role: transcript-ec2-role
2026-04-25 07:26:03,650 [INFO] [MainThread] === retry_unfinalized starting ===
2026-04-25 07:26:03,650 [INFO] [MainThread] Scanning temp/live-doc-history/ for unfinalized meetings...
2026-04-25 07:26:03,755 [INFO] [MainThread] Found 94 tracked, 94 finalized, 0 need retry
2026-04-25 07:26:03,755 [INFO] [MainThread] Nothing to retry. All tracked meetings are finalized.
2026-04-25 07:37:03,345 [INFO] [MainThread] Found credentials from IAM Role: transcript-ec2-role
2026-04-25 07:37:03,466 [INFO] [MainThread] === retry_unfinalized starting ===
2026-04-25 07:37:03,466 [INFO] [MainThread] Scanning temp/live-doc-history/ for unfinalized meetings...
2026-04-25 07:37:03,580 [INFO] [MainThread] Found 94 tracked, 94 finalized, 0 need retry
2026-04-25 07:37:03,580 [INFO] [MainThread] Nothing to retry. All tracked meetings are finalized.
2026-04-25 07:48:03,286 [INFO] [MainThread] Found credentials from IAM Role: transcript-ec2-role
2026-04-25 07:48:03,405 [INFO] [MainThread] === retry_unfinalized starting ===
2026-04-25 07:48:03,405 [INFO] [MainThread] Scanning temp/live-doc-history/ for unfinalized meetings...
2026-04-25 07:48:03,515 [INFO] [MainThread] Found 94 tracked, 94 finalized, 0 need retry
2026-04-25 07:48:03,515 [INFO] [MainThread] Nothing to retry. All tracked meetings are finalized.
2026-04-25 07:58:03,464 [INFO] [MainThread] Found credentials from IAM Role: transcript-ec2-role
2026-04-25 07:58:03,572 [INFO] [MainThread] === retry_unfinalized starting ===
2026-04-25 07:58:03,572 [INFO] [MainThread] Scanning temp/live-doc-history/ for unfinalized meetings...
2026-04-25 07:58:03,691 [INFO] [MainThread] Found 94 tracked, 94 finalized, 0 need retry
2026-04-25 07:58:03,691 [INFO] [MainThread] Nothing to retry. All tracked meetings are finalized.
2026-04-25 08:09:03,254 [INFO] [MainThread] Found credentials from IAM Role: transcript-ec2-role
2026-04-25 08:09:03,370 [INFO] [MainThread] === retry_unfinalized starting ===
2026-04-25 08:09:03,370 [INFO] [MainThread] Scanning temp/live-doc-history/ for unfinalized meetings...
2026-04-25 08:09:03,487 [INFO] [MainThread] Found 94 tracked, 94 finalized, 0 need retry
2026-04-25 08:09:03,487 [INFO] [MainThread] Nothing to retry. All tracked meetings are finalized.
2026-04-25 08:20:01,454 [INFO] [MainThread] Found credentials from IAM Role: transcript-ec2-role
2026-04-25 08:20:01,575 [INFO] [MainThread] === retry_unfinalized starting ===
2026-04-25 08:20:01,576 [INFO] [MainThread] Scanning temp/live-doc-history/ for unfinalized meetings...
2026-04-25 08:20:01,680 [INFO] [MainThread] Found 94 tracked, 94 finalized, 0 need retry
2026-04-25 08:20:01,680 [INFO] [MainThread] Nothing to retry. All tracked meetings are finalized.
2026-04-25 08:30:01,900 [INFO] [MainThread] Found credentials from IAM Role: transcript-ec2-role
2026-04-25 08:30:02,049 [INFO] [MainThread] === retry_unfinalized starting ===
2026-04-25 08:30:02,049 [INFO] [MainThread] Scanning temp/live-doc-history/ for unfinalized meetings...
2026-04-25 08:30:02,178 [INFO] [MainThread] Found 94 tracked, 94 finalized, 0 need retry
2026-04-25 08:30:02,178 [INFO] [MainThread] Nothing to retry. All tracked meetings are finalized.
2026-04-25 08:40:02,376 [INFO] [MainThread] Found credentials from IAM Role: transcript-ec2-role
2026-04-25 08:40:02,505 [INFO] [MainThread] === retry_unfinalized starting ===
2026-04-25 08:40:02,505 [INFO] [MainThread] Scanning temp/live-doc-history/ for unfinalized meetings...
2026-04-25 08:40:02,630 [INFO] [MainThread] Found 94 tracked, 94 finalized, 0 need retry
2026-04-25 08:40:02,631 [INFO] [MainThread] Nothing to retry. All tracked meetings are finalized.
2026-04-25 08:50:02,464 [INFO] [MainThread] Found credentials from IAM Role: transcript-ec2-role
2026-04-25 08:50:02,582 [INFO] [MainThread] === retry_unfinalized starting ===
2026-04-25 08:50:02,582 [INFO] [MainThread] Scanning temp/live-doc-history/ for unfinalized meetings...
2026-04-25 08:50:02,706 [INFO] [MainThread] Found 94 tracked, 94 finalized, 0 need retry
2026-04-25 08:50:02,706 [INFO] [MainThread] Nothing to retry. All tracked meetings are finalized.
2026-04-25 09:00:03,281 [INFO] [MainThread] Found credentials from IAM Role: transcript-ec2-role
2026-04-25 09:00:03,392 [INFO] [MainThread] === retry_unfinalized starting ===
2026-04-25 09:00:03,392 [INFO] [MainThread] Scanning temp/live-doc-history/ for unfinalized meetings...
2026-04-25 09:00:03,499 [INFO] [MainThread] Found 94 tracked, 94 finalized, 0 need retry
2026-04-25 09:00:03,499 [INFO] [MainThread] Nothing to retry. All tracked meetings are finalized.
2026-04-25 09:10:12,517 [INFO] [MainThread] Found credentials from IAM Role: transcript-ec2-role
2026-04-25 09:10:12,627 [INFO] [MainThread] === retry_unfinalized starting ===
2026-04-25 09:10:12,627 [INFO] [MainThread] Scanning temp/live-doc-history/ for unfinalized meetings...
2026-04-25 09:10:12,744 [INFO] [MainThread] Found 94 tracked, 94 finalized, 0 need retry
2026-04-25 09:10:12,744 [INFO] [MainThread] Nothing to retry. All tracked meetings are finalized.
2026-04-25 09:21:03,279 [INFO] [MainThread] Found credentials from IAM Role: transcript-ec2-role
2026-04-25 09:21:03,390 [INFO] [MainThread] === retry_unfinalized starting ===
2026-04-25 09:21:03,391 [INFO] [MainThread] Scanning temp/live-doc-history/ for unfinalized meetings...
2026-04-25 09:21:03,498 [INFO] [MainThread] Found 94 tracked, 94 finalized, 0 need retry
2026-04-25 09:21:03,498 [INFO] [MainThread] Nothing to retry. All tracked meetings are finalized.
2026-04-25 09:32:03,278 [INFO] [MainThread] Found credentials from IAM Role: transcript-ec2-role
2026-04-25 09:32:03,394 [INFO] [MainThread] === retry_unfinalized starting ===
2026-04-25 09:32:03,395 [INFO] [MainThread] Scanning temp/live-doc-history/ for unfinalized meetings...
2026-04-25 09:32:03,519 [INFO] [MainThread] Found 94 tracked, 94 finalized, 0 need retry
2026-04-25 09:32:03,519 [INFO] [MainThread] Nothing to retry. All tracked meetings are finalized.
2026-04-25 09:42:03,274 [INFO] [MainThread] Found credentials from IAM Role: transcript-ec2-role
2026-04-25 09:42:03,382 [INFO] [MainThread] === retry_unfinalized starting ===
2026-04-25 09:42:03,382 [INFO] [MainThread] Scanning temp/live-doc-history/ for unfinalized meetings...
2026-04-25 09:42:03,535 [INFO] [MainThread] Found 94 tracked, 94 finalized, 0 need retry
2026-04-25 09:42:03,535 [INFO] [MainThread] Nothing to retry. All tracked meetings are finalized.
2026-04-25 09:52:03,545 [INFO] [MainThread] Found credentials from IAM Role: transcript-ec2-role
2026-04-25 09:52:03,658 [INFO] [MainThread] === retry_unfinalized starting ===
2026-04-25 09:52:03,658 [INFO] [MainThread] Scanning temp/live-doc-history/ for unfinalized meetings...
2026-04-25 09:52:03,769 [INFO] [MainThread] Found 94 tracked, 94 finalized, 0 need retry
2026-04-25 09:52:03,769 [INFO] [MainThread] Nothing to retry. All tracked meetings are finalized.
2026-04-25 10:03:03,273 [INFO] [MainThread] Found credentials from IAM Role: transcript-ec2-role
2026-04-25 10:03:03,380 [INFO] [MainThread] === retry_unfinalized starting ===
2026-04-25 10:03:03,380 [INFO] [MainThread] Scanning temp/live-doc-history/ for unfinalized meetings...
2026-04-25 10:03:03,493 [INFO] [MainThread] Found 94 tracked, 94 finalized, 0 need retry
2026-04-25 10:03:03,493 [INFO] [MainThread] Nothing to retry. All tracked meetings are finalized.
2026-04-25 10:14:03,269 [INFO] [MainThread] Found credentials from IAM Role: transcript-ec2-role
2026-04-25 10:14:03,380 [INFO] [MainThread] === retry_unfinalized starting ===
2026-04-25 10:14:03,380 [INFO] [MainThread] Scanning temp/live-doc-history/ for unfinalized meetings...
2026-04-25 10:14:03,492 [INFO] [MainThread] Found 94 tracked, 94 finalized, 0 need retry
2026-04-25 10:14:03,492 [INFO] [MainThread] Nothing to retry. All tracked meetings are finalized.
2026-04-25 10:24:03,495 [INFO] [MainThread] Found credentials from IAM Role: transcript-ec2-role
2026-04-25 10:24:03,606 [INFO] [MainThread] === retry_unfinalized starting ===
2026-04-25 10:24:03,606 [INFO] [MainThread] Scanning temp/live-doc-history/ for unfinalized meetings...
2026-04-25 10:24:03,720 [INFO] [MainThread] Found 94 tracked, 94 finalized, 0 need retry
2026-04-25 10:24:03,721 [INFO] [MainThread] Nothing to retry. All tracked meetings are finalized.
2026-04-25 10:35:03,261 [INFO] [MainThread] Found credentials from IAM Role: transcript-ec2-role
2026-04-25 10:35:03,372 [INFO] [MainThread] === retry_unfinalized starting ===
2026-04-25 10:35:03,372 [INFO] [MainThread] Scanning temp/live-doc-history/ for unfinalized meetings...
2026-04-25 10:35:03,501 [INFO] [MainThread] Found 94 tracked, 94 finalized, 0 need retry
2026-04-25 10:35:03,501 [INFO] [MainThread] Nothing to retry. All tracked meetings are finalized.
2026-04-25 10:46:03,258 [INFO] [MainThread] Found credentials from IAM Role: transcript-ec2-role
2026-04-25 10:46:03,366 [INFO] [MainThread] === retry_unfinalized starting ===
2026-04-25 10:46:03,366 [INFO] [MainThread] Scanning temp/live-doc-history/ for unfinalized meetings...
2026-04-25 10:46:03,482 [INFO] [MainThread] Found 94 tracked, 94 finalized, 0 need retry
2026-04-25 10:46:03,482 [INFO] [MainThread] Nothing to retry. All tracked meetings are finalized.
2026-04-25 10:57:03,260 [INFO] [MainThread] Found credentials from IAM Role: transcript-ec2-role
2026-04-25 10:57:03,368 [INFO] [MainThread] === retry_unfinalized starting ===
2026-04-25 10:57:03,368 [INFO] [MainThread] Scanning temp/live-doc-history/ for unfinalized meetings...
2026-04-25 10:57:03,474 [INFO] [MainThread] Found 94 tracked, 94 finalized, 0 need retry
2026-04-25 10:57:03,475 [INFO] [MainThread] Nothing to retry. All tracked meetings are finalized.
2026-04-25 11:08:03,260 [INFO] [MainThread] Found credentials from IAM Role: transcript-ec2-role
2026-04-25 11:08:03,372 [INFO] [MainThread] === retry_unfinalized starting ===
2026-04-25 11:08:03,372 [INFO] [MainThread] Scanning temp/live-doc-history/ for unfinalized meetings...
2026-04-25 11:08:03,473 [INFO] [MainThread] Found 94 tracked, 94 finalized, 0 need retry
2026-04-25 11:08:03,473 [INFO] [MainThread] Nothing to retry. All tracked meetings are finalized.
2026-04-25 11:18:03,512 [INFO] [MainThread] Found credentials from IAM Role: transcript-ec2-role
2026-04-25 11:18:03,623 [INFO] [MainThread] === retry_unfinalized starting ===
2026-04-25 11:18:03,623 [INFO] [MainThread] Scanning temp/live-doc-history/ for unfinalized meetings...
2026-04-25 11:18:03,739 [INFO] [MainThread] Found 94 tracked, 94 finalized, 0 need retry
2026-04-25 11:18:03,739 [INFO] [MainThread] Nothing to retry. All tracked meetings are finalized.
2026-04-25 11:29:03,256 [INFO] [MainThread] Found credentials from IAM Role: transcript-ec2-role
2026-04-25 11:29:03,364 [INFO] [MainThread] === retry_unfinalized starting ===
2026-04-25 11:29:03,364 [INFO] [MainThread] Scanning temp/live-doc-history/ for unfinalized meetings...
2026-04-25 11:29:03,484 [INFO] [MainThread] Found 94 tracked, 94 finalized, 0 need retry
2026-04-25 11:29:03,484 [INFO] [MainThread] Nothing to retry. All tracked meetings are finalized.
2026-04-25 11:40:02,234 [INFO] [MainThread] Found credentials from IAM Role: transcript-ec2-role
2026-04-25 11:40:02,352 [INFO] [MainThread] === retry_unfinalized starting ===
2026-04-25 11:40:02,352 [INFO] [MainThread] Scanning temp/live-doc-history/ for unfinalized meetings...
2026-04-25 11:40:02,475 [INFO] [MainThread] Found 94 tracked, 94 finalized, 0 need retry
2026-04-25 11:40:02,476 [INFO] [MainThread] Nothing to retry. All tracked meetings are finalized.
2026-04-25 11:50:03,254 [INFO] [MainThread] Found credentials from IAM Role: transcript-ec2-role
2026-04-25 11:50:03,364 [INFO] [MainThread] === retry_unfinalized starting ===
2026-04-25 11:50:03,364 [INFO] [MainThread] Scanning temp/live-doc-history/ for unfinalized meetings...
2026-04-25 11:50:03,473 [INFO] [MainThread] Found 94 tracked, 94 finalized, 0 need retry
2026-04-25 11:50:03,473 [INFO] [MainThread] Nothing to retry. All tracked meetings are finalized.
2026-04-25 12:00:12,767 [INFO] [MainThread] Found credentials from IAM Role: transcript-ec2-role
2026-04-25 12:00:12,878 [INFO] [MainThread] === retry_unfinalized starting ===
2026-04-25 12:00:12,878 [INFO] [MainThread] Scanning temp/live-doc-history/ for unfinalized meetings...
2026-04-25 12:00:12,988 [INFO] [MainThread] Found 94 tracked, 94 finalized, 0 need retry
2026-04-25 12:00:12,988 [INFO] [MainThread] Nothing to retry. All tracked meetings are finalized.
2026-04-25 12:11:03,268 [INFO] [MainThread] Found credentials from IAM Role: transcript-ec2-role
2026-04-25 12:11:03,382 [INFO] [MainThread] === retry_unfinalized starting ===
2026-04-25 12:11:03,382 [INFO] [MainThread] Scanning temp/live-doc-history/ for unfinalized meetings...
2026-04-25 12:11:03,491 [INFO] [MainThread] Found 94 tracked, 94 finalized, 0 need retry
2026-04-25 12:11:03,491 [INFO] [MainThread] Nothing to retry. All tracked meetings are finalized.
2026-04-25 12:22:03,263 [INFO] [MainThread] Found credentials from IAM Role: transcript-ec2-role
2026-04-25 12:22:03,374 [INFO] [MainThread] === retry_unfinalized starting ===
2026-04-25 12:22:03,374 [INFO] [MainThread] Scanning temp/live-doc-history/ for unfinalized meetings...
2026-04-25 12:22:03,486 [INFO] [MainThread] Found 94 tracked, 94 finalized, 0 need retry
2026-04-25 12:22:03,486 [INFO] [MainThread] Nothing to retry. All tracked meetings are finalized.
2026-04-25 12:32:03,276 [INFO] [MainThread] Found credentials from IAM Role: transcript-ec2-role
2026-04-25 12:32:03,383 [INFO] [MainThread] === retry_unfinalized starting ===
2026-04-25 12:32:03,383 [INFO] [MainThread] Scanning temp/live-doc-history/ for unfinalized meetings...
2026-04-25 12:32:03,490 [INFO] [MainThread] Found 94 tracked, 94 finalized, 0 need retry
2026-04-25 12:32:03,490 [INFO] [MainThread] Nothing to retry. All tracked meetings are finalized.
2026-04-25 12:42:03,441 [INFO] [MainThread] Found credentials from IAM Role: transcript-ec2-role
2026-04-25 12:42:03,548 [INFO] [MainThread] === retry_unfinalized starting ===
2026-04-25 12:42:03,548 [INFO] [MainThread] Scanning temp/live-doc-history/ for unfinalized meetings...
2026-04-25 12:42:03,659 [INFO] [MainThread] Found 94 tracked, 94 finalized, 0 need retry
2026-04-25 12:42:03,660 [INFO] [MainThread] Nothing to retry. All tracked meetings are finalized.
2026-04-25 12:53:03,268 [INFO] [MainThread] Found credentials from IAM Role: transcript-ec2-role
2026-04-25 12:53:03,376 [INFO] [MainThread] === retry_unfinalized starting ===
2026-04-25 12:53:03,377 [INFO] [MainThread] Scanning temp/live-doc-history/ for unfinalized meetings...
2026-04-25 12:53:03,476 [INFO] [MainThread] Found 94 tracked, 94 finalized, 0 need retry
2026-04-25 12:53:03,476 [INFO] [MainThread] Nothing to retry. All tracked meetings are finalized.
2026-04-25 13:04:03,264 [INFO] [MainThread] Found credentials from IAM Role: transcript-ec2-role
2026-04-25 13:04:03,375 [INFO] [MainThread] === retry_unfinalized starting ===
2026-04-25 13:04:03,375 [INFO] [MainThread] Scanning temp/live-doc-history/ for unfinalized meetings...
2026-04-25 13:04:03,488 [INFO] [MainThread] Found 94 tracked, 94 finalized, 0 need retry
2026-04-25 13:04:03,488 [INFO] [MainThread] Nothing to retry. All tracked meetings are finalized.
2026-04-25 13:14:03,453 [INFO] [MainThread] Found credentials from IAM Role: transcript-ec2-role
2026-04-25 13:14:03,563 [INFO] [MainThread] === retry_unfinalized starting ===
2026-04-25 13:14:03,563 [INFO] [MainThread] Scanning temp/live-doc-history/ for unfinalized meetings...
2026-04-25 13:14:03,701 [INFO] [MainThread] Found 94 tracked, 94 finalized, 0 need retry
2026-04-25 13:14:03,701 [INFO] [MainThread] Nothing to retry. All tracked meetings are finalized.
2026-04-25 13:25:03,269 [INFO] [MainThread] Found credentials from IAM Role: transcript-ec2-role
2026-04-25 13:25:03,374 [INFO] [MainThread] === retry_unfinalized starting ===
2026-04-25 13:25:03,374 [INFO] [MainThread] Scanning temp/live-doc-history/ for unfinalized meetings...
2026-04-25 13:25:03,483 [INFO] [MainThread] Found 94 tracked, 94 finalized, 0 need retry
2026-04-25 13:25:03,483 [INFO] [MainThread] Nothing to retry. All tracked meetings are finalized.
2026-04-25 13:36:03,265 [INFO] [MainThread] Found credentials from IAM Role: transcript-ec2-role
2026-04-25 13:36:03,377 [INFO] [MainThread] === retry_unfinalized starting ===
2026-04-25 13:36:03,377 [INFO] [MainThread] Scanning temp/live-doc-history/ for unfinalized meetings...
2026-04-25 13:36:03,481 [INFO] [MainThread] Found 94 tracked, 94 finalized, 0 need retry
2026-04-25 13:36:03,481 [INFO] [MainThread] Nothing to retry. All tracked meetings are finalized.
2026-04-25 13:46:03,474 [INFO] [MainThread] Found credentials from IAM Role: transcript-ec2-role
2026-04-25 13:46:03,590 [INFO] [MainThread] === retry_unfinalized starting ===
2026-04-25 13:46:03,591 [INFO] [MainThread] Scanning temp/live-doc-history/ for unfinalized meetings...
2026-04-25 13:46:03,708 [INFO] [MainThread] Found 94 tracked, 94 finalized, 0 need retry
2026-04-25 13:46:03,708 [INFO] [MainThread] Nothing to retry. All tracked meetings are finalized.
2026-04-25 13:57:03,259 [INFO] [MainThread] Found credentials from IAM Role: transcript-ec2-role
2026-04-25 13:57:03,369 [INFO] [MainThread] === retry_unfinalized starting ===
2026-04-25 13:57:03,369 [INFO] [MainThread] Scanning temp/live-doc-history/ for unfinalized meetings...
2026-04-25 13:57:03,505 [INFO] [MainThread] Found 94 tracked, 94 finalized, 0 need retry
2026-04-25 13:57:03,505 [INFO] [MainThread] Nothing to retry. All tracked meetings are finalized.
2026-04-25 14:08:03,266 [INFO] [MainThread] Found credentials from IAM Role: transcript-ec2-role
2026-04-25 14:08:03,377 [INFO] [MainThread] === retry_unfinalized starting ===
2026-04-25 14:08:03,377 [INFO] [MainThread] Scanning temp/live-doc-history/ for unfinalized meetings...
2026-04-25 14:08:03,489 [INFO] [MainThread] Found 94 tracked, 94 finalized, 0 need retry
2026-04-25 14:08:03,489 [INFO] [MainThread] Nothing to retry. All tracked meetings are finalized.
2026-04-25 14:18:03,449 [INFO] [MainThread] Found credentials from IAM Role: transcript-ec2-role
2026-04-25 14:18:03,560 [INFO] [MainThread] === retry_unfinalized starting ===
2026-04-25 14:18:03,561 [INFO] [MainThread] Scanning temp/live-doc-history/ for unfinalized meetings...
2026-04-25 14:18:03,663 [INFO] [MainThread] Found 94 tracked, 94 finalized, 0 need retry
2026-04-25 14:18:03,663 [INFO] [MainThread] Nothing to retry. All tracked meetings are finalized.
2026-04-25 14:29:03,305 [INFO] [MainThread] Found credentials from IAM Role: transcript-ec2-role
2026-04-25 14:29:03,420 [INFO] [MainThread] === retry_unfinalized starting ===
2026-04-25 14:29:03,420 [INFO] [MainThread] Scanning temp/live-doc-history/ for unfinalized meetings...
2026-04-25 14:29:03,531 [INFO] [MainThread] Found 94 tracked, 94 finalized, 0 need retry
2026-04-25 14:29:03,531 [INFO] [MainThread] Nothing to retry. All tracked meetings are finalized.
2026-04-25 14:40:01,541 [INFO] [MainThread] Found credentials from IAM Role: transcript-ec2-role
2026-04-25 14:40:01,655 [INFO] [MainThread] === retry_unfinalized starting ===
2026-04-25 14:40:01,655 [INFO] [MainThread] Scanning temp/live-doc-history/ for unfinalized meetings...
2026-04-25 14:40:01,762 [INFO] [MainThread] Found 94 tracked, 94 finalized, 0 need retry
2026-04-25 14:40:01,762 [INFO] [MainThread] Nothing to retry. All tracked meetings are finalized.
2026-04-25 14:50:02,069 [INFO] [MainThread] Found credentials from IAM Role: transcript-ec2-role
2026-04-25 14:50:02,181 [INFO] [MainThread] === retry_unfinalized starting ===
2026-04-25 14:50:02,182 [INFO] [MainThread] Scanning temp/live-doc-history/ for unfinalized meetings...
2026-04-25 14:50:02,305 [INFO] [MainThread] Found 94 tracked, 94 finalized, 0 need retry
2026-04-25 14:50:02,306 [INFO] [MainThread] Nothing to retry. All tracked meetings are finalized.
2026-04-25 15:00:03,250 [INFO] [MainThread] Found credentials from IAM Role: transcript-ec2-role
2026-04-25 15:00:03,360 [INFO] [MainThread] === retry_unfinalized starting ===
2026-04-25 15:00:03,360 [INFO] [MainThread] Scanning temp/live-doc-history/ for unfinalized meetings...
2026-04-25 15:00:03,463 [INFO] [MainThread] Found 94 tracked, 94 finalized, 0 need retry
2026-04-25 15:00:03,463 [INFO] [MainThread] Nothing to retry. All tracked meetings are finalized.
2026-04-25 15:10:12,807 [INFO] [MainThread] Found credentials from IAM Role: transcript-ec2-role
2026-04-25 15:10:12,922 [INFO] [MainThread] === retry_unfinalized starting ===
2026-04-25 15:10:12,922 [INFO] [MainThread] Scanning temp/live-doc-history/ for unfinalized meetings...
2026-04-25 15:10:13,034 [INFO] [MainThread] Found 94 tracked, 94 finalized, 0 need retry
2026-04-25 15:10:13,034 [INFO] [MainThread] Nothing to retry. All tracked meetings are finalized.
2026-04-25 15:21:03,261 [INFO] [MainThread] Found credentials from IAM Role: transcript-ec2-role
2026-04-25 15:21:03,369 [INFO] [MainThread] === retry_unfinalized starting ===
2026-04-25 15:21:03,369 [INFO] [MainThread] Scanning temp/live-doc-history/ for unfinalized meetings...
2026-04-25 15:21:03,503 [INFO] [MainThread] Found 94 tracked, 94 finalized, 0 need retry
2026-04-25 15:21:03,503 [INFO] [MainThread] Nothing to retry. All tracked meetings are finalized.
2026-04-25 15:32:03,262 [INFO] [MainThread] Found credentials from IAM Role: transcript-ec2-role
2026-04-25 15:32:03,370 [INFO] [MainThread] === retry_unfinalized starting ===
2026-04-25 15:32:03,370 [INFO] [MainThread] Scanning temp/live-doc-history/ for unfinalized meetings...
2026-04-25 15:32:03,476 [INFO] [MainThread] Found 94 tracked, 94 finalized, 0 need retry
2026-04-25 15:32:03,477 [INFO] [MainThread] Nothing to retry. All tracked meetings are finalized.
2026-04-25 15:42:03,272 [INFO] [MainThread] Found credentials from IAM Role: transcript-ec2-role
2026-04-25 15:42:03,382 [INFO] [MainThread] === retry_unfinalized starting ===
2026-04-25 15:42:03,382 [INFO] [MainThread] Scanning temp/live-doc-history/ for unfinalized meetings...
2026-04-25 15:42:03,518 [INFO] [MainThread] Found 94 tracked, 94 finalized, 0 need retry
2026-04-25 15:42:03,518 [INFO] [MainThread] Nothing to retry. All tracked meetings are finalized.
2026-04-25 15:52:03,288 [INFO] [MainThread] Found credentials from IAM Role: transcript-ec2-role
2026-04-25 15:52:03,398 [INFO] [MainThread] === retry_unfinalized starting ===
2026-04-25 15:52:03,398 [INFO] [MainThread] Scanning temp/live-doc-history/ for unfinalized meetings...
2026-04-25 15:52:03,506 [INFO] [MainThread] Found 94 tracked, 94 finalized, 0 need retry
2026-04-25 15:52:03,506 [INFO] [MainThread] Nothing to retry. All tracked meetings are finalized.
2026-04-25 16:02:03,492 [INFO] [MainThread] Found credentials from IAM Role: transcript-ec2-role
2026-04-25 16:02:03,602 [INFO] [MainThread] === retry_unfinalized starting ===
2026-04-25 16:02:03,602 [INFO] [MainThread] Scanning temp/live-doc-history/ for unfinalized meetings...
2026-04-25 16:02:03,717 [INFO] [MainThread] Found 94 tracked, 94 finalized, 0 need retry
2026-04-25 16:02:03,718 [INFO] [MainThread] Nothing to retry. All tracked meetings are finalized.
2026-04-25 16:13:03,258 [INFO] [MainThread] Found credentials from IAM Role: transcript-ec2-role
2026-04-25 16:13:03,371 [INFO] [MainThread] === retry_unfinalized starting ===
2026-04-25 16:13:03,371 [INFO] [MainThread] Scanning temp/live-doc-history/ for unfinalized meetings...
2026-04-25 16:13:03,486 [INFO] [MainThread] Found 94 tracked, 94 finalized, 0 need retry
2026-04-25 16:13:03,486 [INFO] [MainThread] Nothing to retry. All tracked meetings are finalized.
2026-04-25 16:24:03,288 [INFO] [MainThread] Found credentials from IAM Role: transcript-ec2-role
2026-04-25 16:24:03,396 [INFO] [MainThread] === retry_unfinalized starting ===
2026-04-25 16:24:03,396 [INFO] [MainThread] Scanning temp/live-doc-history/ for unfinalized meetings...
2026-04-25 16:24:03,512 [INFO] [MainThread] Found 94 tracked, 94 finalized, 0 need retry
2026-04-25 16:24:03,512 [INFO] [MainThread] Nothing to retry. All tracked meetings are finalized.
2026-04-25 16:34:03,475 [INFO] [MainThread] Found credentials from IAM Role: transcript-ec2-role
2026-04-25 16:34:03,583 [INFO] [MainThread] === retry_unfinalized starting ===
2026-04-25 16:34:03,583 [INFO] [MainThread] Scanning temp/live-doc-history/ for unfinalized meetings...
2026-04-25 16:34:03,699 [INFO] [MainThread] Found 94 tracked, 94 finalized, 0 need retry
2026-04-25 16:34:03,699 [INFO] [MainThread] Nothing to retry. All tracked meetings are finalized.
2026-04-25 16:45:03,268 [INFO] [MainThread] Found credentials from IAM Role: transcript-ec2-role
2026-04-25 16:45:03,376 [INFO] [MainThread] === retry_unfinalized starting ===
2026-04-25 16:45:03,376 [INFO] [MainThread] Scanning temp/live-doc-history/ for unfinalized meetings...
2026-04-25 16:45:03,499 [INFO] [MainThread] Found 94 tracked, 94 finalized, 0 need retry
2026-04-25 16:45:03,500 [INFO] [MainThread] Nothing to retry. All tracked meetings are finalized.
2026-04-25 16:56:03,274 [INFO] [MainThread] Found credentials from IAM Role: transcript-ec2-role
2026-04-25 16:56:03,384 [INFO] [MainThread] === retry_unfinalized starting ===
2026-04-25 16:56:03,384 [INFO] [MainThread] Scanning temp/live-doc-history/ for unfinalized meetings...
2026-04-25 16:56:03,497 [INFO] [MainThread] Found 94 tracked, 94 finalized, 0 need retry
2026-04-25 16:56:03,497 [INFO] [MainThread] Nothing to retry. All tracked meetings are finalized.
2026-04-25 17:06:03,528 [INFO] [MainThread] Found credentials from IAM Role: transcript-ec2-role
2026-04-25 17:06:03,635 [INFO] [MainThread] === retry_unfinalized starting ===
2026-04-25 17:06:03,635 [INFO] [MainThread] Scanning temp/live-doc-history/ for unfinalized meetings...
2026-04-25 17:06:03,748 [INFO] [MainThread] Found 94 tracked, 94 finalized, 0 need retry
2026-04-25 17:06:03,748 [INFO] [MainThread] Nothing to retry. All tracked meetings are finalized.
2026-04-25 17:17:03,255 [INFO] [MainThread] Found credentials from IAM Role: transcript-ec2-role
2026-04-25 17:17:03,369 [INFO] [MainThread] === retry_unfinalized starting ===
2026-04-25 17:17:03,369 [INFO] [MainThread] Scanning temp/live-doc-history/ for unfinalized meetings...
2026-04-25 17:17:03,481 [INFO] [MainThread] Found 94 tracked, 94 finalized, 0 need retry
2026-04-25 17:17:03,481 [INFO] [MainThread] Nothing to retry. All tracked meetings are finalized.
2026-04-25 17:28:03,264 [INFO] [MainThread] Found credentials from IAM Role: transcript-ec2-role
2026-04-25 17:28:03,372 [INFO] [MainThread] === retry_unfinalized starting ===
2026-04-25 17:28:03,372 [INFO] [MainThread] Scanning temp/live-doc-history/ for unfinalized meetings...
2026-04-25 17:28:03,485 [INFO] [MainThread] Found 94 tracked, 94 finalized, 0 need retry
2026-04-25 17:28:03,485 [INFO] [MainThread] Nothing to retry. All tracked meetings are finalized.
2026-04-25 17:38:03,311 [INFO] [MainThread] Found credentials from IAM Role: transcript-ec2-role
2026-04-25 17:38:03,423 [INFO] [MainThread] === retry_unfinalized starting ===
2026-04-25 17:38:03,423 [INFO] [MainThread] Scanning temp/live-doc-history/ for unfinalized meetings...
2026-04-25 17:38:03,531 [INFO] [MainThread] Found 94 tracked, 94 finalized, 0 need retry
2026-04-25 17:38:03,531 [INFO] [MainThread] Nothing to retry. All tracked meetings are finalized.
2026-04-25 17:48:03,544 [INFO] [MainThread] Found credentials from IAM Role: transcript-ec2-role
2026-04-25 17:48:03,656 [INFO] [MainThread] === retry_unfinalized starting ===
2026-04-25 17:48:03,656 [INFO] [MainThread] Scanning temp/live-doc-history/ for unfinalized meetings...
2026-04-25 17:48:03,769 [INFO] [MainThread] Found 94 tracked, 94 finalized, 0 need retry
2026-04-25 17:48:03,770 [INFO] [MainThread] Nothing to retry. All tracked meetings are finalized.
2026-04-25 17:59:03,261 [INFO] [MainThread] Found credentials from IAM Role: transcript-ec2-role
2026-04-25 17:59:03,370 [INFO] [MainThread] === retry_unfinalized starting ===
2026-04-25 17:59:03,370 [INFO] [MainThread] Scanning temp/live-doc-history/ for unfinalized meetings...
2026-04-25 17:59:03,487 [INFO] [MainThread] Found 94 tracked, 94 finalized, 0 need retry
2026-04-25 17:59:03,487 [INFO] [MainThread] Nothing to retry. All tracked meetings are finalized.
2026-04-25 18:10:02,329 [INFO] [MainThread] Found credentials from IAM Role: transcript-ec2-role
2026-04-25 18:10:02,439 [INFO] [MainThread] === retry_unfinalized starting ===
2026-04-25 18:10:02,439 [INFO] [MainThread] Scanning temp/live-doc-history/ for unfinalized meetings...
2026-04-25 18:10:02,544 [INFO] [MainThread] Found 94 tracked, 94 finalized, 0 need retry
2026-04-25 18:10:02,545 [INFO] [MainThread] Nothing to retry. All tracked meetings are finalized.
2026-04-25 18:20:03,258 [INFO] [MainThread] Found credentials from IAM Role: transcript-ec2-role
2026-04-25 18:20:03,369 [INFO] [MainThread] === retry_unfinalized starting ===
2026-04-25 18:20:03,369 [INFO] [MainThread] Scanning temp/live-doc-history/ for unfinalized meetings...
2026-04-25 18:20:03,488 [INFO] [MainThread] Found 94 tracked, 94 finalized, 0 need retry
2026-04-25 18:20:03,488 [INFO] [MainThread] Nothing to retry. All tracked meetings are finalized.
2026-04-25 18:30:13,024 [INFO] [MainThread] Found credentials from IAM Role: transcript-ec2-role
2026-04-25 18:30:13,135 [INFO] [MainThread] === retry_unfinalized starting ===
2026-04-25 18:30:13,135 [INFO] [MainThread] Scanning temp/live-doc-history/ for unfinalized meetings...
2026-04-25 18:30:13,237 [INFO] [MainThread] Found 94 tracked, 94 finalized, 0 need retry
2026-04-25 18:30:13,237 [INFO] [MainThread] Nothing to retry. All tracked meetings are finalized.
2026-04-25 18:40:13,103 [INFO] [MainThread] Found credentials from IAM Role: transcript-ec2-role
2026-04-25 18:40:13,217 [INFO] [MainThread] === retry_unfinalized starting ===
2026-04-25 18:40:13,217 [INFO] [MainThread] Scanning temp/live-doc-history/ for unfinalized meetings...
2026-04-25 18:40:13,328 [INFO] [MainThread] Found 94 tracked, 94 finalized, 0 need retry
2026-04-25 18:40:13,328 [INFO] [MainThread] Nothing to retry. All tracked meetings are finalized.
2026-04-25 18:51:03,258 [INFO] [MainThread] Found credentials from IAM Role: transcript-ec2-role
2026-04-25 18:51:03,369 [INFO] [MainThread] === retry_unfinalized starting ===
2026-04-25 18:51:03,369 [INFO] [MainThread] Scanning temp/live-doc-history/ for unfinalized meetings...
2026-04-25 18:51:03,474 [INFO] [MainThread] Found 94 tracked, 94 finalized, 0 need retry
2026-04-25 18:51:03,474 [INFO] [MainThread] Nothing to retry. All tracked meetings are finalized.
2026-04-25 19:01:03,271 [INFO] [MainThread] Found credentials from IAM Role: transcript-ec2-role
2026-04-25 19:01:03,381 [INFO] [MainThread] === retry_unfinalized starting ===
2026-04-25 19:01:03,381 [INFO] [MainThread] Scanning temp/live-doc-history/ for unfinalized meetings...
2026-04-25 19:01:03,492 [INFO] [MainThread] Found 94 tracked, 94 finalized, 0 need retry
2026-04-25 19:01:03,492 [INFO] [MainThread] Nothing to retry. All tracked meetings are finalized.
2026-04-25 19:12:03,264 [INFO] [MainThread] Found credentials from IAM Role: transcript-ec2-role
2026-04-25 19:12:03,375 [INFO] [MainThread] === retry_unfinalized starting ===
2026-04-25 19:12:03,375 [INFO] [MainThread] Scanning temp/live-doc-history/ for unfinalized meetings...
2026-04-25 19:12:03,482 [INFO] [MainThread] Found 94 tracked, 94 finalized, 0 need retry
2026-04-25 19:12:03,483 [INFO] [MainThread] Nothing to retry. All tracked meetings are finalized.
2026-04-25 19:22:03,280 [INFO] [MainThread] Found credentials from IAM Role: transcript-ec2-role
2026-04-25 19:22:03,389 [INFO] [MainThread] === retry_unfinalized starting ===
2026-04-25 19:22:03,389 [INFO] [MainThread] Scanning temp/live-doc-history/ for unfinalized meetings...
2026-04-25 19:22:03,506 [INFO] [MainThread] Found 94 tracked, 94 finalized, 0 need retry
2026-04-25 19:22:03,507 [INFO] [MainThread] Nothing to retry. All tracked meetings are finalized.
2026-04-25 19:32:03,293 [INFO] [MainThread] Found credentials from IAM Role: transcript-ec2-role
2026-04-25 19:32:03,408 [INFO] [MainThread] === retry_unfinalized starting ===
2026-04-25 19:32:03,408 [INFO] [MainThread] Scanning temp/live-doc-history/ for unfinalized meetings...
2026-04-25 19:32:03,515 [INFO] [MainThread] Found 94 tracked, 94 finalized, 0 need retry
2026-04-25 19:32:03,515 [INFO] [MainThread] Nothing to retry. All tracked meetings are finalized.
2026-04-25 19:42:03,466 [INFO] [MainThread] Found credentials from IAM Role: transcript-ec2-role
2026-04-25 19:42:03,578 [INFO] [MainThread] === retry_unfinalized starting ===
2026-04-25 19:42:03,578 [INFO] [MainThread] Scanning temp/live-doc-history/ for unfinalized meetings...
2026-04-25 19:42:03,687 [INFO] [MainThread] Found 94 tracked, 94 finalized, 0 need retry
2026-04-25 19:42:03,687 [INFO] [MainThread] Nothing to retry. All tracked meetings are finalized.
2026-04-25 19:53:03,253 [INFO] [MainThread] Found credentials from IAM Role: transcript-ec2-role
2026-04-25 19:53:03,360 [INFO] [MainThread] === retry_unfinalized starting ===
2026-04-25 19:53:03,361 [INFO] [MainThread] Scanning temp/live-doc-history/ for unfinalized meetings...
2026-04-25 19:53:03,464 [INFO] [MainThread] Found 94 tracked, 94 finalized, 0 need retry
2026-04-25 19:53:03,464 [INFO] [MainThread] Nothing to retry. All tracked meetings are finalized.
2026-04-25 20:03:03,261 [INFO] [MainThread] Found credentials from IAM Role: transcript-ec2-role
2026-04-25 20:03:03,370 [INFO] [MainThread] === retry_unfinalized starting ===
2026-04-25 20:03:03,370 [INFO] [MainThread] Scanning temp/live-doc-history/ for unfinalized meetings...
2026-04-25 20:03:03,475 [INFO] [MainThread] Found 94 tracked, 94 finalized, 0 need retry
2026-04-25 20:03:03,475 [INFO] [MainThread] Nothing to retry. All tracked meetings are finalized.
2026-04-25 20:14:03,295 [INFO] [MainThread] Found credentials from IAM Role: transcript-ec2-role
2026-04-25 20:14:03,406 [INFO] [MainThread] === retry_unfinalized starting ===
2026-04-25 20:14:03,406 [INFO] [MainThread] Scanning temp/live-doc-history/ for unfinalized meetings...
2026-04-25 20:14:03,520 [INFO] [MainThread] Found 94 tracked, 94 finalized, 0 need retry
2026-04-25 20:14:03,520 [INFO] [MainThread] Nothing to retry. All tracked meetings are finalized.
2026-04-25 20:24:03,504 [INFO] [MainThread] Found credentials from IAM Role: transcript-ec2-role
2026-04-25 20:24:03,613 [INFO] [MainThread] === retry_unfinalized starting ===
2026-04-25 20:24:03,613 [INFO] [MainThread] Scanning temp/live-doc-history/ for unfinalized meetings...
2026-04-25 20:24:03,722 [INFO] [MainThread] Found 94 tracked, 94 finalized, 0 need retry
2026-04-25 20:24:03,722 [INFO] [MainThread] Nothing to retry. All tracked meetings are finalized.
2026-04-25 20:35:03,291 [INFO] [MainThread] Found credentials from IAM Role: transcript-ec2-role
2026-04-25 20:35:03,401 [INFO] [MainThread] === retry_unfinalized starting ===
2026-04-25 20:35:03,401 [INFO] [MainThread] Scanning temp/live-doc-history/ for unfinalized meetings...
2026-04-25 20:35:03,511 [INFO] [MainThread] Found 94 tracked, 94 finalized, 0 need retry
2026-04-25 20:35:03,511 [INFO] [MainThread] Nothing to retry. All tracked meetings are finalized.
2026-04-25 20:46:03,292 [INFO] [MainThread] Found credentials from IAM Role: transcript-ec2-role
2026-04-25 20:46:03,404 [INFO] [MainThread] === retry_unfinalized starting ===
2026-04-25 20:46:03,404 [INFO] [MainThread] Scanning temp/live-doc-history/ for unfinalized meetings...
2026-04-25 20:46:03,519 [INFO] [MainThread] Found 94 tracked, 94 finalized, 0 need retry
2026-04-25 20:46:03,519 [INFO] [MainThread] Nothing to retry. All tracked meetings are finalized.
2026-04-25 20:56:03,482 [INFO] [MainThread] Found credentials from IAM Role: transcript-ec2-role
2026-04-25 20:56:03,592 [INFO] [MainThread] === retry_unfinalized starting ===
2026-04-25 20:56:03,592 [INFO] [MainThread] Scanning temp/live-doc-history/ for unfinalized meetings...
2026-04-25 20:56:03,700 [INFO] [MainThread] Found 94 tracked, 94 finalized, 0 need retry
2026-04-25 20:56:03,700 [INFO] [MainThread] Nothing to retry. All tracked meetings are finalized.
2026-04-25 21:07:03,249 [INFO] [MainThread] Found credentials from IAM Role: transcript-ec2-role
2026-04-25 21:07:03,356 [INFO] [MainThread] === retry_unfinalized starting ===
2026-04-25 21:07:03,356 [INFO] [MainThread] Scanning temp/live-doc-history/ for unfinalized meetings...
2026-04-25 21:07:03,462 [INFO] [MainThread] Found 94 tracked, 94 finalized, 0 need retry
2026-04-25 21:07:03,463 [INFO] [MainThread] Nothing to retry. All tracked meetings are finalized.
2026-04-25 21:18:03,262 [INFO] [MainThread] Found credentials from IAM Role: transcript-ec2-role
2026-04-25 21:18:03,371 [INFO] [MainThread] === retry_unfinalized starting ===
2026-04-25 21:18:03,371 [INFO] [MainThread] Scanning temp/live-doc-history/ for unfinalized meetings...
2026-04-25 21:18:03,578 [INFO] [MainThread] Found 94 tracked, 94 finalized, 0 need retry
2026-04-25 21:18:03,579 [INFO] [MainThread] Nothing to retry. All tracked meetings are finalized.
2026-04-25 21:28:03,275 [INFO] [MainThread] Found credentials from IAM Role: transcript-ec2-role
2026-04-25 21:28:03,384 [INFO] [MainThread] === retry_unfinalized starting ===
2026-04-25 21:28:03,384 [INFO] [MainThread] Scanning temp/live-doc-history/ for unfinalized meetings...
2026-04-25 21:28:03,492 [INFO] [MainThread] Found 94 tracked, 94 finalized, 0 need retry
2026-04-25 21:28:03,492 [INFO] [MainThread] Nothing to retry. All tracked meetings are finalized.
2026-04-25 21:38:03,502 [INFO] [MainThread] Found credentials from IAM Role: transcript-ec2-role
2026-04-25 21:38:03,613 [INFO] [MainThread] === retry_unfinalized starting ===
2026-04-25 21:38:03,613 [INFO] [MainThread] Scanning temp/live-doc-history/ for unfinalized meetings...
2026-04-25 21:38:03,720 [INFO] [MainThread] Found 94 tracked, 94 finalized, 0 need retry
2026-04-25 21:38:03,720 [INFO] [MainThread] Nothing to retry. All tracked meetings are finalized.
2026-04-25 21:49:03,266 [INFO] [MainThread] Found credentials from IAM Role: transcript-ec2-role
2026-04-25 21:49:03,376 [INFO] [MainThread] === retry_unfinalized starting ===
2026-04-25 21:49:03,376 [INFO] [MainThread] Scanning temp/live-doc-history/ for unfinalized meetings...
2026-04-25 21:49:03,492 [INFO] [MainThread] Found 94 tracked, 94 finalized, 0 need retry
2026-04-25 21:49:03,492 [INFO] [MainThread] Nothing to retry. All tracked meetings are finalized.
2026-04-25 22:00:02,156 [INFO] [MainThread] Found credentials from IAM Role: transcript-ec2-role
2026-04-25 22:00:02,317 [INFO] [MainThread] === retry_unfinalized starting ===
2026-04-25 22:00:02,318 [INFO] [MainThread] Scanning temp/live-doc-history/ for unfinalized meetings...
2026-04-25 22:00:02,433 [INFO] [MainThread] Found 94 tracked, 94 finalized, 0 need retry
2026-04-25 22:00:02,433 [INFO] [MainThread] Nothing to retry. All tracked meetings are finalized.
2026-04-25 22:10:02,175 [INFO] [MainThread] Found credentials from IAM Role: transcript-ec2-role
2026-04-25 22:10:02,296 [INFO] [MainThread] === retry_unfinalized starting ===
2026-04-25 22:10:02,296 [INFO] [MainThread] Scanning temp/live-doc-history/ for unfinalized meetings...
2026-04-25 22:10:02,434 [INFO] [MainThread] Found 94 tracked, 94 finalized, 0 need retry
2026-04-25 22:10:02,434 [INFO] [MainThread] Nothing to retry. All tracked meetings are finalized.
2026-04-25 22:20:03,267 [INFO] [MainThread] Found credentials from IAM Role: transcript-ec2-role
2026-04-25 22:20:03,379 [INFO] [MainThread] === retry_unfinalized starting ===
2026-04-25 22:20:03,379 [INFO] [MainThread] Scanning temp/live-doc-history/ for unfinalized meetings...
2026-04-25 22:20:03,490 [INFO] [MainThread] Found 94 tracked, 94 finalized, 0 need retry
2026-04-25 22:20:03,490 [INFO] [MainThread] Nothing to retry. All tracked meetings are finalized.
2026-04-25 22:30:12,511 [INFO] [MainThread] Found credentials from IAM Role: transcript-ec2-role
2026-04-25 22:30:12,623 [INFO] [MainThread] === retry_unfinalized starting ===
2026-04-25 22:30:12,623 [INFO] [MainThread] Scanning temp/live-doc-history/ for unfinalized meetings...
2026-04-25 22:30:12,735 [INFO] [MainThread] Found 94 tracked, 94 finalized, 0 need retry
2026-04-25 22:30:12,736 [INFO] [MainThread] Nothing to retry. All tracked meetings are finalized.
2026-04-25 22:40:12,626 [INFO] [MainThread] Found credentials from IAM Role: transcript-ec2-role
2026-04-25 22:40:12,741 [INFO] [MainThread] === retry_unfinalized starting ===
2026-04-25 22:40:12,741 [INFO] [MainThread] Scanning temp/live-doc-history/ for unfinalized meetings...
2026-04-25 22:40:12,851 [INFO] [MainThread] Found 94 tracked, 94 finalized, 0 need retry
2026-04-25 22:40:12,851 [INFO] [MainThread] Nothing to retry. All tracked meetings are finalized.
2026-04-25 22:50:12,844 [INFO] [MainThread] Found credentials from IAM Role: transcript-ec2-role
2026-04-25 22:50:12,959 [INFO] [MainThread] === retry_unfinalized starting ===
2026-04-25 22:50:12,959 [INFO] [MainThread] Scanning temp/live-doc-history/ for unfinalized meetings...
2026-04-25 22:50:13,075 [INFO] [MainThread] Found 94 tracked, 94 finalized, 0 need retry
2026-04-25 22:50:13,075 [INFO] [MainThread] Nothing to retry. All tracked meetings are finalized.
2026-04-25 23:01:03,251 [INFO] [MainThread] Found credentials from IAM Role: transcript-ec2-role
2026-04-25 23:01:03,360 [INFO] [MainThread] === retry_unfinalized starting ===
2026-04-25 23:01:03,360 [INFO] [MainThread] Scanning temp/live-doc-history/ for unfinalized meetings...
2026-04-25 23:01:03,470 [INFO] [MainThread] Found 94 tracked, 94 finalized, 0 need retry
2026-04-25 23:01:03,470 [INFO] [MainThread] Nothing to retry. All tracked meetings are finalized.
2026-04-25 23:12:03,261 [INFO] [MainThread] Found credentials from IAM Role: transcript-ec2-role
2026-04-25 23:12:03,365 [INFO] [MainThread] === retry_unfinalized starting ===
2026-04-25 23:12:03,365 [INFO] [MainThread] Scanning temp/live-doc-history/ for unfinalized meetings...
2026-04-25 23:12:03,472 [INFO] [MainThread] Found 94 tracked, 94 finalized, 0 need retry
2026-04-25 23:12:03,472 [INFO] [MainThread] Nothing to retry. All tracked meetings are finalized.
2026-04-25 23:23:03,293 [INFO] [MainThread] Found credentials from IAM Role: transcript-ec2-role
2026-04-25 23:23:03,409 [INFO] [MainThread] === retry_unfinalized starting ===
2026-04-25 23:23:03,409 [INFO] [MainThread] Scanning temp/live-doc-history/ for unfinalized meetings...
2026-04-25 23:23:03,524 [INFO] [MainThread] Found 94 tracked, 94 finalized, 0 need retry
2026-04-25 23:23:03,524 [INFO] [MainThread] Nothing to retry. All tracked meetings are finalized.
2026-04-25 23:34:03,269 [INFO] [MainThread] Found credentials from IAM Role: transcript-ec2-role
2026-04-25 23:34:03,377 [INFO] [MainThread] === retry_unfinalized starting ===
2026-04-25 23:34:03,377 [INFO] [MainThread] Scanning temp/live-doc-history/ for unfinalized meetings...
2026-04-25 23:34:03,488 [INFO] [MainThread] Found 94 tracked, 94 finalized, 0 need retry
2026-04-25 23:34:03,488 [INFO] [MainThread] Nothing to retry. All tracked meetings are finalized.
2026-04-25 23:44:03,453 [INFO] [MainThread] Found credentials from IAM Role: transcript-ec2-role
2026-04-25 23:44:03,561 [INFO] [MainThread] === retry_unfinalized starting ===
2026-04-25 23:44:03,561 [INFO] [MainThread] Scanning temp/live-doc-history/ for unfinalized meetings...
2026-04-25 23:44:03,672 [INFO] [MainThread] Found 94 tracked, 94 finalized, 0 need retry
2026-04-25 23:44:03,673 [INFO] [MainThread] Nothing to retry. All tracked meetings are finalized.
2026-04-25 23:55:03,307 [INFO] [MainThread] Found credentials from IAM Role: transcript-ec2-role
2026-04-25 23:55:03,415 [INFO] [MainThread] === retry_unfinalized starting ===
2026-04-25 23:55:03,415 [INFO] [MainThread] Scanning temp/live-doc-history/ for unfinalized meetings...
2026-04-25 23:55:03,517 [INFO] [MainThread] Found 94 tracked, 94 finalized, 0 need retry
2026-04-25 23:55:03,517 [INFO] [MainThread] Nothing to retry. All tracked meetings are finalized.
2026-04-26 00:06:03,275 [INFO] [MainThread] Found credentials from IAM Role: transcript-ec2-role
2026-04-26 00:06:03,385 [INFO] [MainThread] === retry_unfinalized starting ===
2026-04-26 00:06:03,385 [INFO] [MainThread] Scanning temp/live-doc-history/ for unfinalized meetings...
2026-04-26 00:06:03,504 [INFO] [MainThread] Found 94 tracked, 94 finalized, 0 need retry
2026-04-26 00:06:03,504 [INFO] [MainThread] Nothing to retry. All tracked meetings are finalized.
2026-04-26 00:16:03,319 [INFO] [MainThread] Found credentials from IAM Role: transcript-ec2-role
2026-04-26 00:16:03,432 [INFO] [MainThread] === retry_unfinalized starting ===
2026-04-26 00:16:03,432 [INFO] [MainThread] Scanning temp/live-doc-history/ for unfinalized meetings...
2026-04-26 00:16:03,552 [INFO] [MainThread] Found 94 tracked, 94 finalized, 0 need retry
2026-04-26 00:16:03,552 [INFO] [MainThread] Nothing to retry. All tracked meetings are finalized.
2026-04-26 00:26:03,510 [INFO] [MainThread] Found credentials from IAM Role: transcript-ec2-role
2026-04-26 00:26:03,618 [INFO] [MainThread] === retry_unfinalized starting ===
2026-04-26 00:26:03,618 [INFO] [MainThread] Scanning temp/live-doc-history/ for unfinalized meetings...
2026-04-26 00:26:03,751 [INFO] [MainThread] Found 94 tracked, 94 finalized, 0 need retry
2026-04-26 00:26:03,751 [INFO] [MainThread] Nothing to retry. All tracked meetings are finalized.
2026-04-26 00:37:03,257 [INFO] [MainThread] Found credentials from IAM Role: transcript-ec2-role
2026-04-26 00:37:03,365 [INFO] [MainThread] === retry_unfinalized starting ===
2026-04-26 00:37:03,365 [INFO] [MainThread] Scanning temp/live-doc-history/ for unfinalized meetings...
2026-04-26 00:37:03,468 [INFO] [MainThread] Found 94 tracked, 94 finalized, 0 need retry
2026-04-26 00:37:03,468 [INFO] [MainThread] Nothing to retry. All tracked meetings are finalized.
2026-04-26 00:47:03,520 [INFO] [MainThread] Found credentials from IAM Role: transcript-ec2-role
2026-04-26 00:47:03,630 [INFO] [MainThread] === retry_unfinalized starting ===
2026-04-26 00:47:03,630 [INFO] [MainThread] Scanning temp/live-doc-history/ for unfinalized meetings...
2026-04-26 00:47:03,770 [INFO] [MainThread] Found 94 tracked, 94 finalized, 0 need retry
2026-04-26 00:47:03,770 [INFO] [MainThread] Nothing to retry. All tracked meetings are finalized.
2026-04-26 00:58:03,283 [INFO] [MainThread] Found credentials from IAM Role: transcript-ec2-role
2026-04-26 00:58:03,393 [INFO] [MainThread] === retry_unfinalized starting ===
2026-04-26 00:58:03,393 [INFO] [MainThread] Scanning temp/live-doc-history/ for unfinalized meetings...
2026-04-26 00:58:03,500 [INFO] [MainThread] Found 94 tracked, 94 finalized, 0 need retry
2026-04-26 00:58:03,500 [INFO] [MainThread] Nothing to retry. All tracked meetings are finalized.
2026-04-26 01:09:03,262 [INFO] [MainThread] Found credentials from IAM Role: transcript-ec2-role
2026-04-26 01:09:03,371 [INFO] [MainThread] === retry_unfinalized starting ===
2026-04-26 01:09:03,371 [INFO] [MainThread] Scanning temp/live-doc-history/ for unfinalized meetings...
2026-04-26 01:09:03,480 [INFO] [MainThread] Found 94 tracked, 94 finalized, 0 need retry
2026-04-26 01:09:03,480 [INFO] [MainThread] Nothing to retry. All tracked meetings are finalized.
2026-04-26 01:20:01,592 [INFO] [MainThread] Found credentials from IAM Role: transcript-ec2-role
2026-04-26 01:20:01,706 [INFO] [MainThread] === retry_unfinalized starting ===
2026-04-26 01:20:01,706 [INFO] [MainThread] Scanning temp/live-doc-history/ for unfinalized meetings...
2026-04-26 01:20:01,835 [INFO] [MainThread] Found 94 tracked, 94 finalized, 0 need retry
2026-04-26 01:20:01,835 [INFO] [MainThread] Nothing to retry. All tracked meetings are finalized.
2026-04-26 01:30:02,179 [INFO] [MainThread] Found credentials from IAM Role: transcript-ec2-role
2026-04-26 01:30:02,300 [INFO] [MainThread] === retry_unfinalized starting ===
2026-04-26 01:30:02,300 [INFO] [MainThread] Scanning temp/live-doc-history/ for unfinalized meetings...
2026-04-26 01:30:02,415 [INFO] [MainThread] Found 94 tracked, 94 finalized, 0 need retry
2026-04-26 01:30:02,415 [INFO] [MainThread] Nothing to retry. All tracked meetings are finalized.
2026-04-26 01:40:03,275 [INFO] [MainThread] Found credentials from IAM Role: transcript-ec2-role
2026-04-26 01:40:03,382 [INFO] [MainThread] === retry_unfinalized starting ===
2026-04-26 01:40:03,382 [INFO] [MainThread] Scanning temp/live-doc-history/ for unfinalized meetings...
2026-04-26 01:40:03,499 [INFO] [MainThread] Found 94 tracked, 94 finalized, 0 need retry
2026-04-26 01:40:03,500 [INFO] [MainThread] Nothing to retry. All tracked meetings are finalized.
2026-04-26 01:50:12,776 [INFO] [MainThread] Found credentials from IAM Role: transcript-ec2-role
2026-04-26 01:50:12,887 [INFO] [MainThread] === retry_unfinalized starting ===
2026-04-26 01:50:12,887 [INFO] [MainThread] Scanning temp/live-doc-history/ for unfinalized meetings...
2026-04-26 01:50:12,997 [INFO] [MainThread] Found 94 tracked, 94 finalized, 0 need retry
2026-04-26 01:50:12,998 [INFO] [MainThread] Nothing to retry. All tracked meetings are finalized.
2026-04-26 02:01:02,080 [INFO] [MainThread] Found credentials from IAM Role: transcript-ec2-role
2026-04-26 02:01:02,190 [INFO] [MainThread] === retry_unfinalized starting ===
2026-04-26 02:01:02,190 [INFO] [MainThread] Scanning temp/live-doc-history/ for unfinalized meetings...
2026-04-26 02:01:02,317 [INFO] [MainThread] Found 94 tracked, 94 finalized, 0 need retry
2026-04-26 02:01:02,318 [INFO] [MainThread] Nothing to retry. All tracked meetings are finalized.
2026-04-26 02:11:03,249 [INFO] [MainThread] Found credentials from IAM Role: transcript-ec2-role
2026-04-26 02:11:03,356 [INFO] [MainThread] === retry_unfinalized starting ===
2026-04-26 02:11:03,357 [INFO] [MainThread] Scanning temp/live-doc-history/ for unfinalized meetings...
2026-04-26 02:11:03,524 [INFO] [MainThread] Found 94 tracked, 94 finalized, 0 need retry
2026-04-26 02:11:03,524 [INFO] [MainThread] Nothing to retry. All tracked meetings are finalized.
2026-04-26 02:21:03,284 [INFO] [MainThread] Found credentials from IAM Role: transcript-ec2-role
2026-04-26 02:21:03,393 [INFO] [MainThread] === retry_unfinalized starting ===
2026-04-26 02:21:03,393 [INFO] [MainThread] Scanning temp/live-doc-history/ for unfinalized meetings...
2026-04-26 02:21:03,499 [INFO] [MainThread] Found 94 tracked, 94 finalized, 0 need retry
2026-04-26 02:21:03,499 [INFO] [MainThread] Nothing to retry. All tracked meetings are finalized.
2026-04-26 02:32:03,269 [INFO] [MainThread] Found credentials from IAM Role: transcript-ec2-role
2026-04-26 02:32:03,380 [INFO] [MainThread] === retry_unfinalized starting ===
2026-04-26 02:32:03,380 [INFO] [MainThread] Scanning temp/live-doc-history/ for unfinalized meetings...
2026-04-26 02:32:03,487 [INFO] [MainThread] Found 94 tracked, 94 finalized, 0 need retry
2026-04-26 02:32:03,487 [INFO] [MainThread] Nothing to retry. All tracked meetings are finalized.
2026-04-26 02:42:03,269 [INFO] [MainThread] Found credentials from IAM Role: transcript-ec2-role
2026-04-26 02:42:03,377 [INFO] [MainThread] === retry_unfinalized starting ===
2026-04-26 02:42:03,377 [INFO] [MainThread] Scanning temp/live-doc-history/ for unfinalized meetings...
2026-04-26 02:42:03,485 [INFO] [MainThread] Found 94 tracked, 94 finalized, 0 need retry
2026-04-26 02:42:03,485 [INFO] [MainThread] Nothing to retry. All tracked meetings are finalized.
2026-04-26 02:52:03,491 [INFO] [MainThread] Found credentials from IAM Role: transcript-ec2-role
2026-04-26 02:52:03,601 [INFO] [MainThread] === retry_unfinalized starting ===
2026-04-26 02:52:03,601 [INFO] [MainThread] Scanning temp/live-doc-history/ for unfinalized meetings...
2026-04-26 02:52:03,707 [INFO] [MainThread] Found 94 tracked, 94 finalized, 0 need retry
2026-04-26 02:52:03,707 [INFO] [MainThread] Nothing to retry. All tracked meetings are finalized.
2026-04-26 03:03:03,266 [INFO] [MainThread] Found credentials from IAM Role: transcript-ec2-role
2026-04-26 03:03:03,375 [INFO] [MainThread] === retry_unfinalized starting ===
2026-04-26 03:03:03,375 [INFO] [MainThread] Scanning temp/live-doc-history/ for unfinalized meetings...
2026-04-26 03:03:03,481 [INFO] [MainThread] Found 94 tracked, 94 finalized, 0 need retry
2026-04-26 03:03:03,481 [INFO] [MainThread] Nothing to retry. All tracked meetings are finalized.
2026-04-26 03:14:03,263 [INFO] [MainThread] Found credentials from IAM Role: transcript-ec2-role
2026-04-26 03:14:03,376 [INFO] [MainThread] === retry_unfinalized starting ===
2026-04-26 03:14:03,376 [INFO] [MainThread] Scanning temp/live-doc-history/ for unfinalized meetings...
2026-04-26 03:14:03,499 [INFO] [MainThread] Found 94 tracked, 94 finalized, 0 need retry
2026-04-26 03:14:03,499 [INFO] [MainThread] Nothing to retry. All tracked meetings are finalized.
2026-04-26 03:25:03,272 [INFO] [MainThread] Found credentials from IAM Role: transcript-ec2-role
2026-04-26 03:25:03,382 [INFO] [MainThread] === retry_unfinalized starting ===
2026-04-26 03:25:03,382 [INFO] [MainThread] Scanning temp/live-doc-history/ for unfinalized meetings...
2026-04-26 03:25:03,512 [INFO] [MainThread] Found 94 tracked, 94 finalized, 0 need retry
2026-04-26 03:25:03,512 [INFO] [MainThread] Nothing to retry. All tracked meetings are finalized.
2026-04-26 03:36:03,259 [INFO] [MainThread] Found credentials from IAM Role: transcript-ec2-role
2026-04-26 03:36:03,369 [INFO] [MainThread] === retry_unfinalized starting ===
2026-04-26 03:36:03,369 [INFO] [MainThread] Scanning temp/live-doc-history/ for unfinalized meetings...
2026-04-26 03:36:03,484 [INFO] [MainThread] Found 94 tracked, 94 finalized, 0 need retry
2026-04-26 03:36:03,484 [INFO] [MainThread] Nothing to retry. All tracked meetings are finalized.
2026-04-26 03:46:03,431 [INFO] [MainThread] Found credentials from IAM Role: transcript-ec2-role
2026-04-26 03:46:03,538 [INFO] [MainThread] === retry_unfinalized starting ===
2026-04-26 03:46:03,538 [INFO] [MainThread] Scanning temp/live-doc-history/ for unfinalized meetings...
2026-04-26 03:46:03,644 [INFO] [MainThread] Found 94 tracked, 94 finalized, 0 need retry
2026-04-26 03:46:03,644 [INFO] [MainThread] Nothing to retry. All tracked meetings are finalized.
2026-04-26 03:57:03,283 [INFO] [MainThread] Found credentials from IAM Role: transcript-ec2-role
2026-04-26 03:57:03,388 [INFO] [MainThread] === retry_unfinalized starting ===
2026-04-26 03:57:03,388 [INFO] [MainThread] Scanning temp/live-doc-history/ for unfinalized meetings...
2026-04-26 03:57:03,497 [INFO] [MainThread] Found 94 tracked, 94 finalized, 0 need retry
2026-04-26 03:57:03,498 [INFO] [MainThread] Nothing to retry. All tracked meetings are finalized.
2026-04-26 04:08:03,261 [INFO] [MainThread] Found credentials from IAM Role: transcript-ec2-role
2026-04-26 04:08:03,371 [INFO] [MainThread] === retry_unfinalized starting ===
2026-04-26 04:08:03,371 [INFO] [MainThread] Scanning temp/live-doc-history/ for unfinalized meetings...
2026-04-26 04:08:03,475 [INFO] [MainThread] Found 94 tracked, 94 finalized, 0 need retry
2026-04-26 04:08:03,476 [INFO] [MainThread] Nothing to retry. All tracked meetings are finalized.
2026-04-26 04:19:03,257 [INFO] [MainThread] Found credentials from IAM Role: transcript-ec2-role
2026-04-26 04:19:03,365 [INFO] [MainThread] === retry_unfinalized starting ===
2026-04-26 04:19:03,366 [INFO] [MainThread] Scanning temp/live-doc-history/ for unfinalized meetings...
2026-04-26 04:19:03,473 [INFO] [MainThread] Found 94 tracked, 94 finalized, 0 need retry
2026-04-26 04:19:03,473 [INFO] [MainThread] Nothing to retry. All tracked meetings are finalized.
2026-04-26 04:30:01,879 [INFO] [MainThread] Found credentials from IAM Role: transcript-ec2-role
2026-04-26 04:30:01,999 [INFO] [MainThread] === retry_unfinalized starting ===
2026-04-26 04:30:01,999 [INFO] [MainThread] Scanning temp/live-doc-history/ for unfinalized meetings...
2026-04-26 04:30:02,132 [INFO] [MainThread] Found 94 tracked, 94 finalized, 0 need retry
2026-04-26 04:30:02,132 [INFO] [MainThread] Nothing to retry. All tracked meetings are finalized.
2026-04-26 04:40:03,251 [INFO] [MainThread] Found credentials from IAM Role: transcript-ec2-role
2026-04-26 04:40:03,356 [INFO] [MainThread] === retry_unfinalized starting ===
2026-04-26 04:40:03,356 [INFO] [MainThread] Scanning temp/live-doc-history/ for unfinalized meetings...
2026-04-26 04:40:03,459 [INFO] [MainThread] Found 94 tracked, 94 finalized, 0 need retry
2026-04-26 04:40:03,460 [INFO] [MainThread] Nothing to retry. All tracked meetings are finalized.
2026-04-26 04:50:12,514 [INFO] [MainThread] Found credentials from IAM Role: transcript-ec2-role
2026-04-26 04:50:12,624 [INFO] [MainThread] === retry_unfinalized starting ===
2026-04-26 04:50:12,624 [INFO] [MainThread] Scanning temp/live-doc-history/ for unfinalized meetings...
2026-04-26 04:50:12,732 [INFO] [MainThread] Found 94 tracked, 94 finalized, 0 need retry
2026-04-26 04:50:12,732 [INFO] [MainThread] Nothing to retry. All tracked meetings are finalized.
2026-04-26 05:00:12,770 [INFO] [MainThread] Found credentials from IAM Role: transcript-ec2-role
2026-04-26 05:00:12,880 [INFO] [MainThread] === retry_unfinalized starting ===
2026-04-26 05:00:12,880 [INFO] [MainThread] Scanning temp/live-doc-history/ for unfinalized meetings...
2026-04-26 05:00:12,995 [INFO] [MainThread] Found 94 tracked, 94 finalized, 0 need retry
2026-04-26 05:00:12,995 [INFO] [MainThread] Nothing to retry. All tracked meetings are finalized.
2026-04-26 05:11:03,258 [INFO] [MainThread] Found credentials from IAM Role: transcript-ec2-role
2026-04-26 05:11:03,364 [INFO] [MainThread] === retry_unfinalized starting ===
2026-04-26 05:11:03,364 [INFO] [MainThread] Scanning temp/live-doc-history/ for unfinalized meetings...
2026-04-26 05:11:03,473 [INFO] [MainThread] Found 94 tracked, 94 finalized, 0 need retry
2026-04-26 05:11:03,473 [INFO] [MainThread] Nothing to retry. All tracked meetings are finalized.
2026-04-26 05:22:03,265 [INFO] [MainThread] Found credentials from IAM Role: transcript-ec2-role
2026-04-26 05:22:03,376 [INFO] [MainThread] === retry_unfinalized starting ===
2026-04-26 05:22:03,376 [INFO] [MainThread] Scanning temp/live-doc-history/ for unfinalized meetings...
2026-04-26 05:22:03,488 [INFO] [MainThread] Found 94 tracked, 94 finalized, 0 need retry
2026-04-26 05:22:03,488 [INFO] [MainThread] Nothing to retry. All tracked meetings are finalized.
2026-04-26 05:32:03,273 [INFO] [MainThread] Found credentials from IAM Role: transcript-ec2-role
2026-04-26 05:32:03,383 [INFO] [MainThread] === retry_unfinalized starting ===
2026-04-26 05:32:03,383 [INFO] [MainThread] Scanning temp/live-doc-history/ for unfinalized meetings...
2026-04-26 05:32:03,495 [INFO] [MainThread] Found 94 tracked, 94 finalized, 0 need retry
2026-04-26 05:32:03,495 [INFO] [MainThread] Nothing to retry. All tracked meetings are finalized.
2026-04-26 05:42:03,479 [INFO] [MainThread] Found credentials from IAM Role: transcript-ec2-role
2026-04-26 05:42:03,585 [INFO] [MainThread] === retry_unfinalized starting ===
2026-04-26 05:42:03,585 [INFO] [MainThread] Scanning temp/live-doc-history/ for unfinalized meetings...
2026-04-26 05:42:03,731 [INFO] [MainThread] Found 94 tracked, 94 finalized, 0 need retry
2026-04-26 05:42:03,731 [INFO] [MainThread] Nothing to retry. All tracked meetings are finalized.
2026-04-26 05:53:03,248 [INFO] [MainThread] Found credentials from IAM Role: transcript-ec2-role
2026-04-26 05:53:03,353 [INFO] [MainThread] === retry_unfinalized starting ===
2026-04-26 05:53:03,353 [INFO] [MainThread] Scanning temp/live-doc-history/ for unfinalized meetings...
2026-04-26 05:53:03,458 [INFO] [MainThread] Found 94 tracked, 94 finalized, 0 need retry
2026-04-26 05:53:03,459 [INFO] [MainThread] Nothing to retry. All tracked meetings are finalized.
2026-04-26 06:04:03,256 [INFO] [MainThread] Found credentials from IAM Role: transcript-ec2-role
2026-04-26 06:04:03,362 [INFO] [MainThread] === retry_unfinalized starting ===
2026-04-26 06:04:03,362 [INFO] [MainThread] Scanning temp/live-doc-history/ for unfinalized meetings...
2026-04-26 06:04:03,468 [INFO] [MainThread] Found 94 tracked, 94 finalized, 0 need retry
2026-04-26 06:04:03,468 [INFO] [MainThread] Nothing to retry. All tracked meetings are finalized.
2026-04-26 06:15:03,268 [INFO] [MainThread] Found credentials from IAM Role: transcript-ec2-role
2026-04-26 06:15:03,377 [INFO] [MainThread] === retry_unfinalized starting ===
2026-04-26 06:15:03,377 [INFO] [MainThread] Scanning temp/live-doc-history/ for unfinalized meetings...
2026-04-26 06:15:03,501 [INFO] [MainThread] Found 94 tracked, 94 finalized, 0 need retry
2026-04-26 06:15:03,502 [INFO] [MainThread] Nothing to retry. All tracked meetings are finalized.
2026-04-26 06:26:03,262 [INFO] [MainThread] Found credentials from IAM Role: transcript-ec2-role
2026-04-26 06:26:03,370 [INFO] [MainThread] === retry_unfinalized starting ===
2026-04-26 06:26:03,371 [INFO] [MainThread] Scanning temp/live-doc-history/ for unfinalized meetings...
2026-04-26 06:26:03,479 [INFO] [MainThread] Found 94 tracked, 94 finalized, 0 need retry
2026-04-26 06:26:03,479 [INFO] [MainThread] Nothing to retry. All tracked meetings are finalized.
2026-04-26 06:36:03,451 [INFO] [MainThread] Found credentials from IAM Role: transcript-ec2-role
2026-04-26 06:36:03,558 [INFO] [MainThread] === retry_unfinalized starting ===
2026-04-26 06:36:03,558 [INFO] [MainThread] Scanning temp/live-doc-history/ for unfinalized meetings...
2026-04-26 06:36:03,663 [INFO] [MainThread] Found 94 tracked, 94 finalized, 0 need retry
2026-04-26 06:36:03,663 [INFO] [MainThread] Nothing to retry. All tracked meetings are finalized.
2026-04-26 06:47:03,260 [INFO] [MainThread] Found credentials from IAM Role: transcript-ec2-role
2026-04-26 06:47:03,369 [INFO] [MainThread] === retry_unfinalized starting ===
2026-04-26 06:47:03,369 [INFO] [MainThread] Scanning temp/live-doc-history/ for unfinalized meetings...
2026-04-26 06:47:03,474 [INFO] [MainThread] Found 94 tracked, 94 finalized, 0 need retry
2026-04-26 06:47:03,474 [INFO] [MainThread] Nothing to retry. All tracked meetings are finalized.
2026-04-26 06:57:03,490 [INFO] [MainThread] Found credentials from IAM Role: transcript-ec2-role
2026-04-26 06:57:03,597 [INFO] [MainThread] === retry_unfinalized starting ===
2026-04-26 06:57:03,598 [INFO] [MainThread] Scanning temp/live-doc-history/ for unfinalized meetings...
2026-04-26 06:57:03,698 [INFO] [MainThread] Found 94 tracked, 94 finalized, 0 need retry
2026-04-26 06:57:03,698 [INFO] [MainThread] Nothing to retry. All tracked meetings are finalized.
2026-04-26 07:08:03,263 [INFO] [MainThread] Found credentials from IAM Role: transcript-ec2-role
2026-04-26 07:08:03,371 [INFO] [MainThread] === retry_unfinalized starting ===
2026-04-26 07:08:03,371 [INFO] [MainThread] Scanning temp/live-doc-history/ for unfinalized meetings...
2026-04-26 07:08:03,489 [INFO] [MainThread] Found 94 tracked, 94 finalized, 0 need retry
2026-04-26 07:08:03,489 [INFO] [MainThread] Nothing to retry. All tracked meetings are finalized.
2026-04-26 07:19:03,259 [INFO] [MainThread] Found credentials from IAM Role: transcript-ec2-role
2026-04-26 07:19:03,365 [INFO] [MainThread] === retry_unfinalized starting ===
2026-04-26 07:19:03,365 [INFO] [MainThread] Scanning temp/live-doc-history/ for unfinalized meetings...
2026-04-26 07:19:03,481 [INFO] [MainThread] Found 94 tracked, 94 finalized, 0 need retry
2026-04-26 07:19:03,481 [INFO] [MainThread] Nothing to retry. All tracked meetings are finalized.
2026-04-26 07:30:01,843 [INFO] [MainThread] Found credentials from IAM Role: transcript-ec2-role
2026-04-26 07:30:01,956 [INFO] [MainThread] === retry_unfinalized starting ===
2026-04-26 07:30:01,956 [INFO] [MainThread] Scanning temp/live-doc-history/ for unfinalized meetings...
2026-04-26 07:30:02,062 [INFO] [MainThread] Found 94 tracked, 94 finalized, 0 need retry
2026-04-26 07:30:02,062 [INFO] [MainThread] Nothing to retry. All tracked meetings are finalized.
2026-04-26 07:40:03,257 [INFO] [MainThread] Found credentials from IAM Role: transcript-ec2-role
2026-04-26 07:40:03,364 [INFO] [MainThread] === retry_unfinalized starting ===
2026-04-26 07:40:03,364 [INFO] [MainThread] Scanning temp/live-doc-history/ for unfinalized meetings...
2026-04-26 07:40:03,473 [INFO] [MainThread] Found 94 tracked, 94 finalized, 0 need retry
2026-04-26 07:40:03,473 [INFO] [MainThread] Nothing to retry. All tracked meetings are finalized.
2026-04-26 07:50:12,550 [INFO] [MainThread] Found credentials from IAM Role: transcript-ec2-role
2026-04-26 07:50:12,667 [INFO] [MainThread] === retry_unfinalized starting ===
2026-04-26 07:50:12,667 [INFO] [MainThread] Scanning temp/live-doc-history/ for unfinalized meetings...
2026-04-26 07:50:12,780 [INFO] [MainThread] Found 94 tracked, 94 finalized, 0 need retry
2026-04-26 07:50:12,780 [INFO] [MainThread] Nothing to retry. All tracked meetings are finalized.
2026-04-26 08:00:13,051 [INFO] [MainThread] Found credentials from IAM Role: transcript-ec2-role
2026-04-26 08:00:13,161 [INFO] [MainThread] === retry_unfinalized starting ===
2026-04-26 08:00:13,161 [INFO] [MainThread] Scanning temp/live-doc-history/ for unfinalized meetings...
2026-04-26 08:00:13,281 [INFO] [MainThread] Found 94 tracked, 94 finalized, 0 need retry
2026-04-26 08:00:13,281 [INFO] [MainThread] Nothing to retry. All tracked meetings are finalized.
2026-04-26 08:11:03,260 [INFO] [MainThread] Found credentials from IAM Role: transcript-ec2-role
2026-04-26 08:11:03,369 [INFO] [MainThread] === retry_unfinalized starting ===
2026-04-26 08:11:03,369 [INFO] [MainThread] Scanning temp/live-doc-history/ for unfinalized meetings...
2026-04-26 08:11:03,473 [INFO] [MainThread] Found 94 tracked, 94 finalized, 0 need retry
2026-04-26 08:11:03,474 [INFO] [MainThread] Nothing to retry. All tracked meetings are finalized.
2026-04-26 08:22:03,269 [INFO] [MainThread] Found credentials from IAM Role: transcript-ec2-role
2026-04-26 08:22:03,376 [INFO] [MainThread] === retry_unfinalized starting ===
2026-04-26 08:22:03,376 [INFO] [MainThread] Scanning temp/live-doc-history/ for unfinalized meetings...
2026-04-26 08:22:03,479 [INFO] [MainThread] Found 94 tracked, 94 finalized, 0 need retry
2026-04-26 08:22:03,480 [INFO] [MainThread] Nothing to retry. All tracked meetings are finalized.
2026-04-26 08:32:03,487 [INFO] [MainThread] Found credentials from IAM Role: transcript-ec2-role
2026-04-26 08:32:03,597 [INFO] [MainThread] === retry_unfinalized starting ===
2026-04-26 08:32:03,597 [INFO] [MainThread] Scanning temp/live-doc-history/ for unfinalized meetings...
2026-04-26 08:32:03,699 [INFO] [MainThread] Found 94 tracked, 94 finalized, 0 need retry
2026-04-26 08:32:03,700 [INFO] [MainThread] Nothing to retry. All tracked meetings are finalized.
2026-04-26 08:43:03,262 [INFO] [MainThread] Found credentials from IAM Role: transcript-ec2-role
2026-04-26 08:43:03,374 [INFO] [MainThread] === retry_unfinalized starting ===
2026-04-26 08:43:03,374 [INFO] [MainThread] Scanning temp/live-doc-history/ for unfinalized meetings...
2026-04-26 08:43:03,478 [INFO] [MainThread] Found 94 tracked, 94 finalized, 0 need retry
2026-04-26 08:43:03,478 [INFO] [MainThread] Nothing to retry. All tracked meetings are finalized.
2026-04-26 08:54:03,274 [INFO] [MainThread] Found credentials from IAM Role: transcript-ec2-role
2026-04-26 08:54:03,380 [INFO] [MainThread] === retry_unfinalized starting ===
2026-04-26 08:54:03,380 [INFO] [MainThread] Scanning temp/live-doc-history/ for unfinalized meetings...
2026-04-26 08:54:03,495 [INFO] [MainThread] Found 94 tracked, 94 finalized, 0 need retry
2026-04-26 08:54:03,495 [INFO] [MainThread] Nothing to retry. All tracked meetings are finalized.
2026-04-26 09:04:03,510 [INFO] [MainThread] Found credentials from IAM Role: transcript-ec2-role
2026-04-26 09:04:03,617 [INFO] [MainThread] === retry_unfinalized starting ===
2026-04-26 09:04:03,617 [INFO] [MainThread] Scanning temp/live-doc-history/ for unfinalized meetings...
2026-04-26 09:04:03,724 [INFO] [MainThread] Found 94 tracked, 94 finalized, 0 need retry
2026-04-26 09:04:03,725 [INFO] [MainThread] Nothing to retry. All tracked meetings are finalized.
2026-04-26 09:15:03,264 [INFO] [MainThread] Found credentials from IAM Role: transcript-ec2-role
2026-04-26 09:15:03,372 [INFO] [MainThread] === retry_unfinalized starting ===
2026-04-26 09:15:03,372 [INFO] [MainThread] Scanning temp/live-doc-history/ for unfinalized meetings...
2026-04-26 09:15:03,488 [INFO] [MainThread] Found 94 tracked, 94 finalized, 0 need retry
2026-04-26 09:15:03,488 [INFO] [MainThread] Nothing to retry. All tracked meetings are finalized.
2026-04-26 09:26:03,280 [INFO] [MainThread] Found credentials from IAM Role: transcript-ec2-role
2026-04-26 09:26:03,387 [INFO] [MainThread] === retry_unfinalized starting ===
2026-04-26 09:26:03,387 [INFO] [MainThread] Scanning temp/live-doc-history/ for unfinalized meetings...
2026-04-26 09:26:03,499 [INFO] [MainThread] Found 94 tracked, 94 finalized, 0 need retry
2026-04-26 09:26:03,499 [INFO] [MainThread] Nothing to retry. All tracked meetings are finalized.
2026-04-26 09:37:03,278 [INFO] [MainThread] Found credentials from IAM Role: transcript-ec2-role
2026-04-26 09:37:03,388 [INFO] [MainThread] === retry_unfinalized starting ===
2026-04-26 09:37:03,388 [INFO] [MainThread] Scanning temp/live-doc-history/ for unfinalized meetings...
2026-04-26 09:37:03,508 [INFO] [MainThread] Found 94 tracked, 94 finalized, 0 need retry
2026-04-26 09:37:03,508 [INFO] [MainThread] Nothing to retry. All tracked meetings are finalized.
2026-04-26 09:48:03,256 [INFO] [MainThread] Found credentials from IAM Role: transcript-ec2-role
2026-04-26 09:48:03,362 [INFO] [MainThread] === retry_unfinalized starting ===
2026-04-26 09:48:03,362 [INFO] [MainThread] Scanning temp/live-doc-history/ for unfinalized meetings...
2026-04-26 09:48:03,468 [INFO] [MainThread] Found 94 tracked, 94 finalized, 0 need retry
2026-04-26 09:48:03,468 [INFO] [MainThread] Nothing to retry. All tracked meetings are finalized.
2026-04-26 09:58:03,268 [INFO] [MainThread] Found credentials from IAM Role: transcript-ec2-role
2026-04-26 09:58:03,377 [INFO] [MainThread] === retry_unfinalized starting ===
2026-04-26 09:58:03,377 [INFO] [MainThread] Scanning temp/live-doc-history/ for unfinalized meetings...
2026-04-26 09:58:03,492 [INFO] [MainThread] Found 94 tracked, 94 finalized, 0 need retry
2026-04-26 09:58:03,492 [INFO] [MainThread] Nothing to retry. All tracked meetings are finalized.
2026-04-26 10:08:03,483 [INFO] [MainThread] Found credentials from IAM Role: transcript-ec2-role
2026-04-26 10:08:03,590 [INFO] [MainThread] === retry_unfinalized starting ===
2026-04-26 10:08:03,590 [INFO] [MainThread] Scanning temp/live-doc-history/ for unfinalized meetings...
2026-04-26 10:08:03,696 [INFO] [MainThread] Found 94 tracked, 94 finalized, 0 need retry
2026-04-26 10:08:03,696 [INFO] [MainThread] Nothing to retry. All tracked meetings are finalized.
2026-04-26 10:19:03,263 [INFO] [MainThread] Found credentials from IAM Role: transcript-ec2-role
2026-04-26 10:19:03,374 [INFO] [MainThread] === retry_unfinalized starting ===
2026-04-26 10:19:03,374 [INFO] [MainThread] Scanning temp/live-doc-history/ for unfinalized meetings...
2026-04-26 10:19:03,488 [INFO] [MainThread] Found 94 tracked, 94 finalized, 0 need retry
2026-04-26 10:19:03,488 [INFO] [MainThread] Nothing to retry. All tracked meetings are finalized.
2026-04-26 10:30:01,984 [INFO] [MainThread] Found credentials from IAM Role: transcript-ec2-role
2026-04-26 10:30:02,099 [INFO] [MainThread] === retry_unfinalized starting ===
2026-04-26 10:30:02,099 [INFO] [MainThread] Scanning temp/live-doc-history/ for unfinalized meetings...
2026-04-26 10:30:02,221 [INFO] [MainThread] Found 94 tracked, 94 finalized, 0 need retry
2026-04-26 10:30:02,221 [INFO] [MainThread] Nothing to retry. All tracked meetings are finalized.
2026-04-26 10:40:03,262 [INFO] [MainThread] Found credentials from IAM Role: transcript-ec2-role
2026-04-26 10:40:03,369 [INFO] [MainThread] === retry_unfinalized starting ===
2026-04-26 10:40:03,369 [INFO] [MainThread] Scanning temp/live-doc-history/ for unfinalized meetings...
2026-04-26 10:40:03,493 [INFO] [MainThread] Found 94 tracked, 94 finalized, 0 need retry
2026-04-26 10:40:03,493 [INFO] [MainThread] Nothing to retry. All tracked meetings are finalized.
2026-04-26 10:50:12,518 [INFO] [MainThread] Found credentials from IAM Role: transcript-ec2-role
2026-04-26 10:50:12,630 [INFO] [MainThread] === retry_unfinalized starting ===
2026-04-26 10:50:12,630 [INFO] [MainThread] Scanning temp/live-doc-history/ for unfinalized meetings...
2026-04-26 10:50:12,736 [INFO] [MainThread] Found 94 tracked, 94 finalized, 0 need retry
2026-04-26 10:50:12,736 [INFO] [MainThread] Nothing to retry. All tracked meetings are finalized.
2026-04-26 11:01:03,259 [INFO] [MainThread] Found credentials from IAM Role: transcript-ec2-role
2026-04-26 11:01:03,367 [INFO] [MainThread] === retry_unfinalized starting ===
2026-04-26 11:01:03,367 [INFO] [MainThread] Scanning temp/live-doc-history/ for unfinalized meetings...
2026-04-26 11:01:03,483 [INFO] [MainThread] Found 94 tracked, 94 finalized, 0 need retry
2026-04-26 11:01:03,483 [INFO] [MainThread] Nothing to retry. All tracked meetings are finalized.
2026-04-26 11:12:03,255 [INFO] [MainThread] Found credentials from IAM Role: transcript-ec2-role
2026-04-26 11:12:03,358 [INFO] [MainThread] === retry_unfinalized starting ===
2026-04-26 11:12:03,358 [INFO] [MainThread] Scanning temp/live-doc-history/ for unfinalized meetings...
2026-04-26 11:12:03,459 [INFO] [MainThread] Found 94 tracked, 94 finalized, 0 need retry
2026-04-26 11:12:03,459 [INFO] [MainThread] Nothing to retry. All tracked meetings are finalized.
2026-04-26 11:22:03,485 [INFO] [MainThread] Found credentials from IAM Role: transcript-ec2-role
2026-04-26 11:22:03,595 [INFO] [MainThread] === retry_unfinalized starting ===
2026-04-26 11:22:03,596 [INFO] [MainThread] Scanning temp/live-doc-history/ for unfinalized meetings...
2026-04-26 11:22:03,705 [INFO] [MainThread] Found 94 tracked, 94 finalized, 0 need retry
2026-04-26 11:22:03,706 [INFO] [MainThread] Nothing to retry. All tracked meetings are finalized.
2026-04-26 11:32:22,942 [INFO] [MainThread] Found credentials from IAM Role: transcript-ec2-role
2026-04-26 11:32:23,049 [INFO] [MainThread] === retry_unfinalized starting ===
2026-04-26 11:32:23,050 [INFO] [MainThread] Scanning temp/live-doc-history/ for unfinalized meetings...
2026-04-26 11:32:23,159 [INFO] [MainThread] Found 94 tracked, 94 finalized, 0 need retry
2026-04-26 11:32:23,159 [INFO] [MainThread] Nothing to retry. All tracked meetings are finalized.
2026-04-26 11:43:03,262 [INFO] [MainThread] Found credentials from IAM Role: transcript-ec2-role
2026-04-26 11:43:03,371 [INFO] [MainThread] === retry_unfinalized starting ===
2026-04-26 11:43:03,371 [INFO] [MainThread] Scanning temp/live-doc-history/ for unfinalized meetings...
2026-04-26 11:43:03,482 [INFO] [MainThread] Found 94 tracked, 94 finalized, 0 need retry
2026-04-26 11:43:03,483 [INFO] [MainThread] Nothing to retry. All tracked meetings are finalized.
2026-04-26 11:54:03,273 [INFO] [MainThread] Found credentials from IAM Role: transcript-ec2-role
2026-04-26 11:54:03,380 [INFO] [MainThread] === retry_unfinalized starting ===
2026-04-26 11:54:03,381 [INFO] [MainThread] Scanning temp/live-doc-history/ for unfinalized meetings...
2026-04-26 11:54:03,488 [INFO] [MainThread] Found 94 tracked, 94 finalized, 0 need retry
2026-04-26 11:54:03,488 [INFO] [MainThread] Nothing to retry. All tracked meetings are finalized.
2026-04-26 12:04:03,454 [INFO] [MainThread] Found credentials from IAM Role: transcript-ec2-role
2026-04-26 12:04:03,564 [INFO] [MainThread] === retry_unfinalized starting ===
2026-04-26 12:04:03,564 [INFO] [MainThread] Scanning temp/live-doc-history/ for unfinalized meetings...
2026-04-26 12:04:03,693 [INFO] [MainThread] Found 94 tracked, 94 finalized, 0 need retry
2026-04-26 12:04:03,693 [INFO] [MainThread] Nothing to retry. All tracked meetings are finalized.
2026-04-26 12:15:03,292 [INFO] [MainThread] Found credentials from IAM Role: transcript-ec2-role
2026-04-26 12:15:03,402 [INFO] [MainThread] === retry_unfinalized starting ===
2026-04-26 12:15:03,402 [INFO] [MainThread] Scanning temp/live-doc-history/ for unfinalized meetings...
2026-04-26 12:15:03,521 [INFO] [MainThread] Found 94 tracked, 94 finalized, 0 need retry
2026-04-26 12:15:03,522 [INFO] [MainThread] Nothing to retry. All tracked meetings are finalized.
2026-04-26 12:26:03,258 [INFO] [MainThread] Found credentials from IAM Role: transcript-ec2-role
2026-04-26 12:26:03,365 [INFO] [MainThread] === retry_unfinalized starting ===
2026-04-26 12:26:03,365 [INFO] [MainThread] Scanning temp/live-doc-history/ for unfinalized meetings...
2026-04-26 12:26:03,479 [INFO] [MainThread] Found 94 tracked, 94 finalized, 0 need retry
2026-04-26 12:26:03,480 [INFO] [MainThread] Nothing to retry. All tracked meetings are finalized.
2026-04-26 12:36:03,280 [INFO] [MainThread] Found credentials from IAM Role: transcript-ec2-role
2026-04-26 12:36:03,392 [INFO] [MainThread] === retry_unfinalized starting ===
2026-04-26 12:36:03,393 [INFO] [MainThread] Scanning temp/live-doc-history/ for unfinalized meetings...
2026-04-26 12:36:03,501 [INFO] [MainThread] Found 94 tracked, 94 finalized, 0 need retry
2026-04-26 12:36:03,501 [INFO] [MainThread] Nothing to retry. All tracked meetings are finalized.
2026-04-26 12:46:03,493 [INFO] [MainThread] Found credentials from IAM Role: transcript-ec2-role
2026-04-26 12:46:03,601 [INFO] [MainThread] === retry_unfinalized starting ===
2026-04-26 12:46:03,601 [INFO] [MainThread] Scanning temp/live-doc-history/ for unfinalized meetings...
2026-04-26 12:46:03,739 [INFO] [MainThread] Found 94 tracked, 94 finalized, 0 need retry
2026-04-26 12:46:03,739 [INFO] [MainThread] Nothing to retry. All tracked meetings are finalized.
2026-04-26 12:57:03,257 [INFO] [MainThread] Found credentials from IAM Role: transcript-ec2-role
2026-04-26 12:57:03,362 [INFO] [MainThread] === retry_unfinalized starting ===
2026-04-26 12:57:03,362 [INFO] [MainThread] Scanning temp/live-doc-history/ for unfinalized meetings...
2026-04-26 12:57:03,463 [INFO] [MainThread] Found 94 tracked, 94 finalized, 0 need retry
2026-04-26 12:57:03,463 [INFO] [MainThread] Nothing to retry. All tracked meetings are finalized.
2026-04-26 13:08:03,268 [INFO] [MainThread] Found credentials from IAM Role: transcript-ec2-role
2026-04-26 13:08:03,376 [INFO] [MainThread] === retry_unfinalized starting ===
2026-04-26 13:08:03,376 [INFO] [MainThread] Scanning temp/live-doc-history/ for unfinalized meetings...
2026-04-26 13:08:03,498 [INFO] [MainThread] Found 94 tracked, 94 finalized, 0 need retry
2026-04-26 13:08:03,498 [INFO] [MainThread] Nothing to retry. All tracked meetings are finalized.
2026-04-26 13:19:03,260 [INFO] [MainThread] Found credentials from IAM Role: transcript-ec2-role
2026-04-26 13:19:03,366 [INFO] [MainThread] === retry_unfinalized starting ===
2026-04-26 13:19:03,367 [INFO] [MainThread] Scanning temp/live-doc-history/ for unfinalized meetings...
2026-04-26 13:19:03,470 [INFO] [MainThread] Found 94 tracked, 94 finalized, 0 need retry
2026-04-26 13:19:03,470 [INFO] [MainThread] Nothing to retry. All tracked meetings are finalized.
2026-04-26 13:30:02,319 [INFO] [MainThread] Found credentials from IAM Role: transcript-ec2-role
2026-04-26 13:30:02,440 [INFO] [MainThread] === retry_unfinalized starting ===
2026-04-26 13:30:02,441 [INFO] [MainThread] Scanning temp/live-doc-history/ for unfinalized meetings...
2026-04-26 13:30:02,546 [INFO] [MainThread] Found 94 tracked, 94 finalized, 0 need retry
2026-04-26 13:30:02,547 [INFO] [MainThread] Nothing to retry. All tracked meetings are finalized.
2026-04-26 13:40:03,250 [INFO] [MainThread] Found credentials from IAM Role: transcript-ec2-role
2026-04-26 13:40:03,358 [INFO] [MainThread] === retry_unfinalized starting ===
2026-04-26 13:40:03,359 [INFO] [MainThread] Scanning temp/live-doc-history/ for unfinalized meetings...
2026-04-26 13:40:03,476 [INFO] [MainThread] Found 94 tracked, 94 finalized, 0 need retry
2026-04-26 13:40:03,476 [INFO] [MainThread] Nothing to retry. All tracked meetings are finalized.
2026-04-26 13:50:13,027 [INFO] [MainThread] Found credentials from IAM Role: transcript-ec2-role
2026-04-26 13:50:13,134 [INFO] [MainThread] === retry_unfinalized starting ===
2026-04-26 13:50:13,134 [INFO] [MainThread] Scanning temp/live-doc-history/ for unfinalized meetings...
2026-04-26 13:50:13,252 [INFO] [MainThread] Found 94 tracked, 94 finalized, 0 need retry
2026-04-26 13:50:13,252 [INFO] [MainThread] Nothing to retry. All tracked meetings are finalized.
2026-04-26 14:01:03,269 [INFO] [MainThread] Found credentials from IAM Role: transcript-ec2-role
2026-04-26 14:01:03,380 [INFO] [MainThread] === retry_unfinalized starting ===
2026-04-26 14:01:03,380 [INFO] [MainThread] Scanning temp/live-doc-history/ for unfinalized meetings...
2026-04-26 14:01:03,501 [INFO] [MainThread] Found 94 tracked, 94 finalized, 0 need retry
2026-04-26 14:01:03,501 [INFO] [MainThread] Nothing to retry. All tracked meetings are finalized.
2026-04-26 14:12:03,273 [INFO] [MainThread] Found credentials from IAM Role: transcript-ec2-role
2026-04-26 14:12:03,380 [INFO] [MainThread] === retry_unfinalized starting ===
2026-04-26 14:12:03,380 [INFO] [MainThread] Scanning temp/live-doc-history/ for unfinalized meetings...
2026-04-26 14:12:03,487 [INFO] [MainThread] Found 94 tracked, 94 finalized, 0 need retry
2026-04-26 14:12:03,487 [INFO] [MainThread] Nothing to retry. All tracked meetings are finalized.
2026-04-26 14:22:03,480 [INFO] [MainThread] Found credentials from IAM Role: transcript-ec2-role
2026-04-26 14:22:03,590 [INFO] [MainThread] === retry_unfinalized starting ===
2026-04-26 14:22:03,590 [INFO] [MainThread] Scanning temp/live-doc-history/ for unfinalized meetings...
2026-04-26 14:22:03,704 [INFO] [MainThread] Found 94 tracked, 94 finalized, 0 need retry
2026-04-26 14:22:03,704 [INFO] [MainThread] Nothing to retry. All tracked meetings are finalized.
2026-04-26 14:33:03,278 [INFO] [MainThread] Found credentials from IAM Role: transcript-ec2-role
2026-04-26 14:33:03,385 [INFO] [MainThread] === retry_unfinalized starting ===
2026-04-26 14:33:03,385 [INFO] [MainThread] Scanning temp/live-doc-history/ for unfinalized meetings...
2026-04-26 14:33:03,508 [INFO] [MainThread] Found 94 tracked, 94 finalized, 0 need retry
2026-04-26 14:33:03,508 [INFO] [MainThread] Nothing to retry. All tracked meetings are finalized.
2026-04-26 14:44:03,272 [INFO] [MainThread] Found credentials from IAM Role: transcript-ec2-role
2026-04-26 14:44:03,383 [INFO] [MainThread] === retry_unfinalized starting ===
2026-04-26 14:44:03,383 [INFO] [MainThread] Scanning temp/live-doc-history/ for unfinalized meetings...
2026-04-26 14:44:03,492 [INFO] [MainThread] Found 94 tracked, 94 finalized, 0 need retry
2026-04-26 14:44:03,492 [INFO] [MainThread] Nothing to retry. All tracked meetings are finalized.
2026-04-26 14:55:03,257 [INFO] [MainThread] Found credentials from IAM Role: transcript-ec2-role
2026-04-26 14:55:03,363 [INFO] [MainThread] === retry_unfinalized starting ===
2026-04-26 14:55:03,363 [INFO] [MainThread] Scanning temp/live-doc-history/ for unfinalized meetings...
2026-04-26 14:55:03,483 [INFO] [MainThread] Found 94 tracked, 94 finalized, 0 need retry
2026-04-26 14:55:03,483 [INFO] [MainThread] Nothing to retry. All tracked meetings are finalized.
2026-04-26 15:06:03,265 [INFO] [MainThread] Found credentials from IAM Role: transcript-ec2-role
2026-04-26 15:06:03,371 [INFO] [MainThread] === retry_unfinalized starting ===
2026-04-26 15:06:03,371 [INFO] [MainThread] Scanning temp/live-doc-history/ for unfinalized meetings...
2026-04-26 15:06:03,483 [INFO] [MainThread] Found 94 tracked, 94 finalized, 0 need retry
2026-04-26 15:06:03,483 [INFO] [MainThread] Nothing to retry. All tracked meetings are finalized.
2026-04-26 15:16:03,507 [INFO] [MainThread] Found credentials from IAM Role: transcript-ec2-role
2026-04-26 15:16:03,614 [INFO] [MainThread] === retry_unfinalized starting ===
2026-04-26 15:16:03,614 [INFO] [MainThread] Scanning temp/live-doc-history/ for unfinalized meetings...
2026-04-26 15:16:03,723 [INFO] [MainThread] Found 94 tracked, 94 finalized, 0 need retry
2026-04-26 15:16:03,723 [INFO] [MainThread] Nothing to retry. All tracked meetings are finalized.
2026-04-26 15:27:03,277 [INFO] [MainThread] Found credentials from IAM Role: transcript-ec2-role
2026-04-26 15:27:03,386 [INFO] [MainThread] === retry_unfinalized starting ===
2026-04-26 15:27:03,386 [INFO] [MainThread] Scanning temp/live-doc-history/ for unfinalized meetings...
2026-04-26 15:27:03,498 [INFO] [MainThread] Found 94 tracked, 94 finalized, 0 need retry
2026-04-26 15:27:03,498 [INFO] [MainThread] Nothing to retry. All tracked meetings are finalized.
2026-04-26 15:38:03,277 [INFO] [MainThread] Found credentials from IAM Role: transcript-ec2-role
2026-04-26 15:38:03,382 [INFO] [MainThread] === retry_unfinalized starting ===
2026-04-26 15:38:03,382 [INFO] [MainThread] Scanning temp/live-doc-history/ for unfinalized meetings...
2026-04-26 15:38:03,489 [INFO] [MainThread] Found 94 tracked, 94 finalized, 0 need retry
2026-04-26 15:38:03,489 [INFO] [MainThread] Nothing to retry. All tracked meetings are finalized.
2026-04-26 15:49:03,268 [INFO] [MainThread] Found credentials from IAM Role: transcript-ec2-role
2026-04-26 15:49:03,372 [INFO] [MainThread] === retry_unfinalized starting ===
2026-04-26 15:49:03,372 [INFO] [MainThread] Scanning temp/live-doc-history/ for unfinalized meetings...
2026-04-26 15:49:03,472 [INFO] [MainThread] Found 94 tracked, 94 finalized, 0 need retry
2026-04-26 15:49:03,472 [INFO] [MainThread] Nothing to retry. All tracked meetings are finalized.
2026-04-26 16:00:01,826 [INFO] [MainThread] Found credentials from IAM Role: transcript-ec2-role
2026-04-26 16:00:01,936 [INFO] [MainThread] === retry_unfinalized starting ===
2026-04-26 16:00:01,936 [INFO] [MainThread] Scanning temp/live-doc-history/ for unfinalized meetings...
2026-04-26 16:00:02,057 [INFO] [MainThread] Found 94 tracked, 94 finalized, 0 need retry
2026-04-26 16:00:02,058 [INFO] [MainThread] Nothing to retry. All tracked meetings are finalized.
2026-04-26 16:10:03,260 [INFO] [MainThread] Found credentials from IAM Role: transcript-ec2-role
2026-04-26 16:10:03,368 [INFO] [MainThread] === retry_unfinalized starting ===
2026-04-26 16:10:03,368 [INFO] [MainThread] Scanning temp/live-doc-history/ for unfinalized meetings...
2026-04-26 16:10:03,478 [INFO] [MainThread] Found 94 tracked, 94 finalized, 0 need retry
2026-04-26 16:10:03,479 [INFO] [MainThread] Nothing to retry. All tracked meetings are finalized.
2026-04-26 16:20:12,511 [INFO] [MainThread] Found credentials from IAM Role: transcript-ec2-role
2026-04-26 16:20:12,619 [INFO] [MainThread] === retry_unfinalized starting ===
2026-04-26 16:20:12,620 [INFO] [MainThread] Scanning temp/live-doc-history/ for unfinalized meetings...
2026-04-26 16:20:12,737 [INFO] [MainThread] Found 94 tracked, 94 finalized, 0 need retry
2026-04-26 16:20:12,737 [INFO] [MainThread] Nothing to retry. All tracked meetings are finalized.
2026-04-26 16:31:03,247 [INFO] [MainThread] Found credentials from IAM Role: transcript-ec2-role
2026-04-26 16:31:03,352 [INFO] [MainThread] === retry_unfinalized starting ===
2026-04-26 16:31:03,352 [INFO] [MainThread] Scanning temp/live-doc-history/ for unfinalized meetings...
2026-04-26 16:31:03,479 [INFO] [MainThread] Found 94 tracked, 94 finalized, 0 need retry
2026-04-26 16:31:03,480 [INFO] [MainThread] Nothing to retry. All tracked meetings are finalized.
2026-04-26 16:41:03,292 [INFO] [MainThread] Found credentials from IAM Role: transcript-ec2-role
2026-04-26 16:41:03,398 [INFO] [MainThread] === retry_unfinalized starting ===
2026-04-26 16:41:03,398 [INFO] [MainThread] Scanning temp/live-doc-history/ for unfinalized meetings...
2026-04-26 16:41:03,507 [INFO] [MainThread] Found 94 tracked, 94 finalized, 0 need retry
2026-04-26 16:41:03,507 [INFO] [MainThread] Nothing to retry. All tracked meetings are finalized.
2026-04-26 16:52:03,274 [INFO] [MainThread] Found credentials from IAM Role: transcript-ec2-role
2026-04-26 16:52:03,377 [INFO] [MainThread] === retry_unfinalized starting ===
2026-04-26 16:52:03,377 [INFO] [MainThread] Scanning temp/live-doc-history/ for unfinalized meetings...
2026-04-26 16:52:03,484 [INFO] [MainThread] Found 94 tracked, 94 finalized, 0 need retry
2026-04-26 16:52:03,484 [INFO] [MainThread] Nothing to retry. All tracked meetings are finalized.
2026-04-26 17:03:03,258 [INFO] [MainThread] Found credentials from IAM Role: transcript-ec2-role
2026-04-26 17:03:03,368 [INFO] [MainThread] === retry_unfinalized starting ===
2026-04-26 17:03:03,368 [INFO] [MainThread] Scanning temp/live-doc-history/ for unfinalized meetings...
2026-04-26 17:03:03,488 [INFO] [MainThread] Found 94 tracked, 94 finalized, 0 need retry
2026-04-26 17:03:03,488 [INFO] [MainThread] Nothing to retry. All tracked meetings are finalized.
2026-04-26 17:14:03,269 [INFO] [MainThread] Found credentials from IAM Role: transcript-ec2-role
2026-04-26 17:14:03,381 [INFO] [MainThread] === retry_unfinalized starting ===
2026-04-26 17:14:03,381 [INFO] [MainThread] Scanning temp/live-doc-history/ for unfinalized meetings...
2026-04-26 17:14:03,492 [INFO] [MainThread] Found 94 tracked, 94 finalized, 0 need retry
2026-04-26 17:14:03,492 [INFO] [MainThread] Nothing to retry. All tracked meetings are finalized.
2026-04-26 17:24:03,509 [INFO] [MainThread] Found credentials from IAM Role: transcript-ec2-role
2026-04-26 17:24:03,623 [INFO] [MainThread] === retry_unfinalized starting ===
2026-04-26 17:24:03,624 [INFO] [MainThread] Scanning temp/live-doc-history/ for unfinalized meetings...
2026-04-26 17:24:03,728 [INFO] [MainThread] Found 94 tracked, 94 finalized, 0 need retry
2026-04-26 17:24:03,728 [INFO] [MainThread] Nothing to retry. All tracked meetings are finalized.
2026-04-26 17:35:03,259 [INFO] [MainThread] Found credentials from IAM Role: transcript-ec2-role
2026-04-26 17:35:03,368 [INFO] [MainThread] === retry_unfinalized starting ===
2026-04-26 17:35:03,369 [INFO] [MainThread] Scanning temp/live-doc-history/ for unfinalized meetings...
2026-04-26 17:35:03,486 [INFO] [MainThread] Found 94 tracked, 94 finalized, 0 need retry
2026-04-26 17:35:03,486 [INFO] [MainThread] Nothing to retry. All tracked meetings are finalized.
2026-04-26 17:46:03,261 [INFO] [MainThread] Found credentials from IAM Role: transcript-ec2-role
2026-04-26 17:46:03,369 [INFO] [MainThread] === retry_unfinalized starting ===
2026-04-26 17:46:03,370 [INFO] [MainThread] Scanning temp/live-doc-history/ for unfinalized meetings...
2026-04-26 17:46:03,467 [INFO] [MainThread] Found 94 tracked, 94 finalized, 0 need retry
2026-04-26 17:46:03,467 [INFO] [MainThread] Nothing to retry. All tracked meetings are finalized.
2026-04-26 17:57:03,265 [INFO] [MainThread] Found credentials from IAM Role: transcript-ec2-role
2026-04-26 17:57:03,375 [INFO] [MainThread] === retry_unfinalized starting ===
2026-04-26 17:57:03,375 [INFO] [MainThread] Scanning temp/live-doc-history/ for unfinalized meetings...
2026-04-26 17:57:03,491 [INFO] [MainThread] Found 94 tracked, 94 finalized, 0 need retry
2026-04-26 17:57:03,491 [INFO] [MainThread] Nothing to retry. All tracked meetings are finalized.
2026-04-26 18:08:03,269 [INFO] [MainThread] Found credentials from IAM Role: transcript-ec2-role
2026-04-26 18:08:03,375 [INFO] [MainThread] === retry_unfinalized starting ===
2026-04-26 18:08:03,375 [INFO] [MainThread] Scanning temp/live-doc-history/ for unfinalized meetings...
2026-04-26 18:08:03,486 [INFO] [MainThread] Found 94 tracked, 94 finalized, 0 need retry
2026-04-26 18:08:03,486 [INFO] [MainThread] Nothing to retry. All tracked meetings are finalized.
2026-04-26 18:18:03,463 [INFO] [MainThread] Found credentials from IAM Role: transcript-ec2-role
2026-04-26 18:18:03,570 [INFO] [MainThread] === retry_unfinalized starting ===
2026-04-26 18:18:03,570 [INFO] [MainThread] Scanning temp/live-doc-history/ for unfinalized meetings...
2026-04-26 18:18:03,683 [INFO] [MainThread] Found 94 tracked, 94 finalized, 0 need retry
2026-04-26 18:18:03,683 [INFO] [MainThread] Nothing to retry. All tracked meetings are finalized.
2026-04-26 18:29:03,261 [INFO] [MainThread] Found credentials from IAM Role: transcript-ec2-role
2026-04-26 18:29:03,370 [INFO] [MainThread] === retry_unfinalized starting ===
2026-04-26 18:29:03,370 [INFO] [MainThread] Scanning temp/live-doc-history/ for unfinalized meetings...
2026-04-26 18:29:03,486 [INFO] [MainThread] Found 94 tracked, 94 finalized, 0 need retry
2026-04-26 18:29:03,486 [INFO] [MainThread] Nothing to retry. All tracked meetings are finalized.
2026-04-26 18:40:01,818 [INFO] [MainThread] Found credentials from IAM Role: transcript-ec2-role
2026-04-26 18:40:01,944 [INFO] [MainThread] === retry_unfinalized starting ===
2026-04-26 18:40:01,945 [INFO] [MainThread] Scanning temp/live-doc-history/ for unfinalized meetings...
2026-04-26 18:40:02,059 [INFO] [MainThread] Found 94 tracked, 94 finalized, 0 need retry
2026-04-26 18:40:02,059 [INFO] [MainThread] Nothing to retry. All tracked meetings are finalized.
2026-04-26 18:50:02,343 [INFO] [MainThread] Found credentials from IAM Role: transcript-ec2-role
2026-04-26 18:50:02,454 [INFO] [MainThread] === retry_unfinalized starting ===
2026-04-26 18:50:02,454 [INFO] [MainThread] Scanning temp/live-doc-history/ for unfinalized meetings...
2026-04-26 18:50:02,562 [INFO] [MainThread] Found 94 tracked, 94 finalized, 0 need retry
2026-04-26 18:50:02,562 [INFO] [MainThread] Nothing to retry. All tracked meetings are finalized.
2026-04-26 19:00:02,347 [INFO] [MainThread] Found credentials from IAM Role: transcript-ec2-role
2026-04-26 19:00:02,454 [INFO] [MainThread] === retry_unfinalized starting ===
2026-04-26 19:00:02,454 [INFO] [MainThread] Scanning temp/live-doc-history/ for unfinalized meetings...
2026-04-26 19:00:02,571 [INFO] [MainThread] Found 94 tracked, 94 finalized, 0 need retry
2026-04-26 19:00:02,571 [INFO] [MainThread] Nothing to retry. All tracked meetings are finalized.
2026-04-26 19:10:03,257 [INFO] [MainThread] Found credentials from IAM Role: transcript-ec2-role
2026-04-26 19:10:03,364 [INFO] [MainThread] === retry_unfinalized starting ===
2026-04-26 19:10:03,364 [INFO] [MainThread] Scanning temp/live-doc-history/ for unfinalized meetings...
2026-04-26 19:10:03,487 [INFO] [MainThread] Found 94 tracked, 94 finalized, 0 need retry
2026-04-26 19:10:03,487 [INFO] [MainThread] Nothing to retry. All tracked meetings are finalized.
2026-04-26 19:20:12,518 [INFO] [MainThread] Found credentials from IAM Role: transcript-ec2-role
2026-04-26 19:20:12,625 [INFO] [MainThread] === retry_unfinalized starting ===
2026-04-26 19:20:12,625 [INFO] [MainThread] Scanning temp/live-doc-history/ for unfinalized meetings...
2026-04-26 19:20:12,737 [INFO] [MainThread] Found 94 tracked, 94 finalized, 0 need retry
2026-04-26 19:20:12,737 [INFO] [MainThread] Nothing to retry. All tracked meetings are finalized.
2026-04-26 19:31:03,273 [INFO] [MainThread] Found credentials from IAM Role: transcript-ec2-role
2026-04-26 19:31:03,381 [INFO] [MainThread] === retry_unfinalized starting ===
2026-04-26 19:31:03,381 [INFO] [MainThread] Scanning temp/live-doc-history/ for unfinalized meetings...
2026-04-26 19:31:03,503 [INFO] [MainThread] Found 94 tracked, 94 finalized, 0 need retry
2026-04-26 19:31:03,503 [INFO] [MainThread] Nothing to retry. All tracked meetings are finalized.
2026-04-26 19:42:03,274 [INFO] [MainThread] Found credentials from IAM Role: transcript-ec2-role
2026-04-26 19:42:03,382 [INFO] [MainThread] === retry_unfinalized starting ===
2026-04-26 19:42:03,382 [INFO] [MainThread] Scanning temp/live-doc-history/ for unfinalized meetings...
2026-04-26 19:42:03,483 [INFO] [MainThread] Found 94 tracked, 94 finalized, 0 need retry
2026-04-26 19:42:03,483 [INFO] [MainThread] Nothing to retry. All tracked meetings are finalized.
2026-04-26 19:53:03,261 [INFO] [MainThread] Found credentials from IAM Role: transcript-ec2-role
2026-04-26 19:53:03,369 [INFO] [MainThread] === retry_unfinalized starting ===
2026-04-26 19:53:03,370 [INFO] [MainThread] Scanning temp/live-doc-history/ for unfinalized meetings...
2026-04-26 19:53:03,481 [INFO] [MainThread] Found 94 tracked, 94 finalized, 0 need retry
2026-04-26 19:53:03,481 [INFO] [MainThread] Nothing to retry. All tracked meetings are finalized.
2026-04-26 20:04:03,263 [INFO] [MainThread] Found credentials from IAM Role: transcript-ec2-role
2026-04-26 20:04:03,371 [INFO] [MainThread] === retry_unfinalized starting ===
2026-04-26 20:04:03,371 [INFO] [MainThread] Scanning temp/live-doc-history/ for unfinalized meetings...
2026-04-26 20:04:03,480 [INFO] [MainThread] Found 94 tracked, 94 finalized, 0 need retry
2026-04-26 20:04:03,480 [INFO] [MainThread] Nothing to retry. All tracked meetings are finalized.
2026-04-26 20:15:03,256 [INFO] [MainThread] Found credentials from IAM Role: transcript-ec2-role
2026-04-26 20:15:03,361 [INFO] [MainThread] === retry_unfinalized starting ===
2026-04-26 20:15:03,361 [INFO] [MainThread] Scanning temp/live-doc-history/ for unfinalized meetings...
2026-04-26 20:15:03,471 [INFO] [MainThread] Found 94 tracked, 94 finalized, 0 need retry
2026-04-26 20:15:03,471 [INFO] [MainThread] Nothing to retry. All tracked meetings are finalized.
2026-04-26 20:26:03,261 [INFO] [MainThread] Found credentials from IAM Role: transcript-ec2-role
2026-04-26 20:26:03,368 [INFO] [MainThread] === retry_unfinalized starting ===
2026-04-26 20:26:03,368 [INFO] [MainThread] Scanning temp/live-doc-history/ for unfinalized meetings...
2026-04-26 20:26:03,494 [INFO] [MainThread] Found 94 tracked, 94 finalized, 0 need retry
2026-04-26 20:26:03,494 [INFO] [MainThread] Nothing to retry. All tracked meetings are finalized.
2026-04-26 20:37:03,258 [INFO] [MainThread] Found credentials from IAM Role: transcript-ec2-role
2026-04-26 20:37:03,363 [INFO] [MainThread] === retry_unfinalized starting ===
2026-04-26 20:37:03,363 [INFO] [MainThread] Scanning temp/live-doc-history/ for unfinalized meetings...
2026-04-26 20:37:03,470 [INFO] [MainThread] Found 94 tracked, 94 finalized, 0 need retry
2026-04-26 20:37:03,470 [INFO] [MainThread] Nothing to retry. All tracked meetings are finalized.
2026-04-26 20:48:03,266 [INFO] [MainThread] Found credentials from IAM Role: transcript-ec2-role
2026-04-26 20:48:03,374 [INFO] [MainThread] === retry_unfinalized starting ===
2026-04-26 20:48:03,374 [INFO] [MainThread] Scanning temp/live-doc-history/ for unfinalized meetings...
2026-04-26 20:48:03,480 [INFO] [MainThread] Found 94 tracked, 94 finalized, 0 need retry
2026-04-26 20:48:03,480 [INFO] [MainThread] Nothing to retry. All tracked meetings are finalized.
2026-04-26 20:58:03,487 [INFO] [MainThread] Found credentials from IAM Role: transcript-ec2-role
2026-04-26 20:58:03,593 [INFO] [MainThread] === retry_unfinalized starting ===
2026-04-26 20:58:03,593 [INFO] [MainThread] Scanning temp/live-doc-history/ for unfinalized meetings...
2026-04-26 20:58:03,705 [INFO] [MainThread] Found 94 tracked, 94 finalized, 0 need retry
2026-04-26 20:58:03,705 [INFO] [MainThread] Nothing to retry. All tracked meetings are finalized.
2026-04-26 21:09:03,252 [INFO] [MainThread] Found credentials from IAM Role: transcript-ec2-role
2026-04-26 21:09:03,358 [INFO] [MainThread] === retry_unfinalized starting ===
2026-04-26 21:09:03,358 [INFO] [MainThread] Scanning temp/live-doc-history/ for unfinalized meetings...
2026-04-26 21:09:03,464 [INFO] [MainThread] Found 94 tracked, 94 finalized, 0 need retry
2026-04-26 21:09:03,465 [INFO] [MainThread] Nothing to retry. All tracked meetings are finalized.
2026-04-26 21:20:01,978 [INFO] [MainThread] Found credentials from IAM Role: transcript-ec2-role
2026-04-26 21:20:02,090 [INFO] [MainThread] === retry_unfinalized starting ===
2026-04-26 21:20:02,090 [INFO] [MainThread] Scanning temp/live-doc-history/ for unfinalized meetings...
2026-04-26 21:20:02,211 [INFO] [MainThread] Found 94 tracked, 94 finalized, 0 need retry
2026-04-26 21:20:02,212 [INFO] [MainThread] Nothing to retry. All tracked meetings are finalized.
2026-04-26 21:30:03,271 [INFO] [MainThread] Found credentials from IAM Role: transcript-ec2-role
2026-04-26 21:30:03,379 [INFO] [MainThread] === retry_unfinalized starting ===
2026-04-26 21:30:03,379 [INFO] [MainThread] Scanning temp/live-doc-history/ for unfinalized meetings...
2026-04-26 21:30:03,490 [INFO] [MainThread] Found 94 tracked, 94 finalized, 0 need retry
2026-04-26 21:30:03,490 [INFO] [MainThread] Nothing to retry. All tracked meetings are finalized.
2026-04-26 21:40:12,508 [INFO] [MainThread] Found credentials from IAM Role: transcript-ec2-role
2026-04-26 21:40:12,617 [INFO] [MainThread] === retry_unfinalized starting ===
2026-04-26 21:40:12,617 [INFO] [MainThread] Scanning temp/live-doc-history/ for unfinalized meetings...
2026-04-26 21:40:12,721 [INFO] [MainThread] Found 94 tracked, 94 finalized, 0 need retry
2026-04-26 21:40:12,721 [INFO] [MainThread] Nothing to retry. All tracked meetings are finalized.
2026-04-26 21:51:03,270 [INFO] [MainThread] Found credentials from IAM Role: transcript-ec2-role
2026-04-26 21:51:03,378 [INFO] [MainThread] === retry_unfinalized starting ===
2026-04-26 21:51:03,378 [INFO] [MainThread] Scanning temp/live-doc-history/ for unfinalized meetings...
2026-04-26 21:51:03,485 [INFO] [MainThread] Found 94 tracked, 94 finalized, 0 need retry
2026-04-26 21:51:03,486 [INFO] [MainThread] Nothing to retry. All tracked meetings are finalized.
2026-04-26 22:02:03,266 [INFO] [MainThread] Found credentials from IAM Role: transcript-ec2-role
2026-04-26 22:02:03,374 [INFO] [MainThread] === retry_unfinalized starting ===
2026-04-26 22:02:03,374 [INFO] [MainThread] Scanning temp/live-doc-history/ for unfinalized meetings...
2026-04-26 22:02:03,500 [INFO] [MainThread] Found 94 tracked, 94 finalized, 0 need retry
2026-04-26 22:02:03,500 [INFO] [MainThread] Nothing to retry. All tracked meetings are finalized.
2026-04-26 22:13:03,294 [INFO] [MainThread] Found credentials from IAM Role: transcript-ec2-role
2026-04-26 22:13:03,399 [INFO] [MainThread] === retry_unfinalized starting ===
2026-04-26 22:13:03,400 [INFO] [MainThread] Scanning temp/live-doc-history/ for unfinalized meetings...
2026-04-26 22:13:03,508 [INFO] [MainThread] Found 94 tracked, 94 finalized, 0 need retry
2026-04-26 22:13:03,508 [INFO] [MainThread] Nothing to retry. All tracked meetings are finalized.
2026-04-26 22:24:03,281 [INFO] [MainThread] Found credentials from IAM Role: transcript-ec2-role
2026-04-26 22:24:03,390 [INFO] [MainThread] === retry_unfinalized starting ===
2026-04-26 22:24:03,390 [INFO] [MainThread] Scanning temp/live-doc-history/ for unfinalized meetings...
2026-04-26 22:24:03,492 [INFO] [MainThread] Found 94 tracked, 94 finalized, 0 need retry
2026-04-26 22:24:03,492 [INFO] [MainThread] Nothing to retry. All tracked meetings are finalized.
2026-04-26 22:35:03,264 [INFO] [MainThread] Found credentials from IAM Role: transcript-ec2-role
2026-04-26 22:35:03,373 [INFO] [MainThread] === retry_unfinalized starting ===
2026-04-26 22:35:03,373 [INFO] [MainThread] Scanning temp/live-doc-history/ for unfinalized meetings...
2026-04-26 22:35:03,488 [INFO] [MainThread] Found 94 tracked, 94 finalized, 0 need retry
2026-04-26 22:35:03,489 [INFO] [MainThread] Nothing to retry. All tracked meetings are finalized.
2026-04-26 22:46:03,274 [INFO] [MainThread] Found credentials from IAM Role: transcript-ec2-role
2026-04-26 22:46:03,381 [INFO] [MainThread] === retry_unfinalized starting ===
2026-04-26 22:46:03,381 [INFO] [MainThread] Scanning temp/live-doc-history/ for unfinalized meetings...
2026-04-26 22:46:03,484 [INFO] [MainThread] Found 94 tracked, 94 finalized, 0 need retry
2026-04-26 22:46:03,484 [INFO] [MainThread] Nothing to retry. All tracked meetings are finalized.
2026-04-26 22:57:03,277 [INFO] [MainThread] Found credentials from IAM Role: transcript-ec2-role
2026-04-26 22:57:03,383 [INFO] [MainThread] === retry_unfinalized starting ===
2026-04-26 22:57:03,383 [INFO] [MainThread] Scanning temp/live-doc-history/ for unfinalized meetings...
2026-04-26 22:57:03,488 [INFO] [MainThread] Found 94 tracked, 94 finalized, 0 need retry
2026-04-26 22:57:03,488 [INFO] [MainThread] Nothing to retry. All tracked meetings are finalized.
2026-04-26 23:08:03,263 [INFO] [MainThread] Found credentials from IAM Role: transcript-ec2-role
2026-04-26 23:08:03,372 [INFO] [MainThread] === retry_unfinalized starting ===
2026-04-26 23:08:03,372 [INFO] [MainThread] Scanning temp/live-doc-history/ for unfinalized meetings...
2026-04-26 23:08:03,493 [INFO] [MainThread] Found 94 tracked, 94 finalized, 0 need retry
2026-04-26 23:08:03,493 [INFO] [MainThread] Nothing to retry. All tracked meetings are finalized.
2026-04-26 23:19:03,272 [INFO] [MainThread] Found credentials from IAM Role: transcript-ec2-role
2026-04-26 23:19:03,380 [INFO] [MainThread] === retry_unfinalized starting ===
2026-04-26 23:19:03,380 [INFO] [MainThread] Scanning temp/live-doc-history/ for unfinalized meetings...
2026-04-26 23:19:03,489 [INFO] [MainThread] Found 94 tracked, 94 finalized, 0 need retry
2026-04-26 23:19:03,489 [INFO] [MainThread] Nothing to retry. All tracked meetings are finalized.
2026-04-26 23:30:01,438 [INFO] [MainThread] Found credentials from IAM Role: transcript-ec2-role
2026-04-26 23:30:01,554 [INFO] [MainThread] === retry_unfinalized starting ===
2026-04-26 23:30:01,554 [INFO] [MainThread] Scanning temp/live-doc-history/ for unfinalized meetings...
2026-04-26 23:30:01,656 [INFO] [MainThread] Found 94 tracked, 94 finalized, 0 need retry
2026-04-26 23:30:01,657 [INFO] [MainThread] Nothing to retry. All tracked meetings are finalized.
2026-04-26 23:40:01,970 [INFO] [MainThread] Found credentials from IAM Role: transcript-ec2-role
2026-04-26 23:40:02,087 [INFO] [MainThread] === retry_unfinalized starting ===
2026-04-26 23:40:02,087 [INFO] [MainThread] Scanning temp/live-doc-history/ for unfinalized meetings...
2026-04-26 23:40:02,203 [INFO] [MainThread] Found 94 tracked, 94 finalized, 0 need retry
2026-04-26 23:40:02,203 [INFO] [MainThread] Nothing to retry. All tracked meetings are finalized.
2026-04-26 23:50:03,274 [INFO] [MainThread] Found credentials from IAM Role: transcript-ec2-role
2026-04-26 23:50:03,382 [INFO] [MainThread] === retry_unfinalized starting ===
2026-04-26 23:50:03,382 [INFO] [MainThread] Scanning temp/live-doc-history/ for unfinalized meetings...
2026-04-26 23:50:03,492 [INFO] [MainThread] Found 94 tracked, 94 finalized, 0 need retry
2026-04-26 23:50:03,492 [INFO] [MainThread] Nothing to retry. All tracked meetings are finalized.
2026-04-27 00:00:12,516 [INFO] [MainThread] Found credentials from IAM Role: transcript-ec2-role
2026-04-27 00:00:12,627 [INFO] [MainThread] === retry_unfinalized starting ===
2026-04-27 00:00:12,627 [INFO] [MainThread] Scanning temp/live-doc-history/ for unfinalized meetings...
2026-04-27 00:00:12,740 [INFO] [MainThread] Found 94 tracked, 94 finalized, 0 need retry
2026-04-27 00:00:12,740 [INFO] [MainThread] Nothing to retry. All tracked meetings are finalized.
2026-04-27 00:11:03,259 [INFO] [MainThread] Found credentials from IAM Role: transcript-ec2-role
2026-04-27 00:11:03,370 [INFO] [MainThread] === retry_unfinalized starting ===
2026-04-27 00:11:03,370 [INFO] [MainThread] Scanning temp/live-doc-history/ for unfinalized meetings...
2026-04-27 00:11:03,536 [INFO] [MainThread] Found 94 tracked, 94 finalized, 0 need retry
2026-04-27 00:11:03,537 [INFO] [MainThread] Nothing to retry. All tracked meetings are finalized.
2026-04-27 00:22:03,267 [INFO] [MainThread] Found credentials from IAM Role: transcript-ec2-role
2026-04-27 00:22:03,372 [INFO] [MainThread] === retry_unfinalized starting ===
2026-04-27 00:22:03,373 [INFO] [MainThread] Scanning temp/live-doc-history/ for unfinalized meetings...
2026-04-27 00:22:03,471 [INFO] [MainThread] Found 94 tracked, 94 finalized, 0 need retry
2026-04-27 00:22:03,472 [INFO] [MainThread] Nothing to retry. All tracked meetings are finalized.
2026-04-27 00:32:03,499 [INFO] [MainThread] Found credentials from IAM Role: transcript-ec2-role
2026-04-27 00:32:03,601 [INFO] [MainThread] === retry_unfinalized starting ===
2026-04-27 00:32:03,601 [INFO] [MainThread] Scanning temp/live-doc-history/ for unfinalized meetings...
2026-04-27 00:32:03,709 [INFO] [MainThread] Found 94 tracked, 94 finalized, 0 need retry
2026-04-27 00:32:03,709 [INFO] [MainThread] Nothing to retry. All tracked meetings are finalized.
2026-04-27 00:43:03,248 [INFO] [MainThread] Found credentials from IAM Role: transcript-ec2-role
2026-04-27 00:43:03,353 [INFO] [MainThread] === retry_unfinalized starting ===
2026-04-27 00:43:03,354 [INFO] [MainThread] Scanning temp/live-doc-history/ for unfinalized meetings...
2026-04-27 00:43:03,454 [INFO] [MainThread] Found 94 tracked, 94 finalized, 0 need retry
2026-04-27 00:43:03,454 [INFO] [MainThread] Nothing to retry. All tracked meetings are finalized.
2026-04-27 00:54:03,249 [INFO] [MainThread] Found credentials from IAM Role: transcript-ec2-role
2026-04-27 00:54:03,355 [INFO] [MainThread] === retry_unfinalized starting ===
2026-04-27 00:54:03,356 [INFO] [MainThread] Scanning temp/live-doc-history/ for unfinalized meetings...
2026-04-27 00:54:03,471 [INFO] [MainThread] Found 94 tracked, 94 finalized, 0 need retry
2026-04-27 00:54:03,472 [INFO] [MainThread] Nothing to retry. All tracked meetings are finalized.
2026-04-27 01:04:03,262 [INFO] [MainThread] Found credentials from IAM Role: transcript-ec2-role
2026-04-27 01:04:03,368 [INFO] [MainThread] === retry_unfinalized starting ===
2026-04-27 01:04:03,368 [INFO] [MainThread] Scanning temp/live-doc-history/ for unfinalized meetings...
2026-04-27 01:04:03,482 [INFO] [MainThread] Found 94 tracked, 94 finalized, 0 need retry
2026-04-27 01:04:03,482 [INFO] [MainThread] Nothing to retry. All tracked meetings are finalized.
2026-04-27 01:14:03,273 [INFO] [MainThread] Found credentials from IAM Role: transcript-ec2-role
2026-04-27 01:14:03,382 [INFO] [MainThread] === retry_unfinalized starting ===
2026-04-27 01:14:03,382 [INFO] [MainThread] Scanning temp/live-doc-history/ for unfinalized meetings...
2026-04-27 01:14:03,495 [INFO] [MainThread] Found 94 tracked, 94 finalized, 0 need retry
2026-04-27 01:14:03,495 [INFO] [MainThread] Nothing to retry. All tracked meetings are finalized.
2026-04-27 01:25:03,272 [INFO] [MainThread] Found credentials from IAM Role: transcript-ec2-role
2026-04-27 01:25:03,378 [INFO] [MainThread] === retry_unfinalized starting ===
2026-04-27 01:25:03,378 [INFO] [MainThread] Scanning temp/live-doc-history/ for unfinalized meetings...
2026-04-27 01:25:03,484 [INFO] [MainThread] Found 94 tracked, 94 finalized, 0 need retry
2026-04-27 01:25:03,484 [INFO] [MainThread] Nothing to retry. All tracked meetings are finalized.
2026-04-27 01:36:03,273 [INFO] [MainThread] Found credentials from IAM Role: transcript-ec2-role
2026-04-27 01:36:03,383 [INFO] [MainThread] === retry_unfinalized starting ===
2026-04-27 01:36:03,383 [INFO] [MainThread] Scanning temp/live-doc-history/ for unfinalized meetings...
2026-04-27 01:36:03,488 [INFO] [MainThread] Found 94 tracked, 94 finalized, 0 need retry
2026-04-27 01:36:03,488 [INFO] [MainThread] Nothing to retry. All tracked meetings are finalized.
2026-04-27 01:46:03,274 [INFO] [MainThread] Found credentials from IAM Role: transcript-ec2-role
2026-04-27 01:46:03,382 [INFO] [MainThread] === retry_unfinalized starting ===
2026-04-27 01:46:03,382 [INFO] [MainThread] Scanning temp/live-doc-history/ for unfinalized meetings...
2026-04-27 01:46:03,495 [INFO] [MainThread] Found 94 tracked, 94 finalized, 0 need retry
2026-04-27 01:46:03,495 [INFO] [MainThread] Nothing to retry. All tracked meetings are finalized.
2026-04-27 01:56:03,519 [INFO] [MainThread] Found credentials from IAM Role: transcript-ec2-role
2026-04-27 01:56:03,624 [INFO] [MainThread] === retry_unfinalized starting ===
2026-04-27 01:56:03,624 [INFO] [MainThread] Scanning temp/live-doc-history/ for unfinalized meetings...
2026-04-27 01:56:03,735 [INFO] [MainThread] Found 94 tracked, 94 finalized, 0 need retry
2026-04-27 01:56:03,736 [INFO] [MainThread] Nothing to retry. All tracked meetings are finalized.
2026-04-27 02:07:03,254 [INFO] [MainThread] Found credentials from IAM Role: transcript-ec2-role
2026-04-27 02:07:03,361 [INFO] [MainThread] === retry_unfinalized starting ===
2026-04-27 02:07:03,361 [INFO] [MainThread] Scanning temp/live-doc-history/ for unfinalized meetings...
2026-04-27 02:07:03,459 [INFO] [MainThread] Found 94 tracked, 94 finalized, 0 need retry
2026-04-27 02:07:03,459 [INFO] [MainThread] Nothing to retry. All tracked meetings are finalized.
2026-04-27 02:18:03,251 [INFO] [MainThread] Found credentials from IAM Role: transcript-ec2-role
2026-04-27 02:18:03,354 [INFO] [MainThread] === retry_unfinalized starting ===
2026-04-27 02:18:03,354 [INFO] [MainThread] Scanning temp/live-doc-history/ for unfinalized meetings...
2026-04-27 02:18:03,469 [INFO] [MainThread] Found 94 tracked, 94 finalized, 0 need retry
2026-04-27 02:18:03,469 [INFO] [MainThread] Nothing to retry. All tracked meetings are finalized.
2026-04-27 02:29:03,280 [INFO] [MainThread] Found credentials from IAM Role: transcript-ec2-role
2026-04-27 02:29:03,389 [INFO] [MainThread] === retry_unfinalized starting ===
2026-04-27 02:29:03,389 [INFO] [MainThread] Scanning temp/live-doc-history/ for unfinalized meetings...
2026-04-27 02:29:03,505 [INFO] [MainThread] Found 94 tracked, 94 finalized, 0 need retry
2026-04-27 02:29:03,505 [INFO] [MainThread] Nothing to retry. All tracked meetings are finalized.
2026-04-27 02:40:02,253 [INFO] [MainThread] Found credentials from IAM Role: transcript-ec2-role
2026-04-27 02:40:02,364 [INFO] [MainThread] === retry_unfinalized starting ===
2026-04-27 02:40:02,364 [INFO] [MainThread] Scanning temp/live-doc-history/ for unfinalized meetings...
2026-04-27 02:40:02,475 [INFO] [MainThread] Found 94 tracked, 94 finalized, 0 need retry
2026-04-27 02:40:02,475 [INFO] [MainThread] Nothing to retry. All tracked meetings are finalized.
2026-04-27 02:50:03,258 [INFO] [MainThread] Found credentials from IAM Role: transcript-ec2-role
2026-04-27 02:50:03,368 [INFO] [MainThread] === retry_unfinalized starting ===
2026-04-27 02:50:03,368 [INFO] [MainThread] Scanning temp/live-doc-history/ for unfinalized meetings...
2026-04-27 02:50:03,471 [INFO] [MainThread] Found 94 tracked, 94 finalized, 0 need retry
2026-04-27 02:50:03,471 [INFO] [MainThread] Nothing to retry. All tracked meetings are finalized.
2026-04-27 03:00:12,766 [INFO] [MainThread] Found credentials from IAM Role: transcript-ec2-role
2026-04-27 03:00:12,877 [INFO] [MainThread] === retry_unfinalized starting ===
2026-04-27 03:00:12,877 [INFO] [MainThread] Scanning temp/live-doc-history/ for unfinalized meetings...
2026-04-27 03:00:12,995 [INFO] [MainThread] Found 94 tracked, 94 finalized, 0 need retry
2026-04-27 03:00:12,996 [INFO] [MainThread] Nothing to retry. All tracked meetings are finalized.
2026-04-27 03:11:03,253 [INFO] [MainThread] Found credentials from IAM Role: transcript-ec2-role
2026-04-27 03:11:03,360 [INFO] [MainThread] === retry_unfinalized starting ===
2026-04-27 03:11:03,360 [INFO] [MainThread] Scanning temp/live-doc-history/ for unfinalized meetings...
2026-04-27 03:11:03,459 [INFO] [MainThread] Found 94 tracked, 94 finalized, 0 need retry
2026-04-27 03:11:03,459 [INFO] [MainThread] Nothing to retry. All tracked meetings are finalized.
2026-04-27 03:22:03,264 [INFO] [MainThread] Found credentials from IAM Role: transcript-ec2-role
2026-04-27 03:22:03,373 [INFO] [MainThread] === retry_unfinalized starting ===
2026-04-27 03:22:03,373 [INFO] [MainThread] Scanning temp/live-doc-history/ for unfinalized meetings...
2026-04-27 03:22:03,476 [INFO] [MainThread] Found 94 tracked, 94 finalized, 0 need retry
2026-04-27 03:22:03,477 [INFO] [MainThread] Nothing to retry. All tracked meetings are finalized.
2026-04-27 03:33:03,263 [INFO] [MainThread] Found credentials from IAM Role: transcript-ec2-role
2026-04-27 03:33:03,375 [INFO] [MainThread] === retry_unfinalized starting ===
2026-04-27 03:33:03,375 [INFO] [MainThread] Scanning temp/live-doc-history/ for unfinalized meetings...
2026-04-27 03:33:03,481 [INFO] [MainThread] Found 94 tracked, 94 finalized, 0 need retry
2026-04-27 03:33:03,481 [INFO] [MainThread] Nothing to retry. All tracked meetings are finalized.
2026-04-27 03:44:03,266 [INFO] [MainThread] Found credentials from IAM Role: transcript-ec2-role
2026-04-27 03:44:03,375 [INFO] [MainThread] === retry_unfinalized starting ===
2026-04-27 03:44:03,375 [INFO] [MainThread] Scanning temp/live-doc-history/ for unfinalized meetings...
2026-04-27 03:44:03,477 [INFO] [MainThread] Found 94 tracked, 94 finalized, 0 need retry
2026-04-27 03:44:03,477 [INFO] [MainThread] Nothing to retry. All tracked meetings are finalized.
2026-04-27 03:54:03,467 [INFO] [MainThread] Found credentials from IAM Role: transcript-ec2-role
2026-04-27 03:54:03,573 [INFO] [MainThread] === retry_unfinalized starting ===
2026-04-27 03:54:03,573 [INFO] [MainThread] Scanning temp/live-doc-history/ for unfinalized meetings...
2026-04-27 03:54:03,695 [INFO] [MainThread] Found 94 tracked, 94 finalized, 0 need retry
2026-04-27 03:54:03,695 [INFO] [MainThread] Nothing to retry. All tracked meetings are finalized.
2026-04-27 04:05:03,257 [INFO] [MainThread] Found credentials from IAM Role: transcript-ec2-role
2026-04-27 04:05:03,363 [INFO] [MainThread] === retry_unfinalized starting ===
2026-04-27 04:05:03,364 [INFO] [MainThread] Scanning temp/live-doc-history/ for unfinalized meetings...
2026-04-27 04:05:03,486 [INFO] [MainThread] Found 94 tracked, 94 finalized, 0 need retry
2026-04-27 04:05:03,486 [INFO] [MainThread] Nothing to retry. All tracked meetings are finalized.
2026-04-27 04:16:03,281 [INFO] [MainThread] Found credentials from IAM Role: transcript-ec2-role
2026-04-27 04:16:03,389 [INFO] [MainThread] === retry_unfinalized starting ===
2026-04-27 04:16:03,390 [INFO] [MainThread] Scanning temp/live-doc-history/ for unfinalized meetings...
2026-04-27 04:16:03,497 [INFO] [MainThread] Found 94 tracked, 94 finalized, 0 need retry
2026-04-27 04:16:03,497 [INFO] [MainThread] Nothing to retry. All tracked meetings are finalized.
2026-04-27 04:27:03,263 [INFO] [MainThread] Found credentials from IAM Role: transcript-ec2-role
2026-04-27 04:27:03,373 [INFO] [MainThread] === retry_unfinalized starting ===
2026-04-27 04:27:03,373 [INFO] [MainThread] Scanning temp/live-doc-history/ for unfinalized meetings...
2026-04-27 04:27:03,513 [INFO] [MainThread] Found 94 tracked, 94 finalized, 0 need retry
2026-04-27 04:27:03,514 [INFO] [MainThread] Nothing to retry. All tracked meetings are finalized.
2026-04-27 04:37:23,745 [INFO] [MainThread] Found credentials from IAM Role: transcript-ec2-role
2026-04-27 04:37:23,853 [INFO] [MainThread] === retry_unfinalized starting ===
2026-04-27 04:37:23,853 [INFO] [MainThread] Scanning temp/live-doc-history/ for unfinalized meetings...
2026-04-27 04:37:23,959 [INFO] [MainThread] Found 94 tracked, 94 finalized, 0 need retry
2026-04-27 04:37:23,959 [INFO] [MainThread] Nothing to retry. All tracked meetings are finalized.
2026-04-27 04:48:03,258 [INFO] [MainThread] Found credentials from IAM Role: transcript-ec2-role
2026-04-27 04:48:03,365 [INFO] [MainThread] === retry_unfinalized starting ===
2026-04-27 04:48:03,365 [INFO] [MainThread] Scanning temp/live-doc-history/ for unfinalized meetings...
2026-04-27 04:48:03,468 [INFO] [MainThread] Found 94 tracked, 94 finalized, 0 need retry
2026-04-27 04:48:03,469 [INFO] [MainThread] Nothing to retry. All tracked meetings are finalized.
2026-04-27 04:58:03,275 [INFO] [MainThread] Found credentials from IAM Role: transcript-ec2-role
2026-04-27 04:58:03,381 [INFO] [MainThread] === retry_unfinalized starting ===
2026-04-27 04:58:03,381 [INFO] [MainThread] Scanning temp/live-doc-history/ for unfinalized meetings...
2026-04-27 04:58:03,492 [INFO] [MainThread] Found 94 tracked, 94 finalized, 0 need retry
2026-04-27 04:58:03,493 [INFO] [MainThread] Nothing to retry. All tracked meetings are finalized.
2026-04-27 05:09:03,280 [INFO] [MainThread] Found credentials from IAM Role: transcript-ec2-role
2026-04-27 05:09:03,387 [INFO] [MainThread] === retry_unfinalized starting ===
2026-04-27 05:09:03,387 [INFO] [MainThread] Scanning temp/live-doc-history/ for unfinalized meetings...
2026-04-27 05:09:03,511 [INFO] [MainThread] Found 94 tracked, 94 finalized, 0 need retry
2026-04-27 05:09:03,511 [INFO] [MainThread] Nothing to retry. All tracked meetings are finalized.
2026-04-27 05:20:02,083 [INFO] [MainThread] Found credentials from IAM Role: transcript-ec2-role
2026-04-27 05:20:02,195 [INFO] [MainThread] === retry_unfinalized starting ===
2026-04-27 05:20:02,196 [INFO] [MainThread] Scanning temp/live-doc-history/ for unfinalized meetings...
2026-04-27 05:20:02,303 [INFO] [MainThread] Found 94 tracked, 94 finalized, 0 need retry
2026-04-27 05:20:02,303 [INFO] [MainThread] Nothing to retry. All tracked meetings are finalized.
2026-04-27 05:30:03,261 [INFO] [MainThread] Found credentials from IAM Role: transcript-ec2-role
2026-04-27 05:30:03,372 [INFO] [MainThread] === retry_unfinalized starting ===
2026-04-27 05:30:03,372 [INFO] [MainThread] Scanning temp/live-doc-history/ for unfinalized meetings...
2026-04-27 05:30:03,483 [INFO] [MainThread] Found 94 tracked, 94 finalized, 0 need retry
2026-04-27 05:30:03,483 [INFO] [MainThread] Nothing to retry. All tracked meetings are finalized.
2026-04-27 05:40:12,508 [INFO] [MainThread] Found credentials from IAM Role: transcript-ec2-role
2026-04-27 05:40:12,615 [INFO] [MainThread] === retry_unfinalized starting ===
2026-04-27 05:40:12,615 [INFO] [MainThread] Scanning temp/live-doc-history/ for unfinalized meetings...
2026-04-27 05:40:12,726 [INFO] [MainThread] Found 94 tracked, 94 finalized, 0 need retry
2026-04-27 05:40:12,726 [INFO] [MainThread] Nothing to retry. All tracked meetings are finalized.
2026-04-27 05:51:03,262 [INFO] [MainThread] Found credentials from IAM Role: transcript-ec2-role
2026-04-27 05:51:03,373 [INFO] [MainThread] === retry_unfinalized starting ===
2026-04-27 05:51:03,373 [INFO] [MainThread] Scanning temp/live-doc-history/ for unfinalized meetings...
2026-04-27 05:51:03,482 [INFO] [MainThread] Found 94 tracked, 94 finalized, 0 need retry
2026-04-27 05:51:03,482 [INFO] [MainThread] Nothing to retry. All tracked meetings are finalized.
2026-04-27 06:02:03,246 [INFO] [MainThread] Found credentials from IAM Role: transcript-ec2-role
2026-04-27 06:02:03,356 [INFO] [MainThread] === retry_unfinalized starting ===
2026-04-27 06:02:03,356 [INFO] [MainThread] Scanning temp/live-doc-history/ for unfinalized meetings...
2026-04-27 06:02:03,480 [INFO] [MainThread] Found 94 tracked, 94 finalized, 0 need retry
2026-04-27 06:02:03,480 [INFO] [MainThread] Nothing to retry. All tracked meetings are finalized.
2026-04-27 06:12:03,259 [INFO] [MainThread] Found credentials from IAM Role: transcript-ec2-role
2026-04-27 06:12:03,369 [INFO] [MainThread] === retry_unfinalized starting ===
2026-04-27 06:12:03,369 [INFO] [MainThread] Scanning temp/live-doc-history/ for unfinalized meetings...
2026-04-27 06:12:03,487 [INFO] [MainThread] Found 94 tracked, 94 finalized, 0 need retry
2026-04-27 06:12:03,487 [INFO] [MainThread] Nothing to retry. All tracked meetings are finalized.
2026-04-27 06:22:03,527 [INFO] [MainThread] Found credentials from IAM Role: transcript-ec2-role
2026-04-27 06:22:03,633 [INFO] [MainThread] === retry_unfinalized starting ===
2026-04-27 06:22:03,633 [INFO] [MainThread] Scanning temp/live-doc-history/ for unfinalized meetings...
2026-04-27 06:22:03,755 [INFO] [MainThread] Found 94 tracked, 94 finalized, 0 need retry
2026-04-27 06:22:03,755 [INFO] [MainThread] Nothing to retry. All tracked meetings are finalized.
2026-04-27 06:33:03,248 [INFO] [MainThread] Found credentials from IAM Role: transcript-ec2-role
2026-04-27 06:33:03,356 [INFO] [MainThread] === retry_unfinalized starting ===
2026-04-27 06:33:03,356 [INFO] [MainThread] Scanning temp/live-doc-history/ for unfinalized meetings...
2026-04-27 06:33:03,460 [INFO] [MainThread] Found 94 tracked, 94 finalized, 0 need retry
2026-04-27 06:33:03,461 [INFO] [MainThread] Nothing to retry. All tracked meetings are finalized.
2026-04-27 06:44:03,254 [INFO] [MainThread] Found credentials from IAM Role: transcript-ec2-role
2026-04-27 06:44:03,360 [INFO] [MainThread] === retry_unfinalized starting ===
2026-04-27 06:44:03,360 [INFO] [MainThread] Scanning temp/live-doc-history/ for unfinalized meetings...
2026-04-27 06:44:03,469 [INFO] [MainThread] Found 94 tracked, 94 finalized, 0 need retry
2026-04-27 06:44:03,469 [INFO] [MainThread] Nothing to retry. All tracked meetings are finalized.
2026-04-27 06:54:03,279 [INFO] [MainThread] Found credentials from IAM Role: transcript-ec2-role
2026-04-27 06:54:03,387 [INFO] [MainThread] === retry_unfinalized starting ===
2026-04-27 06:54:03,387 [INFO] [MainThread] Scanning temp/live-doc-history/ for unfinalized meetings...
2026-04-27 06:54:03,501 [INFO] [MainThread] Found 94 tracked, 94 finalized, 0 need retry
2026-04-27 06:54:03,501 [INFO] [MainThread] Nothing to retry. All tracked meetings are finalized.
2026-04-27 07:04:03,503 [INFO] [MainThread] Found credentials from IAM Role: transcript-ec2-role
2026-04-27 07:04:03,609 [INFO] [MainThread] === retry_unfinalized starting ===
2026-04-27 07:04:03,609 [INFO] [MainThread] Scanning temp/live-doc-history/ for unfinalized meetings...
2026-04-27 07:04:03,719 [INFO] [MainThread] Found 94 tracked, 94 finalized, 0 need retry
2026-04-27 07:04:03,719 [INFO] [MainThread] Nothing to retry. All tracked meetings are finalized.
2026-04-27 07:15:03,277 [INFO] [MainThread] Found credentials from IAM Role: transcript-ec2-role
2026-04-27 07:15:03,384 [INFO] [MainThread] === retry_unfinalized starting ===
2026-04-27 07:15:03,384 [INFO] [MainThread] Scanning temp/live-doc-history/ for unfinalized meetings...
2026-04-27 07:15:03,498 [INFO] [MainThread] Found 94 tracked, 94 finalized, 0 need retry
2026-04-27 07:15:03,498 [INFO] [MainThread] Nothing to retry. All tracked meetings are finalized.
2026-04-27 07:26:03,285 [INFO] [MainThread] Found credentials from IAM Role: transcript-ec2-role
2026-04-27 07:26:03,398 [INFO] [MainThread] === retry_unfinalized starting ===
2026-04-27 07:26:03,398 [INFO] [MainThread] Scanning temp/live-doc-history/ for unfinalized meetings...
2026-04-27 07:26:03,527 [INFO] [MainThread] Found 94 tracked, 94 finalized, 0 need retry
2026-04-27 07:26:03,527 [INFO] [MainThread] Nothing to retry. All tracked meetings are finalized.
2026-04-27 07:36:03,283 [INFO] [MainThread] Found credentials from IAM Role: transcript-ec2-role
2026-04-27 07:36:03,392 [INFO] [MainThread] === retry_unfinalized starting ===
2026-04-27 07:36:03,393 [INFO] [MainThread] Scanning temp/live-doc-history/ for unfinalized meetings...
2026-04-27 07:36:03,513 [INFO] [MainThread] Found 94 tracked, 94 finalized, 0 need retry
2026-04-27 07:36:03,513 [INFO] [MainThread] Nothing to retry. All tracked meetings are finalized.
2026-04-27 07:46:03,528 [INFO] [MainThread] Found credentials from IAM Role: transcript-ec2-role
2026-04-27 07:46:03,635 [INFO] [MainThread] === retry_unfinalized starting ===
2026-04-27 07:46:03,635 [INFO] [MainThread] Scanning temp/live-doc-history/ for unfinalized meetings...
2026-04-27 07:46:03,743 [INFO] [MainThread] Found 94 tracked, 94 finalized, 0 need retry
2026-04-27 07:46:03,743 [INFO] [MainThread] Nothing to retry. All tracked meetings are finalized.
2026-04-27 07:57:03,261 [INFO] [MainThread] Found credentials from IAM Role: transcript-ec2-role
2026-04-27 07:57:03,373 [INFO] [MainThread] === retry_unfinalized starting ===
2026-04-27 07:57:03,373 [INFO] [MainThread] Scanning temp/live-doc-history/ for unfinalized meetings...
2026-04-27 07:57:03,486 [INFO] [MainThread] Found 94 tracked, 94 finalized, 0 need retry
2026-04-27 07:57:03,486 [INFO] [MainThread] Nothing to retry. All tracked meetings are finalized.
2026-04-27 08:08:03,260 [INFO] [MainThread] Found credentials from IAM Role: transcript-ec2-role
2026-04-27 08:08:03,371 [INFO] [MainThread] === retry_unfinalized starting ===
2026-04-27 08:08:03,371 [INFO] [MainThread] Scanning temp/live-doc-history/ for unfinalized meetings...
2026-04-27 08:08:03,484 [INFO] [MainThread] Found 94 tracked, 94 finalized, 0 need retry
2026-04-27 08:08:03,484 [INFO] [MainThread] Nothing to retry. All tracked meetings are finalized.
2026-04-27 08:18:03,490 [INFO] [MainThread] Found credentials from IAM Role: transcript-ec2-role
2026-04-27 08:18:03,600 [INFO] [MainThread] === retry_unfinalized starting ===
2026-04-27 08:18:03,601 [INFO] [MainThread] Scanning temp/live-doc-history/ for unfinalized meetings...
2026-04-27 08:18:03,713 [INFO] [MainThread] Found 94 tracked, 94 finalized, 0 need retry
2026-04-27 08:18:03,714 [INFO] [MainThread] Nothing to retry. All tracked meetings are finalized.
2026-04-27 08:29:03,278 [INFO] [MainThread] Found credentials from IAM Role: transcript-ec2-role
2026-04-27 08:29:03,388 [INFO] [MainThread] === retry_unfinalized starting ===
2026-04-27 08:29:03,388 [INFO] [MainThread] Scanning temp/live-doc-history/ for unfinalized meetings...
2026-04-27 08:29:03,499 [INFO] [MainThread] Found 94 tracked, 94 finalized, 0 need retry
2026-04-27 08:29:03,499 [INFO] [MainThread] Nothing to retry. All tracked meetings are finalized.
2026-04-27 08:40:01,402 [INFO] [MainThread] Found credentials from IAM Role: transcript-ec2-role
2026-04-27 08:40:01,556 [INFO] [MainThread] === retry_unfinalized starting ===
2026-04-27 08:40:01,557 [INFO] [MainThread] Scanning temp/live-doc-history/ for unfinalized meetings...
2026-04-27 08:40:01,674 [INFO] [MainThread] Found 94 tracked, 94 finalized, 0 need retry
2026-04-27 08:40:01,674 [INFO] [MainThread] Nothing to retry. All tracked meetings are finalized.
2026-04-27 08:50:01,973 [INFO] [MainThread] Found credentials from IAM Role: transcript-ec2-role
2026-04-27 08:50:02,132 [INFO] [MainThread] === retry_unfinalized starting ===
2026-04-27 08:50:02,133 [INFO] [MainThread] Scanning temp/live-doc-history/ for unfinalized meetings...
2026-04-27 08:50:02,290 [INFO] [MainThread] Found 94 tracked, 94 finalized, 0 need retry
2026-04-27 08:50:02,290 [INFO] [MainThread] Nothing to retry. All tracked meetings are finalized.
2026-04-27 09:00:02,105 [INFO] [MainThread] Found credentials from IAM Role: transcript-ec2-role
2026-04-27 09:00:02,235 [INFO] [MainThread] === retry_unfinalized starting ===
2026-04-27 09:00:02,235 [INFO] [MainThread] Scanning temp/live-doc-history/ for unfinalized meetings...
2026-04-27 09:00:02,372 [INFO] [MainThread] Found 94 tracked, 94 finalized, 0 need retry
2026-04-27 09:00:02,372 [INFO] [MainThread] Nothing to retry. All tracked meetings are finalized.
2026-04-27 09:10:02,111 [INFO] [MainThread] Found credentials from IAM Role: transcript-ec2-role
2026-04-27 09:10:02,243 [INFO] [MainThread] === retry_unfinalized starting ===
2026-04-27 09:10:02,243 [INFO] [MainThread] Scanning temp/live-doc-history/ for unfinalized meetings...
2026-04-27 09:10:02,370 [INFO] [MainThread] Found 94 tracked, 94 finalized, 0 need retry
2026-04-27 09:10:02,370 [INFO] [MainThread] Nothing to retry. All tracked meetings are finalized.
2026-04-27 09:20:03,264 [INFO] [MainThread] Found credentials from IAM Role: transcript-ec2-role
2026-04-27 09:20:03,375 [INFO] [MainThread] === retry_unfinalized starting ===
2026-04-27 09:20:03,375 [INFO] [MainThread] Scanning temp/live-doc-history/ for unfinalized meetings...
2026-04-27 09:20:03,482 [INFO] [MainThread] Found 94 tracked, 94 finalized, 0 need retry
2026-04-27 09:20:03,482 [INFO] [MainThread] Nothing to retry. All tracked meetings are finalized.
2026-04-27 09:30:12,529 [INFO] [MainThread] Found credentials from IAM Role: transcript-ec2-role
2026-04-27 09:30:12,642 [INFO] [MainThread] === retry_unfinalized starting ===
2026-04-27 09:30:12,642 [INFO] [MainThread] Scanning temp/live-doc-history/ for unfinalized meetings...
2026-04-27 09:30:12,753 [INFO] [MainThread] Found 94 tracked, 94 finalized, 0 need retry
2026-04-27 09:30:12,753 [INFO] [MainThread] Nothing to retry. All tracked meetings are finalized.
2026-04-27 09:41:03,262 [INFO] [MainThread] Found credentials from IAM Role: transcript-ec2-role
2026-04-27 09:41:03,372 [INFO] [MainThread] === retry_unfinalized starting ===
2026-04-27 09:41:03,372 [INFO] [MainThread] Scanning temp/live-doc-history/ for unfinalized meetings...
2026-04-27 09:41:03,486 [INFO] [MainThread] Found 94 tracked, 94 finalized, 0 need retry
2026-04-27 09:41:03,486 [INFO] [MainThread] Nothing to retry. All tracked meetings are finalized.
2026-04-27 09:52:03,260 [INFO] [MainThread] Found credentials from IAM Role: transcript-ec2-role
2026-04-27 09:52:03,371 [INFO] [MainThread] === retry_unfinalized starting ===
2026-04-27 09:52:03,371 [INFO] [MainThread] Scanning temp/live-doc-history/ for unfinalized meetings...
2026-04-27 09:52:03,471 [INFO] [MainThread] Found 94 tracked, 94 finalized, 0 need retry
2026-04-27 09:52:03,471 [INFO] [MainThread] Nothing to retry. All tracked meetings are finalized.
2026-04-27 10:03:03,266 [INFO] [MainThread] Found credentials from IAM Role: transcript-ec2-role
2026-04-27 10:03:03,378 [INFO] [MainThread] === retry_unfinalized starting ===
2026-04-27 10:03:03,378 [INFO] [MainThread] Scanning temp/live-doc-history/ for unfinalized meetings...
2026-04-27 10:03:03,488 [INFO] [MainThread] Found 94 tracked, 94 finalized, 0 need retry
2026-04-27 10:03:03,488 [INFO] [MainThread] Nothing to retry. All tracked meetings are finalized.
2026-04-27 10:13:03,446 [INFO] [MainThread] Found credentials from IAM Role: transcript-ec2-role
2026-04-27 10:13:03,556 [INFO] [MainThread] === retry_unfinalized starting ===
2026-04-27 10:13:03,557 [INFO] [MainThread] Scanning temp/live-doc-history/ for unfinalized meetings...
2026-04-27 10:13:03,672 [INFO] [MainThread] Found 94 tracked, 94 finalized, 0 need retry
2026-04-27 10:13:03,672 [INFO] [MainThread] Nothing to retry. All tracked meetings are finalized.
2026-04-27 10:23:04,132 [INFO] [MainThread] Found credentials from IAM Role: transcript-ec2-role
2026-04-27 10:23:04,246 [INFO] [MainThread] === retry_unfinalized starting ===
2026-04-27 10:23:04,246 [INFO] [MainThread] Scanning temp/live-doc-history/ for unfinalized meetings...
2026-04-27 10:23:04,357 [INFO] [MainThread] Found 94 tracked, 94 finalized, 0 need retry
2026-04-27 10:23:04,357 [INFO] [MainThread] Nothing to retry. All tracked meetings are finalized.
2026-04-27 10:33:05,557 [INFO] [MainThread] Found credentials from IAM Role: transcript-ec2-role
2026-04-27 10:33:05,669 [INFO] [MainThread] === retry_unfinalized starting ===
2026-04-27 10:33:05,669 [INFO] [MainThread] Scanning temp/live-doc-history/ for unfinalized meetings...
2026-04-27 10:33:05,787 [INFO] [MainThread] Found 94 tracked, 94 finalized, 0 need retry
2026-04-27 10:33:05,787 [INFO] [MainThread] Nothing to retry. All tracked meetings are finalized.
2026-04-27 10:44:03,277 [INFO] [MainThread] Found credentials from IAM Role: transcript-ec2-role
2026-04-27 10:44:03,389 [INFO] [MainThread] === retry_unfinalized starting ===
2026-04-27 10:44:03,389 [INFO] [MainThread] Scanning temp/live-doc-history/ for unfinalized meetings...
2026-04-27 10:44:03,505 [INFO] [MainThread] Found 94 tracked, 94 finalized, 0 need retry
2026-04-27 10:44:03,505 [INFO] [MainThread] Nothing to retry. All tracked meetings are finalized.
2026-04-27 10:54:03,516 [INFO] [MainThread] Found credentials from IAM Role: transcript-ec2-role
2026-04-27 10:54:03,629 [INFO] [MainThread] === retry_unfinalized starting ===
2026-04-27 10:54:03,629 [INFO] [MainThread] Scanning temp/live-doc-history/ for unfinalized meetings...
2026-04-27 10:54:03,740 [INFO] [MainThread] Found 94 tracked, 94 finalized, 0 need retry
2026-04-27 10:54:03,740 [INFO] [MainThread] Nothing to retry. All tracked meetings are finalized.
2026-04-27 11:05:03,310 [INFO] [MainThread] Found credentials from IAM Role: transcript-ec2-role
2026-04-27 11:05:03,443 [INFO] [MainThread] === retry_unfinalized starting ===
2026-04-27 11:05:03,443 [INFO] [MainThread] Scanning temp/live-doc-history/ for unfinalized meetings...
2026-04-27 11:05:03,597 [INFO] [MainThread] Found 94 tracked, 94 finalized, 0 need retry
2026-04-27 11:05:03,597 [INFO] [MainThread] Nothing to retry. All tracked meetings are finalized.
2026-04-27 11:16:03,276 [INFO] [MainThread] Found credentials from IAM Role: transcript-ec2-role
2026-04-27 11:16:03,393 [INFO] [MainThread] === retry_unfinalized starting ===
2026-04-27 11:16:03,393 [INFO] [MainThread] Scanning temp/live-doc-history/ for unfinalized meetings...
2026-04-27 11:16:03,511 [INFO] [MainThread] Found 94 tracked, 94 finalized, 0 need retry
2026-04-27 11:16:03,511 [INFO] [MainThread] Nothing to retry. All tracked meetings are finalized.
2026-04-27 11:26:03,546 [INFO] [MainThread] Found credentials from IAM Role: transcript-ec2-role
2026-04-27 11:26:03,659 [INFO] [MainThread] === retry_unfinalized starting ===
2026-04-27 11:26:03,659 [INFO] [MainThread] Scanning temp/live-doc-history/ for unfinalized meetings...
2026-04-27 11:26:03,775 [INFO] [MainThread] Found 94 tracked, 94 finalized, 0 need retry
2026-04-27 11:26:03,775 [INFO] [MainThread] Nothing to retry. All tracked meetings are finalized.
2026-04-27 11:37:03,258 [INFO] [MainThread] Found credentials from IAM Role: transcript-ec2-role
2026-04-27 11:37:03,366 [INFO] [MainThread] === retry_unfinalized starting ===
2026-04-27 11:37:03,366 [INFO] [MainThread] Scanning temp/live-doc-history/ for unfinalized meetings...
2026-04-27 11:37:03,476 [INFO] [MainThread] Found 94 tracked, 94 finalized, 0 need retry
2026-04-27 11:37:03,476 [INFO] [MainThread] Nothing to retry. All tracked meetings are finalized.
2026-04-27 11:48:03,265 [INFO] [MainThread] Found credentials from IAM Role: transcript-ec2-role
2026-04-27 11:48:03,371 [INFO] [MainThread] === retry_unfinalized starting ===
2026-04-27 11:48:03,371 [INFO] [MainThread] Scanning temp/live-doc-history/ for unfinalized meetings...
2026-04-27 11:48:03,509 [INFO] [MainThread] Found 94 tracked, 94 finalized, 0 need retry
2026-04-27 11:48:03,509 [INFO] [MainThread] Nothing to retry. All tracked meetings are finalized.
2026-04-27 11:58:03,273 [INFO] [MainThread] Found credentials from IAM Role: transcript-ec2-role
2026-04-27 11:58:03,383 [INFO] [MainThread] === retry_unfinalized starting ===
2026-04-27 11:58:03,383 [INFO] [MainThread] Scanning temp/live-doc-history/ for unfinalized meetings...
2026-04-27 11:58:03,506 [INFO] [MainThread] Found 94 tracked, 94 finalized, 0 need retry
2026-04-27 11:58:03,506 [INFO] [MainThread] Nothing to retry. All tracked meetings are finalized.
2026-04-27 12:08:03,286 [INFO] [MainThread] Found credentials from IAM Role: transcript-ec2-role
2026-04-27 12:08:03,395 [INFO] [MainThread] === retry_unfinalized starting ===
2026-04-27 12:08:03,395 [INFO] [MainThread] Scanning temp/live-doc-history/ for unfinalized meetings...
2026-04-27 12:08:03,514 [INFO] [MainThread] Found 94 tracked, 94 finalized, 0 need retry
2026-04-27 12:08:03,514 [INFO] [MainThread] Nothing to retry. All tracked meetings are finalized.
2026-04-27 12:18:03,525 [INFO] [MainThread] Found credentials from IAM Role: transcript-ec2-role
2026-04-27 12:18:03,637 [INFO] [MainThread] === retry_unfinalized starting ===
2026-04-27 12:18:03,637 [INFO] [MainThread] Scanning temp/live-doc-history/ for unfinalized meetings...
2026-04-27 12:18:03,769 [INFO] [MainThread] Found 94 tracked, 94 finalized, 0 need retry
2026-04-27 12:18:03,769 [INFO] [MainThread] Nothing to retry. All tracked meetings are finalized.
2026-04-27 12:29:03,279 [INFO] [MainThread] Found credentials from IAM Role: transcript-ec2-role
2026-04-27 12:29:03,390 [INFO] [MainThread] === retry_unfinalized starting ===
2026-04-27 12:29:03,390 [INFO] [MainThread] Scanning temp/live-doc-history/ for unfinalized meetings...
2026-04-27 12:29:03,515 [INFO] [MainThread] Found 94 tracked, 94 finalized, 0 need retry
2026-04-27 12:29:03,516 [INFO] [MainThread] Nothing to retry. All tracked meetings are finalized.
2026-04-27 12:39:03,488 [INFO] [MainThread] Found credentials from IAM Role: transcript-ec2-role
2026-04-27 12:39:03,607 [INFO] [MainThread] === retry_unfinalized starting ===
2026-04-27 12:39:03,607 [INFO] [MainThread] Scanning temp/live-doc-history/ for unfinalized meetings...
2026-04-27 12:39:03,714 [INFO] [MainThread] Found 94 tracked, 94 finalized, 0 need retry
2026-04-27 12:39:03,714 [INFO] [MainThread] Nothing to retry. All tracked meetings are finalized.
2026-04-27 12:50:01,594 [INFO] [MainThread] Found credentials from IAM Role: transcript-ec2-role
2026-04-27 12:50:01,716 [INFO] [MainThread] === retry_unfinalized starting ===
2026-04-27 12:50:01,716 [INFO] [MainThread] Scanning temp/live-doc-history/ for unfinalized meetings...
2026-04-27 12:50:01,840 [INFO] [MainThread] Found 94 tracked, 94 finalized, 0 need retry
2026-04-27 12:50:01,840 [INFO] [MainThread] Nothing to retry. All tracked meetings are finalized.
2026-04-27 13:00:02,089 [INFO] [MainThread] Found credentials from IAM Role: transcript-ec2-role
2026-04-27 13:00:02,205 [INFO] [MainThread] === retry_unfinalized starting ===
2026-04-27 13:00:02,205 [INFO] [MainThread] Scanning temp/live-doc-history/ for unfinalized meetings...
2026-04-27 13:00:02,337 [INFO] [MainThread] Found 94 tracked, 94 finalized, 0 need retry
2026-04-27 13:00:02,338 [INFO] [MainThread] Nothing to retry. All tracked meetings are finalized.
2026-04-27 13:10:03,255 [INFO] [MainThread] Found credentials from IAM Role: transcript-ec2-role
2026-04-27 13:10:03,365 [INFO] [MainThread] === retry_unfinalized starting ===
2026-04-27 13:10:03,365 [INFO] [MainThread] Scanning temp/live-doc-history/ for unfinalized meetings...
2026-04-27 13:10:03,480 [INFO] [MainThread] Found 94 tracked, 94 finalized, 0 need retry
2026-04-27 13:10:03,480 [INFO] [MainThread] Nothing to retry. All tracked meetings are finalized.
2026-04-27 13:20:12,782 [INFO] [MainThread] Found credentials from IAM Role: transcript-ec2-role
2026-04-27 13:20:12,894 [INFO] [MainThread] === retry_unfinalized starting ===
2026-04-27 13:20:12,894 [INFO] [MainThread] Scanning temp/live-doc-history/ for unfinalized meetings...
2026-04-27 13:20:13,025 [INFO] [MainThread] Found 94 tracked, 94 finalized, 0 need retry
2026-04-27 13:20:13,025 [INFO] [MainThread] Nothing to retry. All tracked meetings are finalized.
2026-04-27 13:31:03,276 [INFO] [MainThread] Found credentials from IAM Role: transcript-ec2-role
2026-04-27 13:31:03,387 [INFO] [MainThread] === retry_unfinalized starting ===
2026-04-27 13:31:03,387 [INFO] [MainThread] Scanning temp/live-doc-history/ for unfinalized meetings...
2026-04-27 13:31:03,500 [INFO] [MainThread] Found 95 tracked, 94 finalized, 1 need retry
2026-04-27 13:31:03,500 [INFO] [MainThread] Retrying 1 meetings with 20 parallel workers...
2026-04-27 13:31:13,624 [INFO] [MainThread] SKIP  94157847350 — recording not in S3 yet
2026-04-27 13:31:13,625 [INFO] [MainThread] 
=== retry_unfinalized complete ===
  Finalized:     0
  No doc.txt:    0
  Still skipped: 1 (recording not in S3 yet)
  Errors:        0

2026-04-27 13:42:03,289 [INFO] [MainThread] Found credentials from IAM Role: transcript-ec2-role
2026-04-27 13:42:03,401 [INFO] [MainThread] === retry_unfinalized starting ===
2026-04-27 13:42:03,401 [INFO] [MainThread] Scanning temp/live-doc-history/ for unfinalized meetings...
2026-04-27 13:42:03,533 [INFO] [MainThread] Found 95 tracked, 94 finalized, 1 need retry
2026-04-27 13:42:03,533 [INFO] [MainThread] Retrying 1 meetings with 20 parallel workers...
2026-04-27 13:42:14,669 [INFO] [MainThread] SKIP  94157847350 — recording not in S3 yet
2026-04-27 13:42:14,670 [INFO] [MainThread] 
=== retry_unfinalized complete ===
  Finalized:     0
  No doc.txt:    0
  Still skipped: 1 (recording not in S3 yet)
  Errors:        0

2026-04-27 13:53:03,262 [INFO] [MainThread] Found credentials from IAM Role: transcript-ec2-role
2026-04-27 13:53:03,371 [INFO] [MainThread] === retry_unfinalized starting ===
2026-04-27 13:53:03,371 [INFO] [MainThread] Scanning temp/live-doc-history/ for unfinalized meetings...
2026-04-27 13:53:03,514 [INFO] [MainThread] Found 98 tracked, 95 finalized, 3 need retry
2026-04-27 13:53:03,514 [INFO] [MainThread] Retrying 3 meetings with 20 parallel workers...
2026-04-27 13:53:22,679 [INFO] [MainThread] SKIP  93750899889 — recording not in S3 yet
2026-04-27 13:53:22,718 [INFO] [MainThread] SKIP  94157847350 — recording not in S3 yet
2026-04-27 13:53:22,865 [INFO] [MainThread] SKIP  93984032754 — recording not in S3 yet
2026-04-27 13:53:22,865 [INFO] [MainThread] 
=== retry_unfinalized complete ===
  Finalized:     0
  No doc.txt:    0
  Still skipped: 3 (recording not in S3 yet)
  Errors:        0

2026-04-27 14:04:03,264 [INFO] [MainThread] Found credentials from IAM Role: transcript-ec2-role
2026-04-27 14:04:03,375 [INFO] [MainThread] === retry_unfinalized starting ===
2026-04-27 14:04:03,375 [INFO] [MainThread] Scanning temp/live-doc-history/ for unfinalized meetings...
2026-04-27 14:04:03,488 [INFO] [MainThread] Found 99 tracked, 96 finalized, 3 need retry
2026-04-27 14:04:03,489 [INFO] [MainThread] Retrying 3 meetings with 20 parallel workers...
2026-04-27 14:04:22,405 [INFO] [MainThread] SKIP  93750899889 — recording not in S3 yet
2026-04-27 14:04:22,484 [INFO] [MainThread] SKIP  93984032754 — recording not in S3 yet
2026-04-27 14:04:22,557 [INFO] [MainThread] SKIP  97615657244 — recording not in S3 yet
2026-04-27 14:04:22,557 [INFO] [MainThread] 
=== retry_unfinalized complete ===
  Finalized:     0
  No doc.txt:    0
  Still skipped: 3 (recording not in S3 yet)
  Errors:        0

2026-04-27 14:14:03,493 [INFO] [MainThread] Found credentials from IAM Role: transcript-ec2-role
2026-04-27 14:14:03,602 [INFO] [MainThread] === retry_unfinalized starting ===
2026-04-27 14:14:03,602 [INFO] [MainThread] Scanning temp/live-doc-history/ for unfinalized meetings...
2026-04-27 14:14:03,722 [INFO] [MainThread] Found 100 tracked, 96 finalized, 4 need retry
2026-04-27 14:14:03,722 [INFO] [MainThread] Retrying 4 meetings with 20 parallel workers...
2026-04-27 14:14:29,333 [INFO] [MainThread] SKIP  92253507020 — recording not in S3 yet
2026-04-27 14:14:29,903 [INFO] [MainThread] SKIP  93984032754 — recording not in S3 yet
2026-04-27 14:14:30,095 [INFO] [MainThread] SKIP  93750899889 — recording not in S3 yet
2026-04-27 14:14:30,103 [INFO] [MainThread] SKIP  97615657244 — recording not in S3 yet
2026-04-27 14:14:30,104 [INFO] [MainThread] 
=== retry_unfinalized complete ===
  Finalized:     0
  No doc.txt:    0
  Still skipped: 4 (recording not in S3 yet)
  Errors:        0

2026-04-27 14:24:57,759 [INFO] [MainThread] Found credentials from IAM Role: transcript-ec2-role
2026-04-27 14:24:57,870 [INFO] [MainThread] === retry_unfinalized starting ===
2026-04-27 14:24:57,870 [INFO] [MainThread] Scanning temp/live-doc-history/ for unfinalized meetings...
2026-04-27 14:24:57,983 [INFO] [MainThread] Found 101 tracked, 97 finalized, 4 need retry
2026-04-27 14:24:57,983 [INFO] [MainThread] Retrying 4 meetings with 20 parallel workers...
2026-04-27 14:25:23,992 [INFO] [MainThread] SKIP  92253507020 — recording not in S3 yet
2026-04-27 14:25:24,783 [INFO] [MainThread] SKIP  94425353637 — recording not in S3 yet
2026-04-27 14:25:24,908 [INFO] [MainThread] SKIP  93984032754 — recording not in S3 yet
2026-04-27 14:25:24,981 [INFO] [MainThread] SKIP  93750899889 — recording not in S3 yet
2026-04-27 14:25:24,981 [INFO] [MainThread] 
=== retry_unfinalized complete ===
  Finalized:     0
  No doc.txt:    0
  Still skipped: 4 (recording not in S3 yet)
  Errors:        0

2026-04-27 14:34:58,445 [INFO] [MainThread] Found credentials from IAM Role: transcript-ec2-role
2026-04-27 14:34:58,554 [INFO] [MainThread] === retry_unfinalized starting ===
2026-04-27 14:34:58,554 [INFO] [MainThread] Scanning temp/live-doc-history/ for unfinalized meetings...
2026-04-27 14:34:58,681 [INFO] [MainThread] Found 101 tracked, 100 finalized, 1 need retry
2026-04-27 14:34:58,681 [INFO] [MainThread] Retrying 1 meetings with 20 parallel workers...
2026-04-27 14:35:10,110 [INFO] [MainThread] SKIP  93750899889 — recording not in S3 yet
2026-04-27 14:35:10,111 [INFO] [MainThread] 
=== retry_unfinalized complete ===
  Finalized:     0
  No doc.txt:    0
  Still skipped: 1 (recording not in S3 yet)
  Errors:        0

2026-04-27 14:45:03,262 [INFO] [MainThread] Found credentials from IAM Role: transcript-ec2-role
2026-04-27 14:45:03,372 [INFO] [MainThread] === retry_unfinalized starting ===
2026-04-27 14:45:03,372 [INFO] [MainThread] Scanning temp/live-doc-history/ for unfinalized meetings...
2026-04-27 14:45:03,490 [INFO] [MainThread] Found 101 tracked, 100 finalized, 1 need retry
2026-04-27 14:45:03,490 [INFO] [MainThread] Retrying 1 meetings with 20 parallel workers...
2026-04-27 14:45:13,125 [INFO] [MainThread] SKIP  93750899889 — recording not in S3 yet
2026-04-27 14:45:13,125 [INFO] [MainThread] 
=== retry_unfinalized complete ===
  Finalized:     0
  No doc.txt:    0
  Still skipped: 1 (recording not in S3 yet)
  Errors:        0

2026-04-27 14:56:03,267 [INFO] [MainThread] Found credentials from IAM Role: transcript-ec2-role
2026-04-27 14:56:03,377 [INFO] [MainThread] === retry_unfinalized starting ===
2026-04-27 14:56:03,377 [INFO] [MainThread] Scanning temp/live-doc-history/ for unfinalized meetings...
2026-04-27 14:56:03,483 [INFO] [MainThread] Found 109 tracked, 100 finalized, 9 need retry
2026-04-27 14:56:03,484 [INFO] [MainThread] Retrying 9 meetings with 20 parallel workers...
2026-04-27 14:57:08,843 [INFO] [MainThread] SKIP  94225489672 — recording not in S3 yet
2026-04-27 14:57:08,945 [INFO] [MainThread] SKIP  97574081204 — recording not in S3 yet
2026-04-27 14:57:09,496 [INFO] [MainThread] SKIP  95624657894 — recording not in S3 yet
2026-04-27 14:57:09,811 [INFO] [MainThread] SKIP  98370763393 — recording not in S3 yet
2026-04-27 14:57:09,835 [INFO] [MainThread] SKIP  92114443203 — recording not in S3 yet
2026-04-27 14:57:10,000 [INFO] [MainThread] SKIP  93750899889 — recording not in S3 yet
2026-04-27 14:57:10,042 [INFO] [MainThread] SKIP  96218087831 — recording not in S3 yet
2026-04-27 14:57:10,129 [INFO] [MainThread] SKIP  96722458459 — recording not in S3 yet
2026-04-27 14:57:10,208 [INFO] [MainThread] SKIP  97387688580 — recording not in S3 yet
2026-04-27 14:57:10,211 [INFO] [MainThread] 
=== retry_unfinalized complete ===
  Finalized:     0
  No doc.txt:    0
  Still skipped: 9 (recording not in S3 yet)
  Errors:        0

2026-04-27 15:06:03,500 [INFO] [MainThread] Found credentials from IAM Role: transcript-ec2-role
2026-04-27 15:06:03,612 [INFO] [MainThread] === retry_unfinalized starting ===
2026-04-27 15:06:03,612 [INFO] [MainThread] Scanning temp/live-doc-history/ for unfinalized meetings...
2026-04-27 15:06:03,758 [INFO] [MainThread] Found 109 tracked, 100 finalized, 9 need retry
2026-04-27 15:06:03,759 [INFO] [MainThread] Retrying 9 meetings with 20 parallel workers...
2026-04-27 15:07:06,281 [INFO] [MainThread] SKIP  96722458459 — recording not in S3 yet
2026-04-27 15:07:06,313 [INFO] [MainThread] SKIP  97387688580 — recording not in S3 yet
2026-04-27 15:07:06,775 [INFO] [MainThread] SKIP  98370763393 — recording not in S3 yet
2026-04-27 15:07:06,821 [INFO] [MainThread] SKIP  93750899889 — recording not in S3 yet
2026-04-27 15:07:07,282 [INFO] [MainThread] SKIP  92114443203 — recording not in S3 yet
2026-04-27 15:07:07,521 [INFO] [MainThread] SKIP  94225489672 — recording not in S3 yet
2026-04-27 15:07:07,537 [INFO] [MainThread] SKIP  97574081204 — recording not in S3 yet
2026-04-27 15:07:07,613 [INFO] [MainThread] SKIP  95624657894 — recording not in S3 yet
2026-04-27 15:07:07,690 [INFO] [MainThread] SKIP  96218087831 — recording not in S3 yet
2026-04-27 15:07:07,691 [INFO] [MainThread] 
=== retry_unfinalized complete ===
  Finalized:     0
  No doc.txt:    0
  Still skipped: 9 (recording not in S3 yet)
  Errors:        0

2026-04-27 15:17:03,272 [INFO] [MainThread] Found credentials from IAM Role: transcript-ec2-role
2026-04-27 15:17:03,384 [INFO] [MainThread] === retry_unfinalized starting ===
2026-04-27 15:17:03,384 [INFO] [MainThread] Scanning temp/live-doc-history/ for unfinalized meetings...
2026-04-27 15:17:03,509 [INFO] [MainThread] Found 109 tracked, 102 finalized, 7 need retry
2026-04-27 15:17:03,510 [INFO] [MainThread] Retrying 7 meetings with 20 parallel workers...
2026-04-27 15:17:51,431 [INFO] [MainThread] SKIP  97387688580 — recording not in S3 yet
2026-04-27 15:17:51,747 [INFO] [MainThread] SKIP  93750899889 — recording not in S3 yet
2026-04-27 15:17:51,984 [INFO] [MainThread] SKIP  96722458459 — recording not in S3 yet
2026-04-27 15:17:52,076 [INFO] [MainThread] SKIP  94225489672 — recording not in S3 yet
2026-04-27 15:17:52,113 [INFO] [MainThread] SKIP  96218087831 — recording not in S3 yet
2026-04-27 15:17:52,268 [INFO] [MainThread] SKIP  98370763393 — recording not in S3 yet
2026-04-27 15:17:52,278 [INFO] [MainThread] SKIP  92114443203 — recording not in S3 yet
2026-04-27 15:17:52,279 [INFO] [MainThread] 
=== retry_unfinalized complete ===
  Finalized:     0
  No doc.txt:    0
  Still skipped: 7 (recording not in S3 yet)
  Errors:        0

2026-04-27 15:28:03,307 [INFO] [MainThread] Found credentials from IAM Role: transcript-ec2-role
2026-04-27 15:28:03,420 [INFO] [MainThread] === retry_unfinalized starting ===
2026-04-27 15:28:03,420 [INFO] [MainThread] Scanning temp/live-doc-history/ for unfinalized meetings...
2026-04-27 15:28:03,543 [INFO] [MainThread] Found 110 tracked, 104 finalized, 6 need retry
2026-04-27 15:28:03,543 [INFO] [MainThread] Retrying 6 meetings with 20 parallel workers...
2026-04-27 15:28:45,740 [INFO] [MainThread] SKIP  94225489672 — recording not in S3 yet
2026-04-27 15:28:45,842 [INFO] [MainThread] SKIP  99580711235 — recording not in S3 yet
2026-04-27 15:28:45,856 [INFO] [MainThread] SKIP  92114443203 — recording not in S3 yet
2026-04-27 15:28:46,042 [INFO] [MainThread] SKIP  98370763393 — recording not in S3 yet
2026-04-27 15:28:46,391 [INFO] [MainThread] SKIP  97387688580 — recording not in S3 yet
2026-04-27 15:28:46,501 [INFO] [MainThread] SKIP  96218087831 — recording not in S3 yet
2026-04-27 15:28:46,502 [INFO] [MainThread] 
=== retry_unfinalized complete ===
  Finalized:     0
  No doc.txt:    0
  Still skipped: 6 (recording not in S3 yet)
  Errors:        0

2026-04-27 15:38:03,483 [INFO] [MainThread] Found credentials from IAM Role: transcript-ec2-role
2026-04-27 15:38:03,589 [INFO] [MainThread] === retry_unfinalized starting ===
2026-04-27 15:38:03,590 [INFO] [MainThread] Scanning temp/live-doc-history/ for unfinalized meetings...
2026-04-27 15:38:03,708 [INFO] [MainThread] Found 110 tracked, 106 finalized, 4 need retry
2026-04-27 15:38:03,708 [INFO] [MainThread] Retrying 4 meetings with 20 parallel workers...
2026-04-27 15:38:28,438 [INFO] [MainThread] SKIP  97387688580 — recording not in S3 yet
2026-04-27 15:38:29,636 [INFO] [MainThread] SKIP  96218087831 — recording not in S3 yet
2026-04-27 15:38:29,842 [INFO] [MainThread] SKIP  99580711235 — recording not in S3 yet
2026-04-27 15:38:30,038 [INFO] [MainThread] SKIP  98370763393 — recording not in S3 yet
2026-04-27 15:38:30,038 [INFO] [MainThread] 
=== retry_unfinalized complete ===
  Finalized:     0
  No doc.txt:    0
  Still skipped: 4 (recording not in S3 yet)
  Errors:        0

2026-04-27 15:49:03,258 [INFO] [MainThread] Found credentials from IAM Role: transcript-ec2-role
2026-04-27 15:49:03,367 [INFO] [MainThread] === retry_unfinalized starting ===
2026-04-27 15:49:03,368 [INFO] [MainThread] Scanning temp/live-doc-history/ for unfinalized meetings...
2026-04-27 15:49:03,485 [INFO] [MainThread] Found 114 tracked, 107 finalized, 7 need retry
2026-04-27 15:49:03,485 [INFO] [MainThread] Retrying 7 meetings with 20 parallel workers...
2026-04-27 15:49:59,116 [INFO] [MainThread] SKIP  98370763393 — recording not in S3 yet
2026-04-27 15:50:00,189 [INFO] [MainThread] SKIP  99580711235 — recording not in S3 yet
2026-04-27 15:50:00,449 [INFO] [MainThread] SKIP  96218087831 — recording not in S3 yet
2026-04-27 15:50:00,576 [INFO] [MainThread] SKIP  95216652055 — recording not in S3 yet
2026-04-27 15:50:00,734 [INFO] [MainThread] SKIP  92687229066 — recording not in S3 yet
2026-04-27 15:50:00,832 [INFO] [MainThread] SKIP  99848781278 — recording not in S3 yet
2026-04-27 15:50:00,853 [INFO] [MainThread] SKIP  97118885777 — recording not in S3 yet
2026-04-27 15:50:00,854 [INFO] [MainThread] 
=== retry_unfinalized complete ===
  Finalized:     0
  No doc.txt:    0
  Still skipped: 7 (recording not in S3 yet)
  Errors:        0

2026-04-27 15:59:03,265 [INFO] [MainThread] Found credentials from IAM Role: transcript-ec2-role
2026-04-27 15:59:03,375 [INFO] [MainThread] === retry_unfinalized starting ===
2026-04-27 15:59:03,375 [INFO] [MainThread] Scanning temp/live-doc-history/ for unfinalized meetings...
2026-04-27 15:59:03,509 [INFO] [MainThread] Found 122 tracked, 109 finalized, 13 need retry
2026-04-27 15:59:03,509 [INFO] [MainThread] Retrying 13 meetings with 20 parallel workers...
2026-04-27 16:00:40,969 [INFO] [MainThread] SKIP  97505022269 — recording not in S3 yet
2026-04-27 16:00:42,214 [INFO] [MainThread] SKIP  91889419786 — recording not in S3 yet
2026-04-27 16:00:43,334 [INFO] [MainThread] SKIP  94053971266 — recording not in S3 yet
2026-04-27 16:00:43,774 [INFO] [MainThread] SKIP  99848781278 — recording not in S3 yet
2026-04-27 16:00:43,959 [INFO] [MainThread] SKIP  96486782531 — recording not in S3 yet
2026-04-27 16:00:44,011 [INFO] [MainThread] SKIP  96218087831 — recording not in S3 yet
2026-04-27 16:00:44,159 [INFO] [MainThread] SKIP  97118885777 — recording not in S3 yet
2026-04-27 16:00:44,165 [INFO] [MainThread] SKIP  92687229066 — recording not in S3 yet
2026-04-27 16:00:44,170 [WARNING] [retry_12] Connection pool is full, discarding connection: zoom-automation-bucket.s3.amazonaws.com. Connection pool size: 10
2026-04-27 16:00:44,253 [WARNING] [retry_10] Connection pool is full, discarding connection: zoom-automation-bucket.s3.amazonaws.com. Connection pool size: 10
2026-04-27 16:00:44,494 [INFO] [MainThread] SKIP  98370763393 — recording not in S3 yet
2026-04-27 16:00:44,510 [INFO] [MainThread] SKIP  95548903662 — recording not in S3 yet
2026-04-27 16:00:44,617 [INFO] [MainThread] SKIP  97463982544 — recording not in S3 yet
2026-04-27 16:00:44,629 [WARNING] [retry_12] Connection pool is full, discarding connection: zoom-automation-bucket.s3.amazonaws.com. Connection pool size: 10
2026-04-27 16:00:44,707 [INFO] [MainThread] SKIP  99985148142 — recording not in S3 yet
2026-04-27 16:00:44,800 [INFO] [MainThread] SKIP  93475736240 — recording not in S3 yet
2026-04-27 16:00:44,802 [INFO] [MainThread] 
=== retry_unfinalized complete ===
  Finalized:     0
  No doc.txt:    0
  Still skipped: 13 (recording not in S3 yet)
  Errors:        0

2026-04-27 16:10:01,665 [INFO] [MainThread] Found credentials from IAM Role: transcript-ec2-role
2026-04-27 16:10:01,821 [INFO] [MainThread] === retry_unfinalized starting ===
2026-04-27 16:10:01,821 [INFO] [MainThread] Scanning temp/live-doc-history/ for unfinalized meetings...
2026-04-27 16:10:01,953 [INFO] [MainThread] Found 122 tracked, 110 finalized, 12 need retry
2026-04-27 16:10:01,953 [INFO] [MainThread] Retrying 12 meetings with 20 parallel workers...
2026-04-27 16:11:30,095 [INFO] [MainThread] SKIP  96486782531 — recording not in S3 yet
2026-04-27 16:11:30,297 [INFO] [MainThread] SKIP  93475736240 — recording not in S3 yet
2026-04-27 16:11:30,708 [INFO] [MainThread] SKIP  95548903662 — recording not in S3 yet
2026-04-27 16:11:30,708 [INFO] [MainThread] SKIP  99985148142 — recording not in S3 yet
2026-04-27 16:11:31,502 [INFO] [MainThread] SKIP  99848781278 — recording not in S3 yet
2026-04-27 16:11:31,798 [INFO] [MainThread] SKIP  97463982544 — recording not in S3 yet
2026-04-27 16:11:32,070 [INFO] [MainThread] SKIP  97118885777 — recording not in S3 yet
2026-04-27 16:11:32,172 [INFO] [MainThread] SKIP  92687229066 — recording not in S3 yet
2026-04-27 16:11:32,270 [INFO] [MainThread] SKIP  94053971266 — recording not in S3 yet
2026-04-27 16:11:32,346 [WARNING] [retry_9] Connection pool is full, discarding connection: zoom-automation-bucket.s3.amazonaws.com. Connection pool size: 10
2026-04-27 16:11:32,394 [INFO] [MainThread] SKIP  96218087831 — recording not in S3 yet
2026-04-27 16:11:32,466 [INFO] [MainThread] SKIP  97505022269 — recording not in S3 yet
2026-04-27 16:11:32,466 [WARNING] [retry_0] Connection pool is full, discarding connection: zoom-automation-bucket.s3.amazonaws.com. Connection pool size: 10
2026-04-27 16:11:32,540 [INFO] [MainThread] SKIP  91889419786 — recording not in S3 yet
2026-04-27 16:11:32,541 [INFO] [MainThread] 
=== retry_unfinalized complete ===
  Finalized:     0
  No doc.txt:    0
  Still skipped: 12 (recording not in S3 yet)
  Errors:        0

2026-04-27 16:20:02,341 [INFO] [MainThread] Found credentials from IAM Role: transcript-ec2-role
2026-04-27 16:20:02,512 [INFO] [MainThread] === retry_unfinalized starting ===
2026-04-27 16:20:02,512 [INFO] [MainThread] Scanning temp/live-doc-history/ for unfinalized meetings...
2026-04-27 16:20:02,662 [INFO] [MainThread] Found 122 tracked, 111 finalized, 11 need retry
2026-04-27 16:20:02,662 [INFO] [MainThread] Retrying 11 meetings with 20 parallel workers...
2026-04-27 16:21:26,775 [INFO] [MainThread] SKIP  92687229066 — recording not in S3 yet
2026-04-27 16:21:28,150 [INFO] [MainThread] SKIP  94053971266 — recording not in S3 yet
2026-04-27 16:21:28,422 [INFO] [MainThread] SKIP  97505022269 — recording not in S3 yet
2026-04-27 16:21:28,809 [INFO] [MainThread] SKIP  91889419786 — recording not in S3 yet
2026-04-27 16:21:28,901 [INFO] [MainThread] SKIP  97118885777 — recording not in S3 yet
2026-04-27 16:21:28,911 [INFO] [MainThread] SKIP  99985148142 — recording not in S3 yet
2026-04-27 16:21:29,211 [INFO] [MainThread] SKIP  99848781278 — recording not in S3 yet
2026-04-27 16:21:29,359 [INFO] [MainThread] SKIP  93475736240 — recording not in S3 yet
2026-04-27 16:21:29,382 [INFO] [MainThread] SKIP  97463982544 — recording not in S3 yet
2026-04-27 16:21:29,425 [WARNING] [retry_4] Connection pool is full, discarding connection: zoom-automation-bucket.s3.amazonaws.com. Connection pool size: 10
2026-04-27 16:21:29,436 [INFO] [MainThread] SKIP  96486782531 — recording not in S3 yet
2026-04-27 16:21:29,593 [INFO] [MainThread] SKIP  95548903662 — recording not in S3 yet
2026-04-27 16:21:29,595 [INFO] [MainThread] 
=== retry_unfinalized complete ===
  Finalized:     0
  No doc.txt:    0
  Still skipped: 11 (recording not in S3 yet)
  Errors:        0

2026-04-27 16:30:02,331 [INFO] [MainThread] Found credentials from IAM Role: transcript-ec2-role
2026-04-27 16:30:02,448 [INFO] [MainThread] === retry_unfinalized starting ===
2026-04-27 16:30:02,448 [INFO] [MainThread] Scanning temp/live-doc-history/ for unfinalized meetings...
2026-04-27 16:30:02,595 [INFO] [MainThread] Found 124 tracked, 112 finalized, 12 need retry
2026-04-27 16:30:02,596 [INFO] [MainThread] Retrying 12 meetings with 20 parallel workers...
2026-04-27 16:31:10,787 [INFO] [retry_4] [96486782531] doc.txt → s3://zoom-automation-bucket/Interview-Success/Vedant_Gediya/2026/Month-4/Gurpreet_Singh_Bisla/96486782531/Enigma/2026-04-27/Round_Initial/Time-9-23-PM-IST/docs/doc.txt
2026-04-27 16:31:11,207 [INFO] [MainThread] OK    96486782531 → Interview-Success/Vedant_Gediya/2026/Month-4/Gurpreet_Singh_Bisla/96486782531/Enigma/2026-04-27/Round_Initial/Time-9-23-PM-IST/docs/doc.txt
2026-04-27 16:31:34,588 [INFO] [MainThread] SKIP  97463982544 — recording not in S3 yet
2026-04-27 16:31:35,390 [INFO] [MainThread] SKIP  94053971266 — recording not in S3 yet
2026-04-27 16:31:35,514 [INFO] [MainThread] SKIP  99985148142 — recording not in S3 yet
2026-04-27 16:31:35,769 [INFO] [MainThread] SKIP  91889419786 — recording not in S3 yet
2026-04-27 16:31:35,786 [INFO] [MainThread] SKIP  93475736240 — recording not in S3 yet
2026-04-27 16:31:35,996 [WARNING] [retry_5] Connection pool is full, discarding connection: zoom-automation-bucket.s3.amazonaws.com. Connection pool size: 10
2026-04-27 16:31:36,095 [INFO] [MainThread] SKIP  99848781278 — recording not in S3 yet
2026-04-27 16:31:36,148 [INFO] [MainThread] SKIP  92687229066 — recording not in S3 yet
2026-04-27 16:31:36,257 [INFO] [MainThread] SKIP  97505022269 — recording not in S3 yet
2026-04-27 16:31:36,521 [INFO] [MainThread] SKIP  97118885777 — recording not in S3 yet
2026-04-27 16:31:36,546 [INFO] [MainThread] SKIP  99318441857 — recording not in S3 yet
2026-04-27 16:31:36,547 [WARNING] [retry_8] Connection pool is full, discarding connection: zoom-automation-bucket.s3.amazonaws.com. Connection pool size: 10
2026-04-27 16:31:36,624 [INFO] [MainThread] SKIP  98820537172 — recording not in S3 yet
2026-04-27 16:31:36,625 [INFO] [MainThread] 
=== retry_unfinalized complete ===
  Finalized:     1
  No doc.txt:    0
  Still skipped: 11 (recording not in S3 yet)
  Errors:        0

2026-04-27 16:40:03,266 [INFO] [MainThread] Found credentials from IAM Role: transcript-ec2-role
2026-04-27 16:40:03,380 [INFO] [MainThread] === retry_unfinalized starting ===
2026-04-27 16:40:03,380 [INFO] [MainThread] Scanning temp/live-doc-history/ for unfinalized meetings...
2026-04-27 16:40:03,500 [INFO] [MainThread] Found 125 tracked, 115 finalized, 10 need retry
2026-04-27 16:40:03,500 [INFO] [MainThread] Retrying 10 meetings with 20 parallel workers...
2026-04-27 16:41:02,203 [INFO] [retry_3] [97463982544] doc.txt → s3://zoom-automation-bucket/Interview-Success/Abhishek_Jain/2026/Month-4/Chaitanya_Nenavath/97463982544/ZS/2026-04-27/Round_Initial/Time-9-21-PM-IST/docs/doc.txt
2026-04-27 16:41:02,717 [INFO] [MainThread] OK    97463982544 → Interview-Success/Abhishek_Jain/2026/Month-4/Chaitanya_Nenavath/97463982544/ZS/2026-04-27/Round_Initial/Time-9-21-PM-IST/docs/doc.txt
2026-04-27 16:41:21,982 [INFO] [MainThread] SKIP  91889419786 — recording not in S3 yet
2026-04-27 16:41:22,396 [INFO] [MainThread] SKIP  99985148142 — recording not in S3 yet
2026-04-27 16:41:22,742 [INFO] [MainThread] SKIP  99848781278 — recording not in S3 yet
2026-04-27 16:41:23,602 [INFO] [MainThread] SKIP  97505022269 — recording not in S3 yet
2026-04-27 16:41:23,671 [INFO] [MainThread] SKIP  99318441857 — recording not in S3 yet
2026-04-27 16:41:23,795 [INFO] [MainThread] SKIP  98820537172 — recording not in S3 yet
2026-04-27 16:41:24,392 [INFO] [MainThread] SKIP  94053971266 — recording not in S3 yet
2026-04-27 16:41:24,523 [INFO] [MainThread] SKIP  92687229066 — recording not in S3 yet
2026-04-27 16:41:24,583 [INFO] [MainThread] SKIP  98421583478 — recording not in S3 yet
2026-04-27 16:41:24,584 [INFO] [MainThread] 
=== retry_unfinalized complete ===
  Finalized:     1
  No doc.txt:    0
  Still skipped: 9 (recording not in S3 yet)
  Errors:        0

2026-04-27 16:50:12,534 [INFO] [MainThread] Found credentials from IAM Role: transcript-ec2-role
2026-04-27 16:50:12,647 [INFO] [MainThread] === retry_unfinalized starting ===
2026-04-27 16:50:12,647 [INFO] [MainThread] Scanning temp/live-doc-history/ for unfinalized meetings...
2026-04-27 16:50:12,782 [INFO] [MainThread] Found 129 tracked, 119 finalized, 10 need retry
2026-04-27 16:50:12,782 [INFO] [MainThread] Retrying 10 meetings with 20 parallel workers...
2026-04-27 16:51:31,554 [INFO] [MainThread] SKIP  91889419786 — recording not in S3 yet
2026-04-27 16:51:32,230 [INFO] [MainThread] SKIP  98820537172 — recording not in S3 yet
2026-04-27 16:51:34,424 [INFO] [MainThread] SKIP  98421583478 — recording not in S3 yet
2026-04-27 16:51:34,489 [INFO] [MainThread] SKIP  99848781278 — recording not in S3 yet
2026-04-27 16:51:34,962 [INFO] [MainThread] SKIP  93831121159 — recording not in S3 yet
2026-04-27 16:51:35,029 [INFO] [MainThread] SKIP  96625600199 — recording not in S3 yet
2026-04-27 16:51:35,093 [INFO] [MainThread] SKIP  96247878021 — recording not in S3 yet
2026-04-27 16:51:35,205 [INFO] [MainThread] SKIP  97505022269 — recording not in S3 yet
2026-04-27 16:51:35,443 [INFO] [MainThread] SKIP  99318441857 — recording not in S3 yet
2026-04-27 16:51:35,606 [INFO] [MainThread] SKIP  93853529156 — recording not in S3 yet
2026-04-27 16:51:35,607 [INFO] [MainThread] 
=== retry_unfinalized complete ===
  Finalized:     0
  No doc.txt:    0
  Still skipped: 10 (recording not in S3 yet)
  Errors:        0

2026-04-27 17:00:12,786 [INFO] [MainThread] Found credentials from IAM Role: transcript-ec2-role
2026-04-27 17:00:12,904 [INFO] [MainThread] === retry_unfinalized starting ===
2026-04-27 17:00:12,904 [INFO] [MainThread] Scanning temp/live-doc-history/ for unfinalized meetings...
2026-04-27 17:00:13,046 [INFO] [MainThread] Found 135 tracked, 121 finalized, 14 need retry
2026-04-27 17:00:13,046 [INFO] [MainThread] Retrying 14 meetings with 20 parallel workers...
2026-04-27 17:02:09,648 [INFO] [MainThread] SKIP  96247878021 — recording not in S3 yet
2026-04-27 17:02:09,680 [INFO] [MainThread] SKIP  94443105379 — recording not in S3 yet
2026-04-27 17:02:09,745 [INFO] [MainThread] SKIP  91889419786 — recording not in S3 yet
2026-04-27 17:02:10,378 [INFO] [MainThread] SKIP  93853529156 — recording not in S3 yet
2026-04-27 17:02:10,662 [INFO] [MainThread] SKIP  93831121159 — recording not in S3 yet
2026-04-27 17:02:10,817 [INFO] [MainThread] SKIP  93086742366 — recording not in S3 yet
2026-04-27 17:02:10,852 [INFO] [MainThread] SKIP  96625600199 — recording not in S3 yet
2026-04-27 17:02:11,144 [WARNING] [retry_13] Connection pool is full, discarding connection: zoom-automation-bucket.s3.amazonaws.com. Connection pool size: 10
2026-04-27 17:02:11,192 [WARNING] [retry_7] Connection pool is full, discarding connection: zoom-automation-bucket.s3.amazonaws.com. Connection pool size: 10
2026-04-27 17:02:11,284 [INFO] [MainThread] SKIP  93813006086 — recording not in S3 yet
2026-04-27 17:02:11,490 [INFO] [MainThread] SKIP  98820537172 — recording not in S3 yet
2026-04-27 17:02:11,728 [INFO] [MainThread] SKIP  99318441857 — recording not in S3 yet
2026-04-27 17:02:11,813 [INFO] [MainThread] SKIP  99848781278 — recording not in S3 yet
2026-04-27 17:02:11,833 [WARNING] [retry_10] Connection pool is full, discarding connection: zoom-automation-bucket.s3.amazonaws.com. Connection pool size: 10
2026-04-27 17:02:12,135 [INFO] [MainThread] SKIP  97854635487 — recording not in S3 yet
2026-04-27 17:02:12,202 [WARNING] [retry_6] Connection pool is full, discarding connection: zoom-automation-bucket.s3.amazonaws.com. Connection pool size: 9
2026-04-27 17:02:12,364 [INFO] [MainThread] SKIP  95299694458 — recording not in S3 yet
2026-04-27 17:02:12,483 [INFO] [MainThread] SKIP  95367480406 — recording not in S3 yet
2026-04-27 17:02:12,493 [INFO] [MainThread] 
=== retry_unfinalized complete ===
  Finalized:     0
  No doc.txt:    0
  Still skipped: 14 (recording not in S3 yet)
  Errors:        0

2026-04-27 17:10:13,067 [INFO] [MainThread] Found credentials from IAM Role: transcript-ec2-role
2026-04-27 17:10:13,212 [INFO] [MainThread] === retry_unfinalized starting ===
2026-04-27 17:10:13,212 [INFO] [MainThread] Scanning temp/live-doc-history/ for unfinalized meetings...
2026-04-27 17:10:13,388 [INFO] [MainThread] Found 135 tracked, 122 finalized, 13 need retry
2026-04-27 17:10:13,389 [INFO] [MainThread] Retrying 13 meetings with 20 parallel workers...
2026-04-27 17:11:50,343 [INFO] [MainThread] SKIP  95299694458 — recording not in S3 yet
2026-04-27 17:11:51,219 [INFO] [MainThread] SKIP  93086742366 — recording not in S3 yet
2026-04-27 17:11:51,679 [INFO] [MainThread] SKIP  93831121159 — recording not in S3 yet
2026-04-27 17:11:52,950 [INFO] [MainThread] SKIP  96625600199 — recording not in S3 yet
2026-04-27 17:11:53,030 [INFO] [MainThread] SKIP  93813006086 — recording not in S3 yet
2026-04-27 17:11:53,229 [INFO] [MainThread] SKIP  91889419786 — recording not in S3 yet
2026-04-27 17:11:53,471 [INFO] [MainThread] SKIP  98820537172 — recording not in S3 yet
2026-04-27 17:11:53,735 [WARNING] [retry_5] Connection pool is full, discarding connection: zoom-automation-bucket.s3.amazonaws.com. Connection pool size: 10
2026-04-27 17:11:53,741 [WARNING] [retry_12] Connection pool is full, discarding connection: zoom-automation-bucket.s3.amazonaws.com. Connection pool size: 10
2026-04-27 17:11:53,884 [INFO] [MainThread] SKIP  96247878021 — recording not in S3 yet
2026-04-27 17:11:54,012 [INFO] [MainThread] SKIP  95367480406 — recording not in S3 yet
2026-04-27 17:11:54,061 [INFO] [MainThread] SKIP  99318441857 — recording not in S3 yet
2026-04-27 17:11:54,187 [WARNING] [retry_10] Connection pool is full, discarding connection: zoom-automation-bucket.s3.amazonaws.com. Connection pool size: 10
2026-04-27 17:11:54,281 [INFO] [MainThread] SKIP  94443105379 — recording not in S3 yet
2026-04-27 17:11:54,342 [INFO] [MainThread] SKIP  93853529156 — recording not in S3 yet
2026-04-27 17:11:54,365 [INFO] [MainThread] SKIP  97854635487 — recording not in S3 yet
2026-04-27 17:11:54,367 [INFO] [MainThread] 
=== retry_unfinalized complete ===
  Finalized:     0
  No doc.txt:    0
  Still skipped: 13 (recording not in S3 yet)
  Errors:        0

2026-04-27 17:20:13,212 [INFO] [MainThread] Found credentials from IAM Role: transcript-ec2-role
2026-04-27 17:20:13,334 [INFO] [MainThread] === retry_unfinalized starting ===
2026-04-27 17:20:13,334 [INFO] [MainThread] Scanning temp/live-doc-history/ for unfinalized meetings...
2026-04-27 17:20:13,469 [INFO] [MainThread] Found 136 tracked, 125 finalized, 11 need retry
2026-04-27 17:20:13,469 [INFO] [MainThread] Retrying 11 meetings with 20 parallel workers...
2026-04-27 17:21:49,168 [INFO] [MainThread] SKIP  95977949961 — recording not in S3 yet
2026-04-27 17:21:49,740 [INFO] [MainThread] SKIP  99318441857 — recording not in S3 yet
2026-04-27 17:21:49,800 [INFO] [MainThread] SKIP  93086742366 — recording not in S3 yet
2026-04-27 17:21:50,004 [INFO] [MainThread] SKIP  95299694458 — recording not in S3 yet
2026-04-27 17:21:50,357 [INFO] [MainThread] SKIP  96247878021 — recording not in S3 yet
2026-04-27 17:21:50,603 [INFO] [MainThread] SKIP  93831121159 — recording not in S3 yet
2026-04-27 17:21:50,619 [INFO] [MainThread] SKIP  94443105379 — recording not in S3 yet
2026-04-27 17:21:50,764 [INFO] [MainThread] SKIP  95367480406 — recording not in S3 yet
2026-04-27 17:21:50,879 [INFO] [MainThread] SKIP  97854635487 — recording not in S3 yet
2026-04-27 17:21:50,880 [WARNING] [retry_8] Connection pool is full, discarding connection: zoom-automation-bucket.s3.amazonaws.com. Connection pool size: 10
2026-04-27 17:21:51,058 [INFO] [MainThread] SKIP  93813006086 — recording not in S3 yet
2026-04-27 17:21:51,073 [INFO] [MainThread] SKIP  96625600199 — recording not in S3 yet
2026-04-27 17:21:51,076 [INFO] [MainThread] 
=== retry_unfinalized complete ===
  Finalized:     0
  No doc.txt:    0
  Still skipped: 11 (recording not in S3 yet)
  Errors:        0

2026-04-27 17:30:13,323 [INFO] [MainThread] Found credentials from IAM Role: transcript-ec2-role
2026-04-27 17:30:13,428 [INFO] [MainThread] === retry_unfinalized starting ===
2026-04-27 17:30:13,428 [INFO] [MainThread] Scanning temp/live-doc-history/ for unfinalized meetings...
2026-04-27 17:30:13,647 [INFO] [MainThread] Found 138 tracked, 126 finalized, 12 need retry
2026-04-27 17:30:13,647 [INFO] [MainThread] Retrying 12 meetings with 20 parallel workers...
2026-04-27 17:31:39,526 [INFO] [MainThread] SKIP  93240506772 — recording not in S3 yet
2026-04-27 17:31:39,783 [INFO] [MainThread] SKIP  97854635487 — recording not in S3 yet
2026-04-27 17:31:39,872 [INFO] [MainThread] SKIP  94443105379 — recording not in S3 yet
2026-04-27 17:31:40,399 [INFO] [MainThread] SKIP  93086742366 — recording not in S3 yet
2026-04-27 17:31:40,769 [INFO] [MainThread] SKIP  95367480406 — recording not in S3 yet
2026-04-27 17:31:41,050 [WARNING] [retry_3] Connection pool is full, discarding connection: zoom-automation-bucket.s3.amazonaws.com. Connection pool size: 10
2026-04-27 17:31:41,164 [INFO] [MainThread] SKIP  96247878021 — recording not in S3 yet
2026-04-27 17:31:41,235 [INFO] [MainThread] SKIP  96400876212 — recording not in S3 yet
2026-04-27 17:31:41,326 [INFO] [MainThread] SKIP  93813006086 — recording not in S3 yet
2026-04-27 17:31:41,372 [INFO] [MainThread] SKIP  95977949961 — recording not in S3 yet
2026-04-27 17:31:41,571 [INFO] [MainThread] SKIP  96625600199 — recording not in S3 yet
2026-04-27 17:31:41,580 [INFO] [MainThread] SKIP  93831121159 — recording not in S3 yet
2026-04-27 17:31:41,583 [WARNING] [retry_5] Connection pool is full, discarding connection: zoom-automation-bucket.s3.amazonaws.com. Connection pool size: 10
2026-04-27 17:31:41,897 [INFO] [MainThread] SKIP  95299694458 — recording not in S3 yet
2026-04-27 17:31:41,899 [INFO] [MainThread] 
=== retry_unfinalized complete ===
  Finalized:     0
  No doc.txt:    0
  Still skipped: 12 (recording not in S3 yet)
  Errors:        0

2026-04-27 17:41:03,261 [INFO] [MainThread] Found credentials from IAM Role: transcript-ec2-role
2026-04-27 17:41:03,369 [INFO] [MainThread] === retry_unfinalized starting ===
2026-04-27 17:41:03,370 [INFO] [MainThread] Scanning temp/live-doc-history/ for unfinalized meetings...
2026-04-27 17:41:03,499 [INFO] [MainThread] Found 138 tracked, 130 finalized, 8 need retry
2026-04-27 17:41:03,500 [INFO] [MainThread] Retrying 8 meetings with 20 parallel workers...
2026-04-27 17:41:42,444 [INFO] [retry_1] [93813006086] doc.txt → s3://zoom-automation-bucket/Interview-Success/Abhishek_Jain/2026/Month-4/Chaitanya_Nenavath/93813006086/Antioch/2026-04-27/Round_Initial/Time-10-24-PM-IST/docs/doc.txt
2026-04-27 17:41:42,674 [INFO] [MainThread] OK    93813006086 → Interview-Success/Abhishek_Jain/2026/Month-4/Chaitanya_Nenavath/93813006086/Antioch/2026-04-27/Round_Initial/Time-10-24-PM-IST/docs/doc.txt
2026-04-27 17:41:42,798 [INFO] [retry_3] [94443105379] doc.txt → s3://zoom-automation-bucket/Interview-Success/Ronak_Thakar/2026/Month-4/Pulivarthi_Venkata_Bhargav/94443105379/Box/2026-04-27/Round_First/Time-10-26-PM-IST/docs/doc.txt
2026-04-27 17:41:42,987 [INFO] [retry_2] [93831121159] doc.txt → s3://zoom-automation-bucket/Interview-Success/Lipakshi_Banpurkar/2026/Month-4/Gayathri_-_Thiruvayipati/93831121159/Apple/2026-04-27/Round_Initial/Time-10-19-PM-IST/docs/doc.txt
2026-04-27 17:41:43,074 [INFO] [MainThread] OK    94443105379 → Interview-Success/Ronak_Thakar/2026/Month-4/Pulivarthi_Venkata_Bhargav/94443105379/Box/2026-04-27/Round_First/Time-10-26-PM-IST/docs/doc.txt
2026-04-27 17:41:43,239 [INFO] [MainThread] OK    93831121159 → Interview-Success/Lipakshi_Banpurkar/2026/Month-4/Gayathri_-_Thiruvayipati/93831121159/Apple/2026-04-27/Round_Initial/Time-10-19-PM-IST/docs/doc.txt
2026-04-27 17:41:51,749 [INFO] [MainThread] SKIP  93240506772 — recording not in S3 yet
2026-04-27 17:41:52,211 [INFO] [MainThread] SKIP  95977949961 — recording not in S3 yet
2026-04-27 17:41:52,610 [INFO] [MainThread] SKIP  96400876212 — recording not in S3 yet
2026-04-27 17:41:52,802 [INFO] [MainThread] SKIP  96625600199 — recording not in S3 yet
2026-04-27 17:41:52,911 [INFO] [MainThread] SKIP  95299694458 — recording not in S3 yet
2026-04-27 17:41:52,912 [INFO] [MainThread] 
=== retry_unfinalized complete ===
  Finalized:     3
  No doc.txt:    0
  Still skipped: 5 (recording not in S3 yet)
  Errors:        0

2026-04-27 17:52:03,326 [INFO] [MainThread] Found credentials from IAM Role: transcript-ec2-role
2026-04-27 17:52:03,448 [INFO] [MainThread] === retry_unfinalized starting ===
2026-04-27 17:52:03,448 [INFO] [MainThread] Scanning temp/live-doc-history/ for unfinalized meetings...
2026-04-27 17:52:03,627 [INFO] [MainThread] Found 145 tracked, 134 finalized, 11 need retry
2026-04-27 17:52:03,627 [INFO] [MainThread] Retrying 11 meetings with 20 parallel workers...
2026-04-27 17:53:21,415 [INFO] [MainThread] SKIP  96400876212 — recording not in S3 yet
2026-04-27 17:53:22,335 [INFO] [MainThread] SKIP  96543965857 — recording not in S3 yet
2026-04-27 17:53:22,511 [INFO] [MainThread] SKIP  95977949961 — recording not in S3 yet
2026-04-27 17:53:22,649 [INFO] [MainThread] SKIP  98638573109 — recording not in S3 yet
2026-04-27 17:53:22,973 [INFO] [MainThread] SKIP  93240506772 — recording not in S3 yet
2026-04-27 17:53:23,166 [INFO] [MainThread] SKIP  96625600199 — recording not in S3 yet
2026-04-27 17:53:23,219 [INFO] [MainThread] SKIP  97334028241 — recording not in S3 yet
2026-04-27 17:53:23,238 [INFO] [MainThread] SKIP  92629486067 — recording not in S3 yet
2026-04-27 17:53:23,322 [INFO] [MainThread] SKIP  92457313163 — recording not in S3 yet
2026-04-27 17:53:23,551 [INFO] [MainThread] SKIP  93849886189 — recording not in S3 yet
2026-04-27 17:53:23,552 [WARNING] [retry_4] Connection pool is full, discarding connection: zoom-automation-bucket.s3.amazonaws.com. Connection pool size: 10
2026-04-27 17:53:23,727 [INFO] [MainThread] SKIP  95413476042 — recording not in S3 yet
2026-04-27 17:53:23,728 [INFO] [MainThread] 
=== retry_unfinalized complete ===
  Finalized:     0
  No doc.txt:    0
  Still skipped: 11 (recording not in S3 yet)
  Errors:        0

2026-04-27 18:02:03,274 [INFO] [MainThread] Found credentials from IAM Role: transcript-ec2-role
2026-04-27 18:02:03,380 [INFO] [MainThread] === retry_unfinalized starting ===
2026-04-27 18:02:03,380 [INFO] [MainThread] Scanning temp/live-doc-history/ for unfinalized meetings...
2026-04-27 18:02:03,533 [INFO] [MainThread] Found 149 tracked, 135 finalized, 14 need retry
2026-04-27 18:02:03,533 [INFO] [MainThread] Retrying 14 meetings with 20 parallel workers...
2026-04-27 18:03:17,746 [INFO] [retry_10] [96625600199] doc.txt → s3://zoom-automation-bucket/Interview-Success/Prachi_Pundir/2026/Month-4/Harish_Kumar_Vaithyan_Nandhagopu_Mr/96625600199/Google/2026-04-27/Round_First/Time-10-14-PM-IST/docs/doc.txt
2026-04-27 18:03:18,169 [INFO] [MainThread] OK    96625600199 → Interview-Success/Prachi_Pundir/2026/Month-4/Harish_Kumar_Vaithyan_Nandhagopu_Mr/96625600199/Google/2026-04-27/Round_First/Time-10-14-PM-IST/docs/doc.txt
2026-04-27 18:03:40,963 [INFO] [MainThread] SKIP  92129040947 — recording not in S3 yet
2026-04-27 18:03:41,187 [INFO] [MainThread] SKIP  98638573109 — recording not in S3 yet
2026-04-27 18:03:41,728 [INFO] [MainThread] SKIP  95413476042 — recording not in S3 yet
2026-04-27 18:03:43,125 [INFO] [MainThread] SKIP  93176533599 — recording not in S3 yet
2026-04-27 18:03:43,417 [INFO] [MainThread] SKIP  92457313163 — recording not in S3 yet
2026-04-27 18:03:43,428 [INFO] [MainThread] SKIP  93240506772 — recording not in S3 yet
2026-04-27 18:03:43,572 [INFO] [MainThread] SKIP  96543965857 — recording not in S3 yet
2026-04-27 18:03:43,681 [INFO] [MainThread] SKIP  92629486067 — recording not in S3 yet
2026-04-27 18:03:43,687 [WARNING] [retry_11] Connection pool is full, discarding connection: zoom-automation-bucket.s3.amazonaws.com. Connection pool size: 10
2026-04-27 18:03:43,886 [INFO] [MainThread] SKIP  97334028241 — recording not in S3 yet
2026-04-27 18:03:43,903 [WARNING] [retry_13] Connection pool is full, discarding connection: zoom-automation-bucket.s3.amazonaws.com. Connection pool size: 10
2026-04-27 18:03:44,069 [INFO] [MainThread] SKIP  99658436613 — recording not in S3 yet
2026-04-27 18:03:44,069 [WARNING] [retry_5] Connection pool is full, discarding connection: zoom-automation-bucket.s3.amazonaws.com. Connection pool size: 10
2026-04-27 18:03:44,202 [INFO] [MainThread] SKIP  96400876212 — recording not in S3 yet
2026-04-27 18:03:44,309 [INFO] [MainThread] SKIP  93849886189 — recording not in S3 yet
2026-04-27 18:03:44,309 [WARNING] [retry_7] Connection pool is full, discarding connection: zoom-automation-bucket.s3.amazonaws.com. Connection pool size: 10
2026-04-27 18:03:44,383 [INFO] [MainThread] SKIP  95977949961 — recording not in S3 yet
2026-04-27 18:03:44,385 [INFO] [MainThread] 
=== retry_unfinalized complete ===
  Finalized:     1
  No doc.txt:    0
  Still skipped: 13 (recording not in S3 yet)
  Errors:        0

2026-04-27 18:12:03,525 [INFO] [MainThread] Found credentials from IAM Role: transcript-ec2-role
2026-04-27 18:12:03,635 [INFO] [MainThread] === retry_unfinalized starting ===
2026-04-27 18:12:03,635 [INFO] [MainThread] Scanning temp/live-doc-history/ for unfinalized meetings...
2026-04-27 18:12:03,779 [INFO] [MainThread] Found 150 tracked, 138 finalized, 12 need retry
2026-04-27 18:12:03,779 [INFO] [MainThread] Retrying 12 meetings with 20 parallel workers...
2026-04-27 18:13:29,770 [INFO] [MainThread] SKIP  97334028241 — recording not in S3 yet
2026-04-27 18:13:30,162 [INFO] [MainThread] SKIP  99658436613 — recording not in S3 yet
2026-04-27 18:13:30,225 [INFO] [MainThread] SKIP  95413476042 — recording not in S3 yet
2026-04-27 18:13:30,968 [INFO] [MainThread] SKIP  93176533599 — recording not in S3 yet
2026-04-27 18:13:31,096 [INFO] [MainThread] SKIP  92457313163 — recording not in S3 yet
2026-04-27 18:13:31,156 [INFO] [MainThread] SKIP  92129040947 — recording not in S3 yet
2026-04-27 18:13:31,570 [INFO] [MainThread] SKIP  98638573109 — recording not in S3 yet
2026-04-27 18:13:31,622 [INFO] [MainThread] SKIP  96345204770 — recording not in S3 yet
2026-04-27 18:13:31,730 [INFO] [MainThread] SKIP  93849886189 — recording not in S3 yet
2026-04-27 18:13:31,761 [WARNING] [retry_2] Connection pool is full, discarding connection: zoom-automation-bucket.s3.amazonaws.com. Connection pool size: 10
2026-04-27 18:13:31,847 [INFO] [MainThread] SKIP  95977949961 — recording not in S3 yet
2026-04-27 18:13:31,961 [INFO] [MainThread] SKIP  96543965857 — recording not in S3 yet
2026-04-27 18:13:31,962 [WARNING] [retry_2] Connection pool is full, discarding connection: zoom-automation-bucket.s3.amazonaws.com. Connection pool size: 10
2026-04-27 18:13:32,084 [INFO] [MainThread] SKIP  92629486067 — recording not in S3 yet
2026-04-27 18:13:32,085 [INFO] [MainThread] 
=== retry_unfinalized complete ===
  Finalized:     0
  No doc.txt:    0
  Still skipped: 12 (recording not in S3 yet)
  Errors:        0

2026-04-27 18:23:03,246 [INFO] [MainThread] Found credentials from IAM Role: transcript-ec2-role
2026-04-27 18:23:03,357 [INFO] [MainThread] === retry_unfinalized starting ===
2026-04-27 18:23:03,357 [INFO] [MainThread] Scanning temp/live-doc-history/ for unfinalized meetings...
2026-04-27 18:23:03,499 [INFO] [MainThread] Found 152 tracked, 138 finalized, 14 need retry
2026-04-27 18:23:03,499 [INFO] [MainThread] Retrying 14 meetings with 20 parallel workers...
2026-04-27 18:23:04,296 [WARNING] [retry_1] Connection pool is full, discarding connection: zoom-automation-bucket.s3.amazonaws.com. Connection pool size: 10
2026-04-27 18:24:45,621 [INFO] [MainThread] SKIP  96345204770 — recording not in S3 yet
2026-04-27 18:24:46,360 [INFO] [MainThread] SKIP  92457313163 — recording not in S3 yet
2026-04-27 18:24:47,196 [INFO] [MainThread] SKIP  92629486067 — recording not in S3 yet
2026-04-27 18:24:47,942 [INFO] [MainThread] SKIP  92369469831 — recording not in S3 yet
2026-04-27 18:24:48,054 [WARNING] [retry_6] Connection pool is full, discarding connection: zoom-automation-bucket.s3.amazonaws.com. Connection pool size: 7
2026-04-27 18:24:48,204 [INFO] [MainThread] SKIP  93176533599 — recording not in S3 yet
2026-04-27 18:24:48,294 [INFO] [MainThread] SKIP  95977949961 — recording not in S3 yet
2026-04-27 18:24:48,353 [INFO] [MainThread] SKIP  94837131817 — recording not in S3 yet
2026-04-27 18:24:48,590 [INFO] [MainThread] SKIP  99658436613 — recording not in S3 yet
2026-04-27 18:24:48,607 [INFO] [MainThread] SKIP  98638573109 — recording not in S3 yet
2026-04-27 18:24:48,640 [WARNING] [retry_0] Connection pool is full, discarding connection: zoom-automation-bucket.s3.amazonaws.com. Connection pool size: 10
2026-04-27 18:24:48,752 [INFO] [MainThread] SKIP  96543965857 — recording not in S3 yet
2026-04-27 18:24:48,764 [WARNING] [retry_5] Connection pool is full, discarding connection: zoom-automation-bucket.s3.amazonaws.com. Connection pool size: 10
2026-04-27 18:24:48,917 [INFO] [MainThread] SKIP  93849886189 — recording not in S3 yet
2026-04-27 18:24:48,998 [INFO] [MainThread] SKIP  97334028241 — recording not in S3 yet
2026-04-27 18:24:49,106 [INFO] [MainThread] SKIP  92129040947 — recording not in S3 yet
2026-04-27 18:24:49,169 [WARNING] [retry_7] Connection pool is full, discarding connection: zoom-automation-bucket.s3.amazonaws.com. Connection pool size: 10
2026-04-27 18:24:49,277 [INFO] [MainThread] SKIP  95413476042 — recording not in S3 yet
2026-04-27 18:24:49,279 [INFO] [MainThread] 
=== retry_unfinalized complete ===
  Finalized:     0
  No doc.txt:    0
  Still skipped: 14 (recording not in S3 yet)
  Errors:        0

2026-04-27 18:34:03,266 [INFO] [MainThread] Found credentials from IAM Role: transcript-ec2-role
2026-04-27 18:34:03,375 [INFO] [MainThread] === retry_unfinalized starting ===
2026-04-27 18:34:03,375 [INFO] [MainThread] Scanning temp/live-doc-history/ for unfinalized meetings...
2026-04-27 18:34:03,538 [INFO] [MainThread] Found 154 tracked, 139 finalized, 15 need retry
2026-04-27 18:34:03,538 [INFO] [MainThread] Retrying 15 meetings with 20 parallel workers...
2026-04-27 18:35:55,275 [INFO] [MainThread] SKIP  92369469831 — recording not in S3 yet
2026-04-27 18:35:55,308 [INFO] [MainThread] SKIP  94837131817 — recording not in S3 yet
2026-04-27 18:35:55,418 [INFO] [MainThread] SKIP  93849886189 — recording not in S3 yet
2026-04-27 18:35:55,509 [INFO] [MainThread] SKIP  95356092579 — recording not in S3 yet
2026-04-27 18:35:55,639 [INFO] [MainThread] SKIP  93176533599 — recording not in S3 yet
2026-04-27 18:35:55,981 [INFO] [MainThread] SKIP  92629486067 — recording not in S3 yet
2026-04-27 18:35:56,600 [INFO] [MainThread] SKIP  98638573109 — recording not in S3 yet
2026-04-27 18:35:56,638 [WARNING] [retry_9] Connection pool is full, discarding connection: zoom-automation-bucket.s3.amazonaws.com. Connection pool size: 10
2026-04-27 18:35:57,008 [WARNING] [retry_14] Connection pool is full, discarding connection: zoom-automation-bucket.s3.amazonaws.com. Connection pool size: 9
2026-04-27 18:35:57,438 [INFO] [MainThread] SKIP  99906293392 — recording not in S3 yet
2026-04-27 18:35:57,633 [INFO] [MainThread] SKIP  95977949961 — recording not in S3 yet
2026-04-27 18:35:57,777 [WARNING] [retry_9] Connection pool is full, discarding connection: zoom-automation-bucket.s3.amazonaws.com. Connection pool size: 10
2026-04-27 18:35:57,930 [INFO] [MainThread] SKIP  96543965857 — recording not in S3 yet
2026-04-27 18:35:57,970 [INFO] [MainThread] SKIP  92457313163 — recording not in S3 yet
2026-04-27 18:35:57,996 [INFO] [MainThread] SKIP  96345204770 — recording not in S3 yet
2026-04-27 18:35:58,016 [WARNING] [retry_11] Connection pool is full, discarding connection: zoom-automation-bucket.s3.amazonaws.com. Connection pool size: 10
2026-04-27 18:35:58,055 [WARNING] [retry_13] Connection pool is full, discarding connection: zoom-automation-bucket.s3.amazonaws.com. Connection pool size: 10
2026-04-27 18:35:58,195 [INFO] [MainThread] SKIP  95413476042 — recording not in S3 yet
2026-04-27 18:35:58,236 [INFO] [MainThread] SKIP  97334028241 — recording not in S3 yet
2026-04-27 18:35:58,267 [INFO] [MainThread] SKIP  99658436613 — recording not in S3 yet
2026-04-27 18:35:58,269 [INFO] [MainThread] 
=== retry_unfinalized complete ===
  Finalized:     0
  No doc.txt:    0
  Still skipped: 15 (recording not in S3 yet)
  Errors:        0

2026-04-27 18:44:03,485 [INFO] [MainThread] Found credentials from IAM Role: transcript-ec2-role
2026-04-27 18:44:03,595 [INFO] [MainThread] === retry_unfinalized starting ===
2026-04-27 18:44:03,595 [INFO] [MainThread] Scanning temp/live-doc-history/ for unfinalized meetings...
2026-04-27 18:44:03,752 [INFO] [MainThread] Found 155 tracked, 139 finalized, 16 need retry
2026-04-27 18:44:03,752 [INFO] [MainThread] Retrying 16 meetings with 20 parallel workers...
2026-04-27 18:44:04,760 [WARNING] [retry_9] Connection pool is full, discarding connection: zoom-automation-bucket.s3.amazonaws.com. Connection pool size: 10
2026-04-27 18:44:04,981 [WARNING] [retry_7] Connection pool is full, discarding connection: zoom-automation-bucket.s3.amazonaws.com. Connection pool size: 10
2026-04-27 18:44:05,086 [WARNING] [retry_2] Connection pool is full, discarding connection: zoom-automation-bucket.s3.amazonaws.com. Connection pool size: 10
2026-04-27 18:45:32,309 [WARNING] [retry_4] Connection pool is full, discarding connection: zoom-automation-bucket.s3.amazonaws.com. Connection pool size: 10
2026-04-27 18:46:04,129 [INFO] [MainThread] SKIP  93176533599 — recording not in S3 yet
2026-04-27 18:46:04,557 [INFO] [MainThread] SKIP  96887995933 — recording not in S3 yet
2026-04-27 18:46:06,124 [INFO] [MainThread] SKIP  95977949961 — recording not in S3 yet
2026-04-27 18:46:07,625 [INFO] [MainThread] SKIP  96345204770 — recording not in S3 yet
2026-04-27 18:46:07,647 [INFO] [MainThread] SKIP  96543965857 — recording not in S3 yet
2026-04-27 18:46:08,180 [INFO] [MainThread] SKIP  92369469831 — recording not in S3 yet
2026-04-27 18:46:08,798 [INFO] [MainThread] SKIP  92457313163 — recording not in S3 yet
2026-04-27 18:46:08,822 [INFO] [MainThread] SKIP  95413476042 — recording not in S3 yet
2026-04-27 18:46:09,082 [WARNING] [retry_12] Connection pool is full, discarding connection: zoom-automation-bucket.s3.amazonaws.com. Connection pool size: 10
2026-04-27 18:46:09,203 [WARNING] [retry_14] Connection pool is full, discarding connection: zoom-automation-bucket.s3.amazonaws.com. Connection pool size: 10
2026-04-27 18:46:09,232 [INFO] [MainThread] SKIP  99906293392 — recording not in S3 yet
2026-04-27 18:46:09,262 [INFO] [MainThread] SKIP  98638573109 — recording not in S3 yet
2026-04-27 18:46:09,374 [INFO] [MainThread] SKIP  97334028241 — recording not in S3 yet
2026-04-27 18:46:09,430 [WARNING] [retry_5] Connection pool is full, discarding connection: zoom-automation-bucket.s3.amazonaws.com. Connection pool size: 10
2026-04-27 18:46:09,525 [INFO] [MainThread] SKIP  95356092579 — recording not in S3 yet
2026-04-27 18:46:09,598 [INFO] [MainThread] SKIP  93849886189 — recording not in S3 yet
2026-04-27 18:46:09,619 [INFO] [MainThread] SKIP  94837131817 — recording not in S3 yet
2026-04-27 18:46:09,619 [WARNING] [retry_2] Connection pool is full, discarding connection: zoom-automation-bucket.s3.amazonaws.com. Connection pool size: 10
2026-04-27 18:46:09,763 [INFO] [MainThread] SKIP  99658436613 — recording not in S3 yet
2026-04-27 18:46:09,764 [WARNING] [retry_2] Connection pool is full, discarding connection: zoom-automation-bucket.s3.amazonaws.com. Connection pool size: 10
2026-04-27 18:46:09,837 [INFO] [MainThread] SKIP  92629486067 — recording not in S3 yet
2026-04-27 18:46:09,839 [INFO] [MainThread] 
=== retry_unfinalized complete ===
  Finalized:     0
  No doc.txt:    0
  Still skipped: 16 (recording not in S3 yet)
  Errors:        0

2026-04-27 18:55:03,251 [INFO] [MainThread] Found credentials from IAM Role: transcript-ec2-role
2026-04-27 18:55:03,359 [INFO] [MainThread] === retry_unfinalized starting ===
2026-04-27 18:55:03,359 [INFO] [MainThread] Scanning temp/live-doc-history/ for unfinalized meetings...
2026-04-27 18:55:03,493 [INFO] [MainThread] Found 165 tracked, 140 finalized, 25 need retry
2026-04-27 18:55:03,493 [INFO] [MainThread] Retrying 25 meetings with 20 parallel workers...
2026-04-27 18:55:22,172 [WARNING] [retry_11] Connection pool is full, discarding connection: zoom-automation-bucket.s3.amazonaws.com. Connection pool size: 10
2026-04-27 18:55:22,997 [WARNING] [retry_14] Connection pool is full, discarding connection: zoom-automation-bucket.s3.amazonaws.com. Connection pool size: 8
2026-04-27 18:56:43,657 [WARNING] [retry_5] Connection pool is full, discarding connection: zoom-automation-bucket.s3.amazonaws.com. Connection pool size: 10
2026-04-27 18:57:11,798 [WARNING] [retry_15] Connection pool is full, discarding connection: zoom-automation-bucket.s3.amazonaws.com. Connection pool size: 10
2026-04-27 18:57:38,520 [INFO] [MainThread] SKIP  93176533599 — recording not in S3 yet
2026-04-27 18:57:39,617 [INFO] [MainThread] SKIP  94726847638 — recording not in S3 yet
2026-04-27 18:57:39,617 [INFO] [MainThread] SKIP  96543965857 — recording not in S3 yet
2026-04-27 18:57:40,342 [INFO] [MainThread] SKIP  96887995933 — recording not in S3 yet
2026-04-27 18:57:41,090 [INFO] [MainThread] SKIP  95663471161 — recording not in S3 yet
2026-04-27 18:57:42,218 [INFO] [MainThread] SKIP  91213400875 — recording not in S3 yet
2026-04-27 18:57:42,223 [INFO] [MainThread] SKIP  96146730458 — recording not in S3 yet
2026-04-27 18:57:42,390 [WARNING] [retry_11] Connection pool is full, discarding connection: zoom-automation-bucket.s3.amazonaws.com. Connection pool size: 10
2026-04-27 18:57:42,420 [WARNING] [retry_10] Connection pool is full, discarding connection: zoom-automation-bucket.s3.amazonaws.com. Connection pool size: 9
2026-04-27 18:57:42,606 [INFO] [MainThread] SKIP  92629486067 — recording not in S3 yet
2026-04-27 18:57:42,788 [INFO] [MainThread] SKIP  93503585826 — recording not in S3 yet
2026-04-27 18:57:43,296 [INFO] [MainThread] SKIP  95356092579 — recording not in S3 yet
2026-04-27 18:57:43,660 [INFO] [MainThread] SKIP  91889636991 — recording not in S3 yet
2026-04-27 18:57:43,823 [INFO] [MainThread] SKIP  92369469831 — recording not in S3 yet
2026-04-27 18:57:43,835 [WARNING] [retry_13] Connection pool is full, discarding connection: zoom-automation-bucket.s3.amazonaws.com. Connection pool size: 10
2026-04-27 18:57:43,843 [INFO] [MainThread] SKIP  95413476042 — recording not in S3 yet
2026-04-27 18:57:44,200 [INFO] [MainThread] SKIP  94837131817 — recording not in S3 yet
2026-04-27 18:57:44,453 [WARNING] [retry_15] Connection pool is full, discarding connection: zoom-automation-bucket.s3.amazonaws.com. Connection pool size: 10
2026-04-27 18:57:44,532 [INFO] [MainThread] SKIP  95977949961 — recording not in S3 yet
2026-04-27 18:57:44,642 [INFO] [MainThread] SKIP  92457313163 — recording not in S3 yet
2026-04-27 18:57:45,435 [INFO] [MainThread] SKIP  96345204770 — recording not in S3 yet
2026-04-27 18:57:45,467 [WARNING] [retry_12] Connection pool is full, discarding connection: zoom-automation-bucket.s3.amazonaws.com. Connection pool size: 10
2026-04-27 18:57:45,775 [WARNING] [retry_5] Connection pool is full, discarding connection: zoom-automation-bucket.s3.amazonaws.com. Connection pool size: 10
2026-04-27 18:57:45,795 [INFO] [MainThread] SKIP  97334028241 — recording not in S3 yet
2026-04-27 18:57:46,209 [WARNING] [retry_8] Connection pool is full, discarding connection: zoom-automation-bucket.s3.amazonaws.com. Connection pool size: 10
2026-04-27 18:57:46,271 [INFO] [MainThread] SKIP  94653986636 — recording not in S3 yet
2026-04-27 18:57:46,896 [INFO] [MainThread] SKIP  96699554564 — recording not in S3 yet
2026-04-27 18:58:08,847 [WARNING] [retry_12] Connection pool is full, discarding connection: zoom-automation-bucket.s3.amazonaws.com. Connection pool size: 10
2026-04-27 18:58:18,890 [INFO] [MainThread] SKIP  99658436613 — recording not in S3 yet
2026-04-27 18:58:19,127 [INFO] [MainThread] SKIP  98638573109 — recording not in S3 yet
2026-04-27 18:58:19,129 [INFO] [MainThread] SKIP  99759835589 — recording not in S3 yet
2026-04-27 18:58:19,236 [INFO] [MainThread] SKIP  99107409925 — recording not in S3 yet
2026-04-27 18:58:19,379 [WARNING] [retry_12] Connection pool is full, discarding connection: zoom-automation-bucket.s3.amazonaws.com. Connection pool size: 10
2026-04-27 18:58:19,453 [INFO] [MainThread] SKIP  99906293392 — recording not in S3 yet
2026-04-27 18:58:19,455 [INFO] [MainThread] 
=== retry_unfinalized complete ===
  Finalized:     0
  No doc.txt:    0
  Still skipped: 25 (recording not in S3 yet)
  Errors:        0

2026-04-27 19:06:03,308 [INFO] [MainThread] Found credentials from IAM Role: transcript-ec2-role
2026-04-27 19:06:03,430 [INFO] [MainThread] === retry_unfinalized starting ===
2026-04-27 19:06:03,430 [INFO] [MainThread] Scanning temp/live-doc-history/ for unfinalized meetings...
2026-04-27 19:06:03,598 [INFO] [MainThread] Found 167 tracked, 141 finalized, 26 need retry
2026-04-27 19:06:03,598 [INFO] [MainThread] Retrying 26 meetings with 20 parallel workers...
2026-04-27 19:06:05,170 [WARNING] [retry_16] Connection pool is full, discarding connection: zoom-automation-bucket.s3.amazonaws.com. Connection pool size: 10
2026-04-27 19:06:05,195 [WARNING] [retry_12] Connection pool is full, discarding connection: zoom-automation-bucket.s3.amazonaws.com. Connection pool size: 10
2026-04-27 19:06:05,397 [WARNING] [retry_18] Connection pool is full, discarding connection: zoom-automation-bucket.s3.amazonaws.com. Connection pool size: 10
2026-04-27 19:06:05,547 [WARNING] [retry_17] Connection pool is full, discarding connection: zoom-automation-bucket.s3.amazonaws.com. Connection pool size: 10
2026-04-27 19:06:18,647 [WARNING] [retry_4] Connection pool is full, discarding connection: zoom-automation-bucket.s3.amazonaws.com. Connection pool size: 10
2026-04-27 19:08:40,448 [INFO] [MainThread] SKIP  91889636991 — recording not in S3 yet
2026-04-27 19:08:42,624 [INFO] [MainThread] SKIP  95356092579 — recording not in S3 yet
2026-04-27 19:08:43,926 [INFO] [MainThread] SKIP  96543965857 — recording not in S3 yet
2026-04-27 19:08:44,650 [INFO] [MainThread] SKIP  96146730458 — recording not in S3 yet
2026-04-27 19:08:45,232 [INFO] [MainThread] SKIP  93176533599 — recording not in S3 yet
2026-04-27 19:08:46,767 [INFO] [MainThread] SKIP  91213400875 — recording not in S3 yet
2026-04-27 19:08:47,022 [INFO] [MainThread] SKIP  93503585826 — recording not in S3 yet
2026-04-27 19:08:47,234 [INFO] [MainThread] SKIP  94837131817 — recording not in S3 yet
2026-04-27 19:08:47,469 [INFO] [MainThread] SKIP  95977949961 — recording not in S3 yet
2026-04-27 19:08:48,500 [WARNING] [retry_15] Connection pool is full, discarding connection: zoom-automation-bucket.s3.amazonaws.com. Connection pool size: 10
2026-04-27 19:08:48,568 [INFO] [MainThread] SKIP  94726847638 — recording not in S3 yet
2026-04-27 19:08:49,014 [INFO] [MainThread] SKIP  96887995933 — recording not in S3 yet
2026-04-27 19:08:49,469 [INFO] [MainThread] SKIP  95663471161 — recording not in S3 yet
2026-04-27 19:08:49,698 [INFO] [MainThread] SKIP  92369469831 — recording not in S3 yet
2026-04-27 19:08:50,151 [INFO] [MainThread] SKIP  96345204770 — recording not in S3 yet
2026-04-27 19:08:50,241 [WARNING] [retry_19] Connection pool is full, discarding connection: zoom-automation-bucket.s3.amazonaws.com. Connection pool size: 10
2026-04-27 19:08:50,326 [WARNING] [retry_14] Connection pool is full, discarding connection: zoom-automation-bucket.s3.amazonaws.com. Connection pool size: 10
2026-04-27 19:08:50,561 [INFO] [MainThread] SKIP  94653986636 — recording not in S3 yet
2026-04-27 19:08:50,567 [WARNING] [retry_9] Connection pool is full, discarding connection: zoom-automation-bucket.s3.amazonaws.com. Connection pool size: 10
2026-04-27 19:08:50,759 [WARNING] [retry_3] Connection pool is full, discarding connection: zoom-automation-bucket.s3.amazonaws.com. Connection pool size: 10
2026-04-27 19:08:50,825 [INFO] [MainThread] SKIP  97334028241 — recording not in S3 yet
2026-04-27 19:08:51,086 [INFO] [MainThread] SKIP  95413476042 — recording not in S3 yet
2026-04-27 19:08:51,144 [WARNING] [retry_17] Connection pool is full, discarding connection: zoom-automation-bucket.s3.amazonaws.com. Connection pool size: 10
2026-04-27 19:08:51,203 [INFO] [MainThread] SKIP  92457313163 — recording not in S3 yet
2026-04-27 19:08:52,058 [INFO] [MainThread] SKIP  96699554564 — recording not in S3 yet
2026-04-27 19:08:52,133 [INFO] [MainThread] SKIP  95563216968 — recording not in S3 yet
2026-04-27 19:09:32,472 [INFO] [MainThread] SKIP  99759835589 — recording not in S3 yet
2026-04-27 19:09:32,624 [INFO] [MainThread] SKIP  99658436613 — recording not in S3 yet
2026-04-27 19:09:32,927 [INFO] [MainThread] SKIP  97667590156 — recording not in S3 yet
2026-04-27 19:09:32,939 [WARNING] [retry_0] Connection pool is full, discarding connection: zoom-automation-bucket.s3.amazonaws.com. Connection pool size: 10
2026-04-27 19:09:33,069 [INFO] [MainThread] SKIP  98638573109 — recording not in S3 yet
2026-04-27 19:09:33,148 [INFO] [MainThread] SKIP  99906293392 — recording not in S3 yet
2026-04-27 19:09:33,149 [WARNING] [retry_16] Connection pool is full, discarding connection: zoom-automation-bucket.s3.amazonaws.com. Connection pool size: 10
2026-04-27 19:09:33,314 [INFO] [MainThread] SKIP  99107409925 — recording not in S3 yet
2026-04-27 19:09:33,316 [INFO] [MainThread] 
=== retry_unfinalized complete ===
  Finalized:     0
  No doc.txt:    0
  Still skipped: 26 (recording not in S3 yet)
  Errors:        0

2026-04-27 19:16:03,295 [INFO] [MainThread] Found credentials from IAM Role: transcript-ec2-role
2026-04-27 19:16:03,402 [INFO] [MainThread] === retry_unfinalized starting ===
2026-04-27 19:16:03,403 [INFO] [MainThread] Scanning temp/live-doc-history/ for unfinalized meetings...
2026-04-27 19:16:03,549 [INFO] [MainThread] Found 167 tracked, 142 finalized, 25 need retry
2026-04-27 19:16:03,549 [INFO] [MainThread] Retrying 25 meetings with 20 parallel workers...
2026-04-27 19:17:02,580 [WARNING] [retry_14] Connection pool is full, discarding connection: zoom-automation-bucket.s3.amazonaws.com. Connection pool size: 9
2026-04-27 19:17:09,739 [WARNING] [retry_4] Connection pool is full, discarding connection: zoom-automation-bucket.s3.amazonaws.com. Connection pool size: 8
2026-04-27 19:18:36,760 [INFO] [MainThread] SKIP  97667590156 — recording not in S3 yet
2026-04-27 19:18:37,867 [INFO] [MainThread] SKIP  96543965857 — recording not in S3 yet
2026-04-27 19:18:39,810 [INFO] [MainThread] SKIP  91889636991 — recording not in S3 yet
2026-04-27 19:18:40,054 [INFO] [MainThread] SKIP  96699554564 — recording not in S3 yet
2026-04-27 19:18:40,805 [INFO] [MainThread] SKIP  92369469831 — recording not in S3 yet
2026-04-27 19:18:40,867 [INFO] [MainThread] SKIP  96887995933 — recording not in S3 yet
2026-04-27 19:18:40,873 [INFO] [MainThread] SKIP  95413476042 — recording not in S3 yet
2026-04-27 19:18:41,180 [INFO] [MainThread] SKIP  94653986636 — recording not in S3 yet
2026-04-27 19:18:41,225 [INFO] [MainThread] SKIP  91213400875 — recording not in S3 yet
2026-04-27 19:18:41,728 [INFO] [MainThread] SKIP  95563216968 — recording not in S3 yet
2026-04-27 19:18:41,994 [INFO] [MainThread] SKIP  92457313163 — recording not in S3 yet
2026-04-27 19:18:42,038 [WARNING] [retry_14] Connection pool is full, discarding connection: zoom-automation-bucket.s3.amazonaws.com. Connection pool size: 9
2026-04-27 19:18:42,050 [INFO] [MainThread] SKIP  95356092579 — recording not in S3 yet
2026-04-27 19:18:42,201 [WARNING] [retry_4] Connection pool is full, discarding connection: zoom-automation-bucket.s3.amazonaws.com. Connection pool size: 10
2026-04-27 19:18:42,222 [WARNING] [retry_5] Connection pool is full, discarding connection: zoom-automation-bucket.s3.amazonaws.com. Connection pool size: 10
2026-04-27 19:18:42,455 [INFO] [MainThread] SKIP  94726847638 — recording not in S3 yet
2026-04-27 19:18:42,868 [INFO] [MainThread] SKIP  93176533599 — recording not in S3 yet
2026-04-27 19:18:42,879 [INFO] [MainThread] SKIP  95977949961 — recording not in S3 yet
2026-04-27 19:18:42,895 [WARNING] [retry_16] Connection pool is full, discarding connection: zoom-automation-bucket.s3.amazonaws.com. Connection pool size: 10
2026-04-27 19:18:42,914 [WARNING] [retry_2] Connection pool is full, discarding connection: zoom-automation-bucket.s3.amazonaws.com. Connection pool size: 9
2026-04-27 19:18:42,954 [INFO] [MainThread] SKIP  93503585826 — recording not in S3 yet
2026-04-27 19:18:43,570 [INFO] [MainThread] SKIP  96345204770 — recording not in S3 yet
2026-04-27 19:18:43,690 [INFO] [MainThread] SKIP  95663471161 — recording not in S3 yet
2026-04-27 19:18:43,716 [INFO] [MainThread] SKIP  94837131817 — recording not in S3 yet
2026-04-27 19:18:45,218 [INFO] [MainThread] SKIP  96146730458 — recording not in S3 yet
2026-04-27 19:18:45,569 [WARNING] [retry_16] Connection pool is full, discarding connection: zoom-automation-bucket.s3.amazonaws.com. Connection pool size: 10
2026-04-27 19:18:59,029 [WARNING] [retry_17] Connection pool is full, discarding connection: zoom-automation-bucket.s3.amazonaws.com. Connection pool size: 10
2026-04-27 19:19:17,361 [INFO] [MainThread] SKIP  98638573109 — recording not in S3 yet
2026-04-27 19:19:18,179 [INFO] [MainThread] SKIP  99107409925 — recording not in S3 yet
2026-04-27 19:19:18,570 [INFO] [MainThread] SKIP  99658436613 — recording not in S3 yet
2026-04-27 19:19:18,575 [WARNING] [retry_17] Connection pool is full, discarding connection: zoom-automation-bucket.s3.amazonaws.com. Connection pool size: 10
2026-04-27 19:19:18,811 [INFO] [MainThread] SKIP  99906293392 — recording not in S3 yet
2026-04-27 19:19:18,883 [INFO] [MainThread] SKIP  99759835589 — recording not in S3 yet
2026-04-27 19:19:18,885 [INFO] [MainThread] 
=== retry_unfinalized complete ===
  Finalized:     0
  No doc.txt:    0
  Still skipped: 25 (recording not in S3 yet)
  Errors:        0

2026-04-27 19:26:03,512 [INFO] [MainThread] Found credentials from IAM Role: transcript-ec2-role
2026-04-27 19:26:03,620 [INFO] [MainThread] === retry_unfinalized starting ===
2026-04-27 19:26:03,620 [INFO] [MainThread] Scanning temp/live-doc-history/ for unfinalized meetings...
2026-04-27 19:26:03,759 [INFO] [MainThread] Found 171 tracked, 142 finalized, 29 need retry
2026-04-27 19:26:03,759 [INFO] [MainThread] Retrying 29 meetings with 20 parallel workers...
2026-04-27 19:26:05,132 [WARNING] [retry_4] Connection pool is full, discarding connection: zoom-automation-bucket.s3.amazonaws.com. Connection pool size: 10
2026-04-27 19:26:05,274 [WARNING] [retry_7] Connection pool is full, discarding connection: zoom-automation-bucket.s3.amazonaws.com. Connection pool size: 9
2026-04-27 19:26:48,018 [WARNING] [retry_0] Connection pool is full, discarding connection: zoom-automation-bucket.s3.amazonaws.com. Connection pool size: 9
2026-04-27 19:27:29,926 [WARNING] [retry_17] Connection pool is full, discarding connection: zoom-automation-bucket.s3.amazonaws.com. Connection pool size: 10
2026-04-27 19:27:50,817 [WARNING] [retry_6] Connection pool is full, discarding connection: zoom-automation-bucket.s3.amazonaws.com. Connection pool size: 9
2026-04-27 19:28:38,078 [INFO] [MainThread] SKIP  95563216968 — recording not in S3 yet
2026-04-27 19:28:38,723 [INFO] [MainThread] SKIP  95663471161 — recording not in S3 yet
2026-04-27 19:28:40,183 [INFO] [MainThread] SKIP  95356092579 — recording not in S3 yet
2026-04-27 19:28:40,699 [INFO] [MainThread] SKIP  92369469831 — recording not in S3 yet
2026-04-27 19:28:40,933 [INFO] [MainThread] SKIP  94726847638 — recording not in S3 yet
2026-04-27 19:28:41,249 [INFO] [MainThread] SKIP  96543965857 — recording not in S3 yet
2026-04-27 19:28:41,270 [INFO] [MainThread] SKIP  96146730458 — recording not in S3 yet
2026-04-27 19:28:41,410 [INFO] [MainThread] SKIP  94766687943 — recording not in S3 yet
2026-04-27 19:28:41,503 [INFO] [MainThread] SKIP  91213400875 — recording not in S3 yet
2026-04-27 19:28:41,644 [INFO] [MainThread] SKIP  94837131817 — recording not in S3 yet
2026-04-27 19:28:41,675 [INFO] [MainThread] SKIP  94858871630 — recording not in S3 yet
2026-04-27 19:28:42,156 [INFO] [MainThread] SKIP  91889636991 — recording not in S3 yet
2026-04-27 19:28:42,533 [INFO] [MainThread] SKIP  94653986636 — recording not in S3 yet
2026-04-27 19:28:42,582 [INFO] [MainThread] SKIP  93503585826 — recording not in S3 yet
2026-04-27 19:28:42,639 [INFO] [MainThread] SKIP  96345204770 — recording not in S3 yet
2026-04-27 19:28:42,930 [INFO] [MainThread] SKIP  95977949961 — recording not in S3 yet
2026-04-27 19:28:42,936 [WARNING] [retry_17] Connection pool is full, discarding connection: zoom-automation-bucket.s3.amazonaws.com. Connection pool size: 10
2026-04-27 19:28:42,942 [WARNING] [retry_3] Connection pool is full, discarding connection: zoom-automation-bucket.s3.amazonaws.com. Connection pool size: 10
2026-04-27 19:28:43,182 [WARNING] [retry_4] Connection pool is full, discarding connection: zoom-automation-bucket.s3.amazonaws.com. Connection pool size: 9
2026-04-27 19:28:43,780 [INFO] [MainThread] SKIP  93176533599 — recording not in S3 yet
2026-04-27 19:28:44,509 [INFO] [MainThread] SKIP  92457313163 — recording not in S3 yet
2026-04-27 19:28:44,754 [WARNING] [retry_8] Connection pool is full, discarding connection: zoom-automation-bucket.s3.amazonaws.com. Connection pool size: 10
2026-04-27 19:28:44,877 [WARNING] [retry_17] Connection pool is full, discarding connection: zoom-automation-bucket.s3.amazonaws.com. Connection pool size: 10
2026-04-27 19:28:45,002 [INFO] [MainThread] SKIP  92540081353 — recording not in S3 yet
2026-04-27 19:28:45,442 [WARNING] [retry_0] Connection pool is full, discarding connection: zoom-automation-bucket.s3.amazonaws.com. Connection pool size: 8
2026-04-27 19:28:46,122 [INFO] [MainThread] SKIP  95413476042 — recording not in S3 yet
2026-04-27 19:29:47,688 [INFO] [MainThread] SKIP  97667590156 — recording not in S3 yet
2026-04-27 19:29:47,796 [INFO] [MainThread] SKIP  99658436613 — recording not in S3 yet
2026-04-27 19:29:48,015 [WARNING] [retry_14] Connection pool is full, discarding connection: zoom-automation-bucket.s3.amazonaws.com. Connection pool size: 10
2026-04-27 19:29:48,190 [INFO] [MainThread] SKIP  96699554564 — recording not in S3 yet
2026-04-27 19:29:48,216 [INFO] [MainThread] SKIP  99107409925 — recording not in S3 yet
2026-04-27 19:29:48,236 [INFO] [MainThread] SKIP  99906293392 — recording not in S3 yet
2026-04-27 19:29:48,294 [INFO] [MainThread] SKIP  96668949659 — recording not in S3 yet
2026-04-27 19:29:48,432 [INFO] [MainThread] SKIP  98638573109 — recording not in S3 yet
2026-04-27 19:29:48,433 [WARNING] [retry_12] Connection pool is full, discarding connection: zoom-automation-bucket.s3.amazonaws.com. Connection pool size: 10
2026-04-27 19:29:48,509 [INFO] [MainThread] SKIP  96887995933 — recording not in S3 yet
2026-04-27 19:29:48,512 [WARNING] [retry_9] Connection pool is full, discarding connection: zoom-automation-bucket.s3.amazonaws.com. Connection pool size: 10
2026-04-27 19:29:48,584 [INFO] [MainThread] SKIP  99759835589 — recording not in S3 yet
2026-04-27 19:29:48,586 [INFO] [MainThread] 
=== retry_unfinalized complete ===
  Finalized:     0
  No doc.txt:    0
  Still skipped: 29 (recording not in S3 yet)
  Errors:        0

2026-04-27 19:37:03,254 [INFO] [MainThread] Found credentials from IAM Role: transcript-ec2-role
2026-04-27 19:37:03,364 [INFO] [MainThread] === retry_unfinalized starting ===
2026-04-27 19:37:03,364 [INFO] [MainThread] Scanning temp/live-doc-history/ for unfinalized meetings...
2026-04-27 19:37:03,504 [INFO] [MainThread] Found 173 tracked, 143 finalized, 30 need retry
2026-04-27 19:37:03,504 [INFO] [MainThread] Retrying 30 meetings with 20 parallel workers...
2026-04-27 19:37:13,358 [WARNING] [retry_4] Connection pool is full, discarding connection: zoom-automation-bucket.s3.amazonaws.com. Connection pool size: 10
2026-04-27 19:38:43,474 [WARNING] [retry_16] Connection pool is full, discarding connection: zoom-automation-bucket.s3.amazonaws.com. Connection pool size: 10
2026-04-27 19:38:43,530 [WARNING] [retry_12] Connection pool is full, discarding connection: zoom-automation-bucket.s3.amazonaws.com. Connection pool size: 10
2026-04-27 19:39:32,821 [INFO] [MainThread] SKIP  91213400875 — recording not in S3 yet
2026-04-27 19:39:39,486 [INFO] [MainThread] SKIP  91889636991 — recording not in S3 yet
2026-04-27 19:39:40,436 [INFO] [MainThread] SKIP  94653986636 — recording not in S3 yet
2026-04-27 19:39:40,524 [INFO] [MainThread] SKIP  95663471161 — recording not in S3 yet
2026-04-27 19:39:40,814 [INFO] [MainThread] SKIP  92369469831 — recording not in S3 yet
2026-04-27 19:39:41,027 [INFO] [MainThread] SKIP  92540081353 — recording not in S3 yet
2026-04-27 19:39:41,388 [INFO] [MainThread] SKIP  94837131817 — recording not in S3 yet
2026-04-27 19:39:41,591 [INFO] [MainThread] SKIP  94766687943 — recording not in S3 yet
2026-04-27 19:39:41,852 [INFO] [MainThread] SKIP  92316137806 — recording not in S3 yet
2026-04-27 19:39:41,964 [INFO] [MainThread] SKIP  93503585826 — recording not in S3 yet
2026-04-27 19:39:42,504 [INFO] [MainThread] SKIP  94726847638 — recording not in S3 yet
2026-04-27 19:39:42,696 [INFO] [MainThread] SKIP  95563216968 — recording not in S3 yet
2026-04-27 19:39:43,134 [INFO] [MainThread] SKIP  95356092579 — recording not in S3 yet
2026-04-27 19:39:44,296 [INFO] [MainThread] SKIP  96146730458 — recording not in S3 yet
2026-04-27 19:39:44,597 [INFO] [MainThread] SKIP  92457313163 — recording not in S3 yet
2026-04-27 19:39:44,783 [INFO] [MainThread] SKIP  93176533599 — recording not in S3 yet
2026-04-27 19:39:45,371 [WARNING] [retry_5] Connection pool is full, discarding connection: zoom-automation-bucket.s3.amazonaws.com. Connection pool size: 9
2026-04-27 19:39:45,669 [INFO] [MainThread] SKIP  96345204770 — recording not in S3 yet
2026-04-27 19:39:45,707 [WARNING] [retry_2] Connection pool is full, discarding connection: zoom-automation-bucket.s3.amazonaws.com. Connection pool size: 10
2026-04-27 19:39:46,422 [INFO] [MainThread] SKIP  95977949961 — recording not in S3 yet
2026-04-27 19:39:46,434 [INFO] [MainThread] SKIP  94858871630 — recording not in S3 yet
2026-04-27 19:39:46,706 [INFO] [MainThread] SKIP  96543965857 — recording not in S3 yet
2026-04-27 19:39:47,499 [WARNING] [retry_11] Connection pool is full, discarding connection: zoom-automation-bucket.s3.amazonaws.com. Connection pool size: 10
2026-04-27 19:40:05,464 [WARNING] [retry_10] Connection pool is full, discarding connection: zoom-automation-bucket.s3.amazonaws.com. Connection pool size: 10
2026-04-27 19:40:34,733 [WARNING] [retry_2] Connection pool is full, discarding connection: zoom-automation-bucket.s3.amazonaws.com. Connection pool size: 10
2026-04-27 19:40:52,473 [INFO] [MainThread] SKIP  96699554564 — recording not in S3 yet
2026-04-27 19:40:53,704 [INFO] [MainThread] SKIP  96668949659 — recording not in S3 yet
2026-04-27 19:40:55,248 [INFO] [MainThread] SKIP  99759835589 — recording not in S3 yet
2026-04-27 19:40:55,412 [INFO] [MainThread] SKIP  99284838620 — recording not in S3 yet
2026-04-27 19:40:55,565 [WARNING] [retry_15] Connection pool is full, discarding connection: zoom-automation-bucket.s3.amazonaws.com. Connection pool size: 10
2026-04-27 19:40:55,709 [WARNING] [retry_5] Connection pool is full, discarding connection: zoom-automation-bucket.s3.amazonaws.com. Connection pool size: 10
2026-04-27 19:40:55,778 [INFO] [MainThread] SKIP  99658436613 — recording not in S3 yet
2026-04-27 19:40:55,822 [INFO] [MainThread] SKIP  96887995933 — recording not in S3 yet
2026-04-27 19:40:56,245 [INFO] [MainThread] SKIP  97667590156 — recording not in S3 yet
2026-04-27 19:40:56,330 [INFO] [MainThread] SKIP  99107409925 — recording not in S3 yet
2026-04-27 19:40:56,446 [INFO] [MainThread] SKIP  98638573109 — recording not in S3 yet
2026-04-27 19:40:56,447 [WARNING] [retry_7] Connection pool is full, discarding connection: zoom-automation-bucket.s3.amazonaws.com. Connection pool size: 10
2026-04-27 19:40:56,521 [INFO] [MainThread] SKIP  99906293392 — recording not in S3 yet
2026-04-27 19:40:56,523 [INFO] [MainThread] 
=== retry_unfinalized complete ===
  Finalized:     0
  No doc.txt:    0
  Still skipped: 30 (recording not in S3 yet)
  Errors:        0

2026-04-27 19:48:03,277 [INFO] [MainThread] Found credentials from IAM Role: transcript-ec2-role
2026-04-27 19:48:03,385 [INFO] [MainThread] === retry_unfinalized starting ===
2026-04-27 19:48:03,385 [INFO] [MainThread] Scanning temp/live-doc-history/ for unfinalized meetings...
2026-04-27 19:48:03,526 [INFO] [MainThread] Found 174 tracked, 144 finalized, 30 need retry
2026-04-27 19:48:03,526 [INFO] [MainThread] Retrying 30 meetings with 20 parallel workers...
2026-04-27 19:48:04,565 [WARNING] [retry_19] Connection pool is full, discarding connection: zoom-automation-bucket.s3.amazonaws.com. Connection pool size: 10
2026-04-27 19:48:05,324 [WARNING] [retry_17] Connection pool is full, discarding connection: zoom-automation-bucket.s3.amazonaws.com. Connection pool size: 9
2026-04-27 19:48:05,492 [WARNING] [retry_18] Connection pool is full, discarding connection: zoom-automation-bucket.s3.amazonaws.com. Connection pool size: 10
2026-04-27 19:49:32,354 [WARNING] [retry_8] Connection pool is full, discarding connection: zoom-automation-bucket.s3.amazonaws.com. Connection pool size: 10
2026-04-27 19:50:05,502 [WARNING] [retry_11] Connection pool is full, discarding connection: zoom-automation-bucket.s3.amazonaws.com. Connection pool size: 10
2026-04-27 19:50:05,770 [WARNING] [retry_2] Connection pool is full, discarding connection: zoom-automation-bucket.s3.amazonaws.com. Connection pool size: 8
2026-04-27 19:50:37,573 [INFO] [MainThread] SKIP  94858871630 — recording not in S3 yet
2026-04-27 19:50:37,592 [INFO] [MainThread] SKIP  92369469831 — recording not in S3 yet
2026-04-27 19:50:38,463 [INFO] [MainThread] SKIP  95663471161 — recording not in S3 yet
2026-04-27 19:50:39,775 [INFO] [MainThread] SKIP  92299673933 — recording not in S3 yet
2026-04-27 19:50:40,506 [INFO] [MainThread] SKIP  95977949961 — recording not in S3 yet
2026-04-27 19:50:40,761 [INFO] [MainThread] SKIP  94726847638 — recording not in S3 yet
2026-04-27 19:50:41,007 [INFO] [MainThread] SKIP  93503585826 — recording not in S3 yet
2026-04-27 19:50:41,490 [INFO] [MainThread] SKIP  94766687943 — recording not in S3 yet
2026-04-27 19:50:41,798 [INFO] [MainThread] SKIP  91213400875 — recording not in S3 yet
2026-04-27 19:50:42,345 [INFO] [MainThread] SKIP  91889636991 — recording not in S3 yet
2026-04-27 19:50:43,513 [WARNING] [retry_15] Connection pool is full, discarding connection: zoom-automation-bucket.s3.amazonaws.com. Connection pool size: 10
2026-04-27 19:50:43,533 [INFO] [MainThread] SKIP  92540081353 — recording not in S3 yet
2026-04-27 19:50:44,147 [INFO] [MainThread] SKIP  94653986636 — recording not in S3 yet
2026-04-27 19:50:44,423 [INFO] [MainThread] SKIP  92316137806 — recording not in S3 yet
2026-04-27 19:50:44,781 [INFO] [MainThread] SKIP  95356092579 — recording not in S3 yet
2026-04-27 19:50:45,283 [INFO] [MainThread] SKIP  96345204770 — recording not in S3 yet
2026-04-27 19:50:45,606 [INFO] [MainThread] SKIP  95563216968 — recording not in S3 yet
2026-04-27 19:50:45,706 [INFO] [MainThread] SKIP  92457313163 — recording not in S3 yet
2026-04-27 19:50:45,764 [WARNING] [retry_11] Connection pool is full, discarding connection: zoom-automation-bucket.s3.amazonaws.com. Connection pool size: 10
2026-04-27 19:50:45,865 [WARNING] [retry_2] Connection pool is full, discarding connection: zoom-automation-bucket.s3.amazonaws.com. Connection pool size: 10
2026-04-27 19:50:45,980 [WARNING] [retry_12] Connection pool is full, discarding connection: zoom-automation-bucket.s3.amazonaws.com. Connection pool size: 10
2026-04-27 19:50:46,113 [WARNING] [retry_18] Connection pool is full, discarding connection: zoom-automation-bucket.s3.amazonaws.com. Connection pool size: 10
2026-04-27 19:50:46,377 [WARNING] [retry_7] Connection pool is full, discarding connection: zoom-automation-bucket.s3.amazonaws.com. Connection pool size: 10
2026-04-27 19:50:46,789 [INFO] [MainThread] SKIP  96146730458 — recording not in S3 yet
2026-04-27 19:50:47,157 [INFO] [MainThread] SKIP  94837131817 — recording not in S3 yet
2026-04-27 19:50:47,687 [INFO] [MainThread] SKIP  93176533599 — recording not in S3 yet
2026-04-27 19:51:43,789 [WARNING] [retry_2] Connection pool is full, discarding connection: zoom-automation-bucket.s3.amazonaws.com. Connection pool size: 10
2026-04-27 19:51:54,708 [INFO] [MainThread] SKIP  96543965857 — recording not in S3 yet
2026-04-27 19:51:55,267 [INFO] [MainThread] SKIP  96668949659 — recording not in S3 yet
2026-04-27 19:51:56,551 [INFO] [MainThread] SKIP  99107409925 — recording not in S3 yet
2026-04-27 19:51:57,015 [INFO] [MainThread] SKIP  97667590156 — recording not in S3 yet
2026-04-27 19:51:57,048 [WARNING] [retry_16] Connection pool is full, discarding connection: zoom-automation-bucket.s3.amazonaws.com. Connection pool size: 10
2026-04-27 19:51:57,345 [INFO] [MainThread] SKIP  98638573109 — recording not in S3 yet
2026-04-27 19:51:57,347 [INFO] [MainThread] SKIP  96887995933 — recording not in S3 yet
2026-04-27 19:51:57,511 [INFO] [MainThread] SKIP  99759835589 — recording not in S3 yet
2026-04-27 19:51:57,588 [INFO] [MainThread] SKIP  96699554564 — recording not in S3 yet
2026-04-27 19:51:57,590 [WARNING] [retry_1] Connection pool is full, discarding connection: zoom-automation-bucket.s3.amazonaws.com. Connection pool size: 10
2026-04-27 19:51:57,595 [WARNING] [retry_11] Connection pool is full, discarding connection: zoom-automation-bucket.s3.amazonaws.com. Connection pool size: 10
2026-04-27 19:51:57,758 [INFO] [MainThread] SKIP  99906293392 — recording not in S3 yet
2026-04-27 19:51:57,758 [INFO] [MainThread] SKIP  99284838620 — recording not in S3 yet
2026-04-27 19:51:57,760 [INFO] [MainThread] 
=== retry_unfinalized complete ===
  Finalized:     0
  No doc.txt:    0
  Still skipped: 30 (recording not in S3 yet)
  Errors:        0

2026-04-27 19:59:03,287 [INFO] [MainThread] Found credentials from IAM Role: transcript-ec2-role
2026-04-27 19:59:03,396 [INFO] [MainThread] === retry_unfinalized starting ===
2026-04-27 19:59:03,397 [INFO] [MainThread] Scanning temp/live-doc-history/ for unfinalized meetings...
2026-04-27 19:59:03,549 [INFO] [MainThread] Found 180 tracked, 145 finalized, 35 need retry
2026-04-27 19:59:03,550 [INFO] [MainThread] Retrying 35 meetings with 20 parallel workers...
2026-04-27 19:59:04,811 [WARNING] [retry_3] Connection pool is full, discarding connection: zoom-automation-bucket.s3.amazonaws.com. Connection pool size: 10
2026-04-27 19:59:14,062 [WARNING] [retry_14] Connection pool is full, discarding connection: zoom-automation-bucket.s3.amazonaws.com. Connection pool size: 9
2026-04-27 20:00:28,045 [WARNING] [retry_6] Connection pool is full, discarding connection: zoom-automation-bucket.s3.amazonaws.com. Connection pool size: 10
2026-04-27 20:00:31,614 [WARNING] [retry_12] Connection pool is full, discarding connection: zoom-automation-bucket.s3.amazonaws.com. Connection pool size: 10
2026-04-27 20:01:35,466 [INFO] [MainThread] SKIP  93176533599 — recording not in S3 yet
2026-04-27 20:01:36,779 [INFO] [MainThread] SKIP  93503585826 — recording not in S3 yet
2026-04-27 20:01:37,748 [INFO] [MainThread] SKIP  94766687943 — recording not in S3 yet
2026-04-27 20:01:38,137 [INFO] [MainThread] SKIP  92540081353 — recording not in S3 yet
2026-04-27 20:01:39,271 [INFO] [MainThread] SKIP  94653986636 — recording not in S3 yet
2026-04-27 20:01:39,621 [INFO] [MainThread] SKIP  91889636991 — recording not in S3 yet
2026-04-27 20:01:39,957 [INFO] [MainThread] SKIP  92316137806 — recording not in S3 yet
2026-04-27 20:01:40,225 [INFO] [MainThread] SKIP  94837131817 — recording not in S3 yet
2026-04-27 20:01:40,752 [INFO] [MainThread] SKIP  95356092579 — recording not in S3 yet
2026-04-27 20:01:40,956 [INFO] [MainThread] SKIP  96543965857 — recording not in S3 yet
2026-04-27 20:01:41,034 [INFO] [MainThread] SKIP  95563216968 — recording not in S3 yet
2026-04-27 20:01:41,513 [INFO] [MainThread] SKIP  94858871630 — recording not in S3 yet
2026-04-27 20:01:41,935 [INFO] [MainThread] SKIP  95663471161 — recording not in S3 yet
2026-04-27 20:01:42,004 [INFO] [MainThread] SKIP  92457313163 — recording not in S3 yet
2026-04-27 20:01:42,125 [INFO] [MainThread] SKIP  96146730458 — recording not in S3 yet
2026-04-27 20:01:42,630 [INFO] [MainThread] SKIP  96345204770 — recording not in S3 yet
2026-04-27 20:01:42,751 [INFO] [MainThread] SKIP  92299673933 — recording not in S3 yet
2026-04-27 20:01:43,396 [INFO] [MainThread] SKIP  91213400875 — recording not in S3 yet
2026-04-27 20:01:43,505 [INFO] [MainThread] SKIP  94726847638 — recording not in S3 yet
2026-04-27 20:01:43,851 [WARNING] [retry_4] Connection pool is full, discarding connection: zoom-automation-bucket.s3.amazonaws.com. Connection pool size: 10
2026-04-27 20:01:44,205 [WARNING] [retry_8] Connection pool is full, discarding connection: zoom-automation-bucket.s3.amazonaws.com. Connection pool size: 10
2026-04-27 20:01:44,955 [INFO] [MainThread] SKIP  95977949961 — recording not in S3 yet
2026-04-27 20:02:19,025 [WARNING] [retry_5] Connection pool is full, discarding connection: zoom-automation-bucket.s3.amazonaws.com. Connection pool size: 9
2026-04-27 20:03:31,012 [INFO] [MainThread] SKIP  96699554564 — recording not in S3 yet
2026-04-27 20:03:31,752 [INFO] [MainThread] SKIP  96668949659 — recording not in S3 yet
2026-04-27 20:03:32,406 [INFO] [MainThread] SKIP  97148973180 — recording not in S3 yet
2026-04-27 20:03:32,698 [INFO] [MainThread] SKIP  98192404060 — recording not in S3 yet
2026-04-27 20:03:33,577 [INFO] [MainThread] SKIP  97667590156 — recording not in S3 yet
2026-04-27 20:03:33,766 [WARNING] [retry_3] Connection pool is full, discarding connection: zoom-automation-bucket.s3.amazonaws.com. Connection pool size: 10
2026-04-27 20:03:33,772 [WARNING] [retry_19] Connection pool is full, discarding connection: zoom-automation-bucket.s3.amazonaws.com. Connection pool size: 10
2026-04-27 20:03:33,792 [WARNING] [retry_17] Connection pool is full, discarding connection: zoom-automation-bucket.s3.amazonaws.com. Connection pool size: 10
2026-04-27 20:03:33,941 [INFO] [MainThread] SKIP  96763307800 — recording not in S3 yet
2026-04-27 20:03:34,183 [INFO] [MainThread] SKIP  99759835589 — recording not in S3 yet
2026-04-27 20:03:34,216 [INFO] [MainThread] SKIP  98086443987 — recording not in S3 yet
2026-04-27 20:03:34,267 [INFO] [MainThread] SKIP  99906293392 — recording not in S3 yet
2026-04-27 20:03:34,533 [INFO] [MainThread] SKIP  99107409925 — recording not in S3 yet
2026-04-27 20:03:34,549 [WARNING] [retry_13] Connection pool is full, discarding connection: zoom-automation-bucket.s3.amazonaws.com. Connection pool size: 10
2026-04-27 20:03:34,634 [WARNING] [retry_14] Connection pool is full, discarding connection: zoom-automation-bucket.s3.amazonaws.com. Connection pool size: 10
2026-04-27 20:03:34,752 [INFO] [MainThread] SKIP  98443784679 — recording not in S3 yet
2026-04-27 20:03:34,765 [INFO] [MainThread] SKIP  96887995933 — recording not in S3 yet
2026-04-27 20:03:34,841 [INFO] [MainThread] SKIP  98638573109 — recording not in S3 yet
2026-04-27 20:03:34,896 [INFO] [MainThread] SKIP  99284838620 — recording not in S3 yet
2026-04-27 20:03:34,896 [WARNING] [retry_13] Connection pool is full, discarding connection: zoom-automation-bucket.s3.amazonaws.com. Connection pool size: 10
2026-04-27 20:03:34,970 [INFO] [MainThread] SKIP  98379617335 — recording not in S3 yet
2026-04-27 20:03:34,972 [INFO] [MainThread] 
=== retry_unfinalized complete ===
  Finalized:     0
  No doc.txt:    0
  Still skipped: 35 (recording not in S3 yet)
  Errors:        0

2026-04-27 20:09:03,470 [INFO] [MainThread] Found credentials from IAM Role: transcript-ec2-role
2026-04-27 20:09:03,582 [INFO] [MainThread] === retry_unfinalized starting ===
2026-04-27 20:09:03,582 [INFO] [MainThread] Scanning temp/live-doc-history/ for unfinalized meetings...
2026-04-27 20:09:03,771 [INFO] [MainThread] Found 181 tracked, 145 finalized, 36 need retry
2026-04-27 20:09:03,771 [INFO] [MainThread] Retrying 36 meetings with 20 parallel workers...
2026-04-27 20:09:04,596 [WARNING] [retry_12] Connection pool is full, discarding connection: zoom-automation-bucket.s3.amazonaws.com. Connection pool size: 10
2026-04-27 20:09:04,741 [WARNING] [retry_15] Connection pool is full, discarding connection: zoom-automation-bucket.s3.amazonaws.com. Connection pool size: 10
2026-04-27 20:09:04,823 [WARNING] [retry_17] Connection pool is full, discarding connection: zoom-automation-bucket.s3.amazonaws.com. Connection pool size: 10
2026-04-27 20:09:04,828 [WARNING] [retry_4] Connection pool is full, discarding connection: zoom-automation-bucket.s3.amazonaws.com. Connection pool size: 10
2026-04-27 20:09:08,529 [WARNING] [retry_1] Connection pool is full, discarding connection: zoom-automation-bucket.s3.amazonaws.com. Connection pool size: 10
2026-04-27 20:11:37,888 [INFO] [MainThread] SKIP  92299673933 — recording not in S3 yet
2026-04-27 20:11:40,330 [INFO] [MainThread] SKIP  92540081353 — recording not in S3 yet
2026-04-27 20:11:41,258 [WARNING] [retry_9] Connection pool is full, discarding connection: zoom-automation-bucket.s3.amazonaws.com. Connection pool size: 9
2026-04-27 20:11:41,573 [INFO] [MainThread] SKIP  91213400875 — recording not in S3 yet
2026-04-27 20:11:41,847 [INFO] [MainThread] SKIP  95977949961 — recording not in S3 yet
2026-04-27 20:11:42,011 [INFO] [MainThread] SKIP  94858871630 — recording not in S3 yet
2026-04-27 20:11:42,193 [INFO] [MainThread] SKIP  93503585826 — recording not in S3 yet
2026-04-27 20:11:42,558 [INFO] [MainThread] SKIP  95563216968 — recording not in S3 yet
2026-04-27 20:11:42,637 [INFO] [MainThread] SKIP  93176533599 — recording not in S3 yet
2026-04-27 20:11:42,637 [INFO] [MainThread] SKIP  95663471161 — recording not in S3 yet
2026-04-27 20:11:42,754 [INFO] [MainThread] SKIP  94145690671 — recording not in S3 yet
2026-04-27 20:11:42,942 [INFO] [MainThread] SKIP  94766687943 — recording not in S3 yet
2026-04-27 20:11:43,106 [INFO] [MainThread] SKIP  94653986636 — recording not in S3 yet
2026-04-27 20:11:43,654 [INFO] [MainThread] SKIP  92316137806 — recording not in S3 yet
2026-04-27 20:11:43,914 [INFO] [MainThread] SKIP  92457313163 — recording not in S3 yet
2026-04-27 20:11:44,388 [INFO] [MainThread] SKIP  94726847638 — recording not in S3 yet
2026-04-27 20:11:45,517 [INFO] [MainThread] SKIP  95356092579 — recording not in S3 yet
2026-04-27 20:11:45,966 [INFO] [MainThread] SKIP  94837131817 — recording not in S3 yet
2026-04-27 20:11:46,766 [INFO] [MainThread] SKIP  91889636991 — recording not in S3 yet
2026-04-27 20:11:47,936 [INFO] [MainThread] SKIP  96146730458 — recording not in S3 yet
2026-04-27 20:11:48,348 [INFO] [MainThread] SKIP  96345204770 — recording not in S3 yet
2026-04-27 20:11:49,721 [WARNING] [retry_6] Connection pool is full, discarding connection: zoom-automation-bucket.s3.amazonaws.com. Connection pool size: 10
2026-04-27 20:11:49,976 [WARNING] [retry_16] Connection pool is full, discarding connection: zoom-automation-bucket.s3.amazonaws.com. Connection pool size: 9
2026-04-27 20:11:50,018 [WARNING] [retry_15] Connection pool is full, discarding connection: zoom-automation-bucket.s3.amazonaws.com. Connection pool size: 9
2026-04-27 20:12:38,601 [WARNING] [retry_11] Connection pool is full, discarding connection: zoom-automation-bucket.s3.amazonaws.com. Connection pool size: 10
2026-04-27 20:12:38,615 [WARNING] [retry_15] Connection pool is full, discarding connection: zoom-automation-bucket.s3.amazonaws.com. Connection pool size: 10
2026-04-27 20:13:44,318 [INFO] [MainThread] SKIP  97148973180 — recording not in S3 yet
2026-04-27 20:13:44,574 [INFO] [MainThread] SKIP  96543965857 — recording not in S3 yet
2026-04-27 20:13:45,350 [INFO] [MainThread] SKIP  98379617335 — recording not in S3 yet
2026-04-27 20:13:45,823 [WARNING] [retry_10] Connection pool is full, discarding connection: zoom-automation-bucket.s3.amazonaws.com. Connection pool size: 10
2026-04-27 20:13:45,829 [WARNING] [retry_14] Connection pool is full, discarding connection: zoom-automation-bucket.s3.amazonaws.com. Connection pool size: 10
2026-04-27 20:13:46,739 [INFO] [MainThread] SKIP  96668949659 — recording not in S3 yet
2026-04-27 20:13:46,956 [INFO] [MainThread] SKIP  96699554564 — recording not in S3 yet
2026-04-27 20:13:47,211 [INFO] [MainThread] SKIP  99906293392 — recording not in S3 yet
2026-04-27 20:13:47,372 [INFO] [MainThread] SKIP  99759835589 — recording not in S3 yet
2026-04-27 20:13:47,793 [WARNING] [retry_13] Connection pool is full, discarding connection: zoom-automation-bucket.s3.amazonaws.com. Connection pool size: 10
2026-04-27 20:13:47,920 [WARNING] [retry_17] Connection pool is full, discarding connection: zoom-automation-bucket.s3.amazonaws.com. Connection pool size: 9
2026-04-27 20:13:47,941 [INFO] [MainThread] SKIP  97667590156 — recording not in S3 yet
2026-04-27 20:13:48,003 [INFO] [MainThread] SKIP  98086443987 — recording not in S3 yet
2026-04-27 20:13:48,301 [INFO] [MainThread] SKIP  98443784679 — recording not in S3 yet
2026-04-27 20:13:48,381 [INFO] [MainThread] SKIP  96763307800 — recording not in S3 yet
2026-04-27 20:13:48,572 [INFO] [MainThread] SKIP  98192404060 — recording not in S3 yet
2026-04-27 20:13:48,598 [INFO] [MainThread] SKIP  98638573109 — recording not in S3 yet
2026-04-27 20:13:48,704 [INFO] [MainThread] SKIP  99107409925 — recording not in S3 yet
2026-04-27 20:13:48,705 [WARNING] [retry_4] Connection pool is full, discarding connection: zoom-automation-bucket.s3.amazonaws.com. Connection pool size: 10
2026-04-27 20:13:48,783 [INFO] [MainThread] SKIP  99284838620 — recording not in S3 yet
2026-04-27 20:13:48,784 [WARNING] [retry_13] Connection pool is full, discarding connection: zoom-automation-bucket.s3.amazonaws.com. Connection pool size: 10
2026-04-27 20:13:48,858 [INFO] [MainThread] SKIP  96887995933 — recording not in S3 yet
2026-04-27 20:13:48,860 [INFO] [MainThread] 
=== retry_unfinalized complete ===
  Finalized:     0
  No doc.txt:    0
  Still skipped: 36 (recording not in S3 yet)
  Errors:        0

2026-04-27 20:20:01,986 [INFO] [MainThread] Found credentials from IAM Role: transcript-ec2-role
2026-04-27 20:20:02,118 [INFO] [MainThread] === retry_unfinalized starting ===
2026-04-27 20:20:02,118 [INFO] [MainThread] Scanning temp/live-doc-history/ for unfinalized meetings...
2026-04-27 20:20:02,258 [INFO] [MainThread] Found 183 tracked, 146 finalized, 37 need retry
2026-04-27 20:20:02,259 [INFO] [MainThread] Retrying 37 meetings with 20 parallel workers...
2026-04-27 20:20:03,541 [WARNING] [retry_16] Connection pool is full, discarding connection: zoom-automation-bucket.s3.amazonaws.com. Connection pool size: 10
2026-04-27 20:20:03,928 [WARNING] [retry_9] Connection pool is full, discarding connection: zoom-automation-bucket.s3.amazonaws.com. Connection pool size: 9
2026-04-27 20:21:24,048 [WARNING] [retry_13] Connection pool is full, discarding connection: zoom-automation-bucket.s3.amazonaws.com. Connection pool size: 10
2026-04-27 20:22:12,907 [WARNING] [retry_6] Connection pool is full, discarding connection: zoom-automation-bucket.s3.amazonaws.com. Connection pool size: 10
2026-04-27 20:22:13,041 [WARNING] [retry_12] Connection pool is full, discarding connection: zoom-automation-bucket.s3.amazonaws.com. Connection pool size: 10
2026-04-27 20:22:34,257 [INFO] [MainThread] SKIP  94858871630 — recording not in S3 yet
2026-04-27 20:22:35,737 [INFO] [MainThread] SKIP  95977949961 — recording not in S3 yet
2026-04-27 20:22:37,189 [INFO] [MainThread] SKIP  93503585826 — recording not in S3 yet
2026-04-27 20:22:37,419 [INFO] [MainThread] SKIP  91213400875 — recording not in S3 yet
2026-04-27 20:22:37,460 [INFO] [MainThread] SKIP  92540081353 — recording not in S3 yet
2026-04-27 20:22:38,122 [INFO] [MainThread] SKIP  91889636991 — recording not in S3 yet
2026-04-27 20:22:38,203 [INFO] [MainThread] SKIP  94653986636 — recording not in S3 yet
2026-04-27 20:22:38,205 [INFO] [MainThread] SKIP  95356092579 — recording not in S3 yet
2026-04-27 20:22:38,692 [INFO] [MainThread] SKIP  94145690671 — recording not in S3 yet
2026-04-27 20:22:38,803 [INFO] [MainThread] SKIP  94726847638 — recording not in S3 yet
2026-04-27 20:22:38,904 [INFO] [MainThread] SKIP  95563216968 — recording not in S3 yet
2026-04-27 20:22:39,357 [INFO] [MainThread] SKIP  96146730458 — recording not in S3 yet
2026-04-27 20:22:39,483 [INFO] [MainThread] SKIP  94837131817 — recording not in S3 yet
2026-04-27 20:22:40,162 [INFO] [MainThread] SKIP  92457313163 — recording not in S3 yet
2026-04-27 20:22:40,185 [INFO] [MainThread] SKIP  92316137806 — recording not in S3 yet
2026-04-27 20:22:40,555 [INFO] [MainThread] SKIP  95663471161 — recording not in S3 yet
2026-04-27 20:22:40,795 [INFO] [MainThread] SKIP  93176533599 — recording not in S3 yet
2026-04-27 20:22:41,356 [INFO] [MainThread] SKIP  94766687943 — recording not in S3 yet
2026-04-27 20:22:41,767 [INFO] [MainThread] SKIP  92299673933 — recording not in S3 yet
2026-04-27 20:22:42,913 [WARNING] [retry_13] Connection pool is full, discarding connection: zoom-automation-bucket.s3.amazonaws.com. Connection pool size: 10
2026-04-27 20:22:43,802 [INFO] [MainThread] SKIP  96345204770 — recording not in S3 yet
2026-04-27 20:22:45,978 [WARNING] [retry_9] Connection pool is full, discarding connection: zoom-automation-bucket.s3.amazonaws.com. Connection pool size: 9
2026-04-27 20:22:45,992 [WARNING] [retry_16] Connection pool is full, discarding connection: zoom-automation-bucket.s3.amazonaws.com. Connection pool size: 9
2026-04-27 20:23:17,006 [WARNING] [retry_5] Connection pool is full, discarding connection: zoom-automation-bucket.s3.amazonaws.com. Connection pool size: 10
2026-04-27 20:23:34,167 [WARNING] [retry_9] Connection pool is full, discarding connection: zoom-automation-bucket.s3.amazonaws.com. Connection pool size: 10
2026-04-27 20:23:34,572 [WARNING] [retry_13] Connection pool is full, discarding connection: zoom-automation-bucket.s3.amazonaws.com. Connection pool size: 10
2026-04-27 20:24:34,270 [WARNING] [retry_7] Connection pool is full, discarding connection: zoom-automation-bucket.s3.amazonaws.com. Connection pool size: 10
2026-04-27 20:24:47,809 [INFO] [MainThread] SKIP  97424650070 — recording not in S3 yet
2026-04-27 20:24:49,580 [INFO] [MainThread] SKIP  96699554564 — recording not in S3 yet
2026-04-27 20:24:49,920 [INFO] [MainThread] SKIP  96763307800 — recording not in S3 yet
2026-04-27 20:24:49,955 [INFO] [MainThread] SKIP  96887995933 — recording not in S3 yet
2026-04-27 20:24:50,122 [INFO] [MainThread] SKIP  98086443987 — recording not in S3 yet
2026-04-27 20:24:50,239 [WARNING] [retry_9] Connection pool is full, discarding connection: zoom-automation-bucket.s3.amazonaws.com. Connection pool size: 10
2026-04-27 20:24:50,428 [WARNING] [retry_5] Connection pool is full, discarding connection: zoom-automation-bucket.s3.amazonaws.com. Connection pool size: 10
2026-04-27 20:24:50,979 [INFO] [MainThread] SKIP  97694056621 — recording not in S3 yet
2026-04-27 20:24:51,251 [INFO] [MainThread] SKIP  97667590156 — recording not in S3 yet
2026-04-27 20:24:52,304 [INFO] [MainThread] SKIP  98379617335 — recording not in S3 yet
2026-04-27 20:24:52,510 [INFO] [MainThread] SKIP  97148973180 — recording not in S3 yet
2026-04-27 20:24:52,817 [WARNING] [retry_3] Connection pool is full, discarding connection: zoom-automation-bucket.s3.amazonaws.com. Connection pool size: 10
2026-04-27 20:24:53,014 [INFO] [MainThread] SKIP  96668949659 — recording not in S3 yet
2026-04-27 20:24:53,172 [INFO] [MainThread] SKIP  98192404060 — recording not in S3 yet
2026-04-27 20:24:53,498 [INFO] [MainThread] SKIP  98638573109 — recording not in S3 yet
2026-04-27 20:24:53,572 [INFO] [MainThread] SKIP  99284838620 — recording not in S3 yet
2026-04-27 20:24:53,572 [INFO] [MainThread] SKIP  99906293392 — recording not in S3 yet
2026-04-27 20:24:53,574 [WARNING] [retry_16] Connection pool is full, discarding connection: zoom-automation-bucket.s3.amazonaws.com. Connection pool size: 10
2026-04-27 20:24:53,620 [WARNING] [retry_18] Connection pool is full, discarding connection: zoom-automation-bucket.s3.amazonaws.com. Connection pool size: 10
2026-04-27 20:24:53,779 [INFO] [MainThread] SKIP  98443784679 — recording not in S3 yet
2026-04-27 20:24:53,864 [WARNING] [retry_16] Connection pool is full, discarding connection: zoom-automation-bucket.s3.amazonaws.com. Connection pool size: 10
2026-04-27 20:24:54,076 [INFO] [MainThread] SKIP  99759835589 — recording not in S3 yet
2026-04-27 20:24:54,186 [INFO] [MainThread] SKIP  99107409925 — recording not in S3 yet
2026-04-27 20:24:54,188 [INFO] [MainThread] 
=== retry_unfinalized complete ===
  Finalized:     0
  No doc.txt:    0
  Still skipped: 37 (recording not in S3 yet)
  Errors:        0

2026-04-27 20:30:02,358 [INFO] [MainThread] Found credentials from IAM Role: transcript-ec2-role
2026-04-27 20:30:02,469 [INFO] [MainThread] === retry_unfinalized starting ===
2026-04-27 20:30:02,469 [INFO] [MainThread] Scanning temp/live-doc-history/ for unfinalized meetings...
2026-04-27 20:30:02,646 [INFO] [MainThread] Found 185 tracked, 147 finalized, 38 need retry
2026-04-27 20:30:02,646 [INFO] [MainThread] Retrying 38 meetings with 20 parallel workers...
2026-04-27 20:30:04,221 [WARNING] [retry_1] Connection pool is full, discarding connection: zoom-automation-bucket.s3.amazonaws.com. Connection pool size: 10
2026-04-27 20:31:02,414 [WARNING] [retry_15] Connection pool is full, discarding connection: zoom-automation-bucket.s3.amazonaws.com. Connection pool size: 10
2026-04-27 20:31:02,755 [WARNING] [retry_0] Connection pool is full, discarding connection: zoom-automation-bucket.s3.amazonaws.com. Connection pool size: 9
2026-04-27 20:32:02,001 [WARNING] [retry_1] Connection pool is full, discarding connection: zoom-automation-bucket.s3.amazonaws.com. Connection pool size: 10
2026-04-27 20:32:02,081 [WARNING] [retry_2] Connection pool is full, discarding connection: zoom-automation-bucket.s3.amazonaws.com. Connection pool size: 10
2026-04-27 20:32:31,641 [INFO] [MainThread] SKIP  92457313163 — recording not in S3 yet
2026-04-27 20:32:32,550 [INFO] [MainThread] SKIP  91213400875 — recording not in S3 yet
2026-04-27 20:32:34,299 [WARNING] [retry_4] Connection pool is full, discarding connection: zoom-automation-bucket.s3.amazonaws.com. Connection pool size: 7
2026-04-27 20:32:35,309 [INFO] [MainThread] SKIP  94858871630 — recording not in S3 yet
2026-04-27 20:32:36,082 [INFO] [MainThread] SKIP  93176533599 — recording not in S3 yet
2026-04-27 20:32:37,256 [INFO] [MainThread] SKIP  94145690671 — recording not in S3 yet
2026-04-27 20:32:37,882 [INFO] [MainThread] SKIP  92299673933 — recording not in S3 yet
2026-04-27 20:32:39,034 [INFO] [MainThread] SKIP  94837131817 — recording not in S3 yet
2026-04-27 20:32:39,040 [INFO] [MainThread] SKIP  95977949961 — recording not in S3 yet
2026-04-27 20:32:39,618 [INFO] [MainThread] SKIP  95663471161 — recording not in S3 yet
2026-04-27 20:32:39,703 [INFO] [MainThread] SKIP  93503585826 — recording not in S3 yet
2026-04-27 20:32:39,888 [INFO] [MainThread] SKIP  95356092579 — recording not in S3 yet
2026-04-27 20:32:39,907 [INFO] [MainThread] SKIP  94766687943 — recording not in S3 yet
2026-04-27 20:32:39,928 [INFO] [MainThread] SKIP  92540081353 — recording not in S3 yet
2026-04-27 20:32:40,328 [INFO] [MainThread] SKIP  94653986636 — recording not in S3 yet
2026-04-27 20:32:40,466 [INFO] [MainThread] SKIP  92316137806 — recording not in S3 yet
2026-04-27 20:32:41,274 [INFO] [MainThread] SKIP  95563216968 — recording not in S3 yet
2026-04-27 20:32:42,092 [INFO] [MainThread] SKIP  94726847638 — recording not in S3 yet
2026-04-27 20:32:43,584 [INFO] [MainThread] SKIP  96668949659 — recording not in S3 yet
2026-04-27 20:32:43,957 [INFO] [MainThread] SKIP  91889636991 — recording not in S3 yet
2026-04-27 20:32:45,037 [INFO] [MainThread] SKIP  96146730458 — recording not in S3 yet
2026-04-27 20:32:58,900 [WARNING] [retry_14] Connection pool is full, discarding connection: zoom-automation-bucket.s3.amazonaws.com. Connection pool size: 10
2026-04-27 20:34:11,792 [WARNING] [retry_0] Connection pool is full, discarding connection: zoom-automation-bucket.s3.amazonaws.com. Connection pool size: 9
2026-04-27 20:34:55,166 [INFO] [MainThread] SKIP  98192404060 — recording not in S3 yet
2026-04-27 20:34:56,578 [INFO] [MainThread] SKIP  96763307800 — recording not in S3 yet
2026-04-27 20:34:56,646 [INFO] [MainThread] SKIP  96699554564 — recording not in S3 yet
2026-04-27 20:34:57,213 [INFO] [MainThread] SKIP  97694056621 — recording not in S3 yet
2026-04-27 20:34:57,493 [INFO] [MainThread] SKIP  97148973180 — recording not in S3 yet
2026-04-27 20:34:57,615 [WARNING] [retry_3] Connection pool is full, discarding connection: zoom-automation-bucket.s3.amazonaws.com. Connection pool size: 10
2026-04-27 20:34:57,647 [WARNING] [retry_9] Connection pool is full, discarding connection: zoom-automation-bucket.s3.amazonaws.com. Connection pool size: 10
2026-04-27 20:34:57,818 [WARNING] [retry_14] Connection pool is full, discarding connection: zoom-automation-bucket.s3.amazonaws.com. Connection pool size: 9
2026-04-27 20:34:57,980 [INFO] [MainThread] SKIP  96887995933 — recording not in S3 yet
2026-04-27 20:34:58,175 [INFO] [MainThread] SKIP  99107409925 — recording not in S3 yet
2026-04-27 20:34:58,186 [INFO] [MainThread] SKIP  97424650070 — recording not in S3 yet
2026-04-27 20:34:59,496 [INFO] [MainThread] SKIP  97667590156 — recording not in S3 yet
2026-04-27 20:34:59,639 [INFO] [MainThread] SKIP  99284838620 — recording not in S3 yet
2026-04-27 20:35:00,096 [INFO] [MainThread] SKIP  98086443987 — recording not in S3 yet
2026-04-27 20:35:00,159 [WARNING] [retry_15] Connection pool is full, discarding connection: zoom-automation-bucket.s3.amazonaws.com. Connection pool size: 10
2026-04-27 20:35:00,361 [INFO] [MainThread] SKIP  99759835589 — recording not in S3 yet
2026-04-27 20:35:00,450 [WARNING] [retry_19] Connection pool is full, discarding connection: zoom-automation-bucket.s3.amazonaws.com. Connection pool size: 10
2026-04-27 20:35:00,479 [INFO] [MainThread] SKIP  99523404367 — recording not in S3 yet
2026-04-27 20:35:00,574 [INFO] [MainThread] SKIP  98638573109 — recording not in S3 yet
2026-04-27 20:35:00,776 [INFO] [MainThread] SKIP  98251548710 — recording not in S3 yet
2026-04-27 20:35:00,815 [INFO] [MainThread] SKIP  98379617335 — recording not in S3 yet
2026-04-27 20:35:00,815 [WARNING] [retry_19] Connection pool is full, discarding connection: zoom-automation-bucket.s3.amazonaws.com. Connection pool size: 10
2026-04-27 20:35:00,919 [INFO] [MainThread] SKIP  98443784679 — recording not in S3 yet
2026-04-27 20:35:00,923 [WARNING] [retry_19] Connection pool is full, discarding connection: zoom-automation-bucket.s3.amazonaws.com. Connection pool size: 10
2026-04-27 20:35:00,995 [INFO] [MainThread] SKIP  99906293392 — recording not in S3 yet
2026-04-27 20:35:00,997 [INFO] [MainThread] 
=== retry_unfinalized complete ===
  Finalized:     0
  No doc.txt:    0
  Still skipped: 38 (recording not in S3 yet)
  Errors:        0

2026-04-27 20:40:03,261 [INFO] [MainThread] Found credentials from IAM Role: transcript-ec2-role
2026-04-27 20:40:03,369 [INFO] [MainThread] === retry_unfinalized starting ===
2026-04-27 20:40:03,369 [INFO] [MainThread] Scanning temp/live-doc-history/ for unfinalized meetings...
2026-04-27 20:40:03,523 [INFO] [MainThread] Found 185 tracked, 148 finalized, 37 need retry
2026-04-27 20:40:03,523 [INFO] [MainThread] Retrying 37 meetings with 20 parallel workers...
2026-04-27 20:40:04,795 [WARNING] [retry_7] Connection pool is full, discarding connection: zoom-automation-bucket.s3.amazonaws.com. Connection pool size: 10
2026-04-27 20:40:04,795 [WARNING] [retry_2] Connection pool is full, discarding connection: zoom-automation-bucket.s3.amazonaws.com. Connection pool size: 10
2026-04-27 20:40:04,987 [WARNING] [retry_17] Connection pool is full, discarding connection: zoom-automation-bucket.s3.amazonaws.com. Connection pool size: 10
2026-04-27 20:40:05,179 [WARNING] [retry_14] Connection pool is full, discarding connection: zoom-automation-bucket.s3.amazonaws.com. Connection pool size: 9
2026-04-27 20:41:01,249 [WARNING] [retry_13] Connection pool is full, discarding connection: zoom-automation-bucket.s3.amazonaws.com. Connection pool size: 10
2026-04-27 20:41:39,278 [WARNING] [retry_7] Connection pool is full, discarding connection: zoom-automation-bucket.s3.amazonaws.com. Connection pool size: 8
2026-04-27 20:42:37,351 [INFO] [MainThread] SKIP  95356092579 — recording not in S3 yet
2026-04-27 20:42:37,385 [INFO] [MainThread] SKIP  94837131817 — recording not in S3 yet
2026-04-27 20:42:38,424 [INFO] [MainThread] SKIP  96699554564 — recording not in S3 yet
2026-04-27 20:42:38,574 [INFO] [MainThread] SKIP  94145690671 — recording not in S3 yet
2026-04-27 20:42:38,794 [INFO] [MainThread] SKIP  94766687943 — recording not in S3 yet
2026-04-27 20:42:39,389 [INFO] [MainThread] SKIP  91889636991 — recording not in S3 yet
2026-04-27 20:42:39,687 [INFO] [MainThread] SKIP  94726847638 — recording not in S3 yet
2026-04-27 20:42:39,877 [INFO] [MainThread] SKIP  96146730458 — recording not in S3 yet
2026-04-27 20:42:40,106 [INFO] [MainThread] SKIP  93503585826 — recording not in S3 yet
2026-04-27 20:42:40,324 [INFO] [MainThread] SKIP  91213400875 — recording not in S3 yet
2026-04-27 20:42:40,324 [INFO] [MainThread] SKIP  92457313163 — recording not in S3 yet
2026-04-27 20:42:41,213 [INFO] [MainThread] SKIP  92299673933 — recording not in S3 yet
2026-04-27 20:42:41,488 [INFO] [MainThread] SKIP  96668949659 — recording not in S3 yet
2026-04-27 20:42:41,696 [INFO] [MainThread] SKIP  92540081353 — recording not in S3 yet
2026-04-27 20:42:42,230 [INFO] [MainThread] SKIP  95663471161 — recording not in S3 yet
2026-04-27 20:42:42,948 [INFO] [MainThread] SKIP  94858871630 — recording not in S3 yet
2026-04-27 20:42:44,480 [INFO] [MainThread] SKIP  95563216968 — recording not in S3 yet
2026-04-27 20:42:44,537 [INFO] [MainThread] SKIP  94653986636 — recording not in S3 yet
2026-04-27 20:42:44,902 [INFO] [MainThread] SKIP  92316137806 — recording not in S3 yet
2026-04-27 20:42:45,853 [INFO] [MainThread] SKIP  93176533599 — recording not in S3 yet
2026-04-27 20:43:06,838 [WARNING] [retry_10] Connection pool is full, discarding connection: zoom-automation-bucket.s3.amazonaws.com. Connection pool size: 10
2026-04-27 20:43:32,755 [WARNING] [retry_7] Connection pool is full, discarding connection: zoom-automation-bucket.s3.amazonaws.com. Connection pool size: 10
2026-04-27 20:44:47,988 [INFO] [MainThread] SKIP  96887995933 — recording not in S3 yet
2026-04-27 20:44:48,960 [INFO] [MainThread] SKIP  99107409925 — recording not in S3 yet
2026-04-27 20:44:49,325 [INFO] [MainThread] SKIP  97148973180 — recording not in S3 yet
2026-04-27 20:44:49,973 [WARNING] [retry_5] Connection pool is full, discarding connection: zoom-automation-bucket.s3.amazonaws.com. Connection pool size: 10
2026-04-27 20:44:50,076 [INFO] [MainThread] SKIP  97667590156 — recording not in S3 yet
2026-04-27 20:44:50,155 [INFO] [MainThread] SKIP  98638573109 — recording not in S3 yet
2026-04-27 20:44:50,623 [INFO] [MainThread] SKIP  97424650070 — recording not in S3 yet
2026-04-27 20:44:51,258 [INFO] [MainThread] SKIP  98251548710 — recording not in S3 yet
2026-04-27 20:44:51,291 [INFO] [MainThread] SKIP  98086443987 — recording not in S3 yet
2026-04-27 20:44:51,390 [WARNING] [retry_17] Connection pool is full, discarding connection: zoom-automation-bucket.s3.amazonaws.com. Connection pool size: 10
2026-04-27 20:44:51,540 [WARNING] [retry_14] Connection pool is full, discarding connection: zoom-automation-bucket.s3.amazonaws.com. Connection pool size: 10
2026-04-27 20:44:51,653 [WARNING] [retry_13] Connection pool is full, discarding connection: zoom-automation-bucket.s3.amazonaws.com. Connection pool size: 8
2026-04-27 20:44:52,128 [INFO] [MainThread] SKIP  96763307800 — recording not in S3 yet
2026-04-27 20:44:52,139 [WARNING] [retry_15] Connection pool is full, discarding connection: zoom-automation-bucket.s3.amazonaws.com. Connection pool size: 10
2026-04-27 20:44:52,149 [INFO] [MainThread] SKIP  98443784679 — recording not in S3 yet
2026-04-27 20:44:52,616 [INFO] [MainThread] SKIP  99523404367 — recording not in S3 yet
2026-04-27 20:44:52,934 [INFO] [MainThread] SKIP  99284838620 — recording not in S3 yet
2026-04-27 20:44:52,983 [INFO] [MainThread] SKIP  99906293392 — recording not in S3 yet
2026-04-27 20:44:53,087 [INFO] [MainThread] SKIP  98379617335 — recording not in S3 yet
2026-04-27 20:44:53,160 [WARNING] [retry_1] Connection pool is full, discarding connection: zoom-automation-bucket.s3.amazonaws.com. Connection pool size: 10
2026-04-27 20:44:53,239 [INFO] [MainThread] SKIP  99759835589 — recording not in S3 yet
2026-04-27 20:44:53,284 [INFO] [MainThread] SKIP  97694056621 — recording not in S3 yet
2026-04-27 20:44:53,287 [WARNING] [retry_17] Connection pool is full, discarding connection: zoom-automation-bucket.s3.amazonaws.com. Connection pool size: 10
2026-04-27 20:44:53,359 [INFO] [MainThread] SKIP  98192404060 — recording not in S3 yet
2026-04-27 20:44:53,361 [INFO] [MainThread] 
=== retry_unfinalized complete ===
  Finalized:     0
  No doc.txt:    0
  Still skipped: 37 (recording not in S3 yet)
  Errors:        0

2026-04-27 20:50:49,167 [INFO] [MainThread] Found credentials from IAM Role: transcript-ec2-role
2026-04-27 20:50:49,278 [INFO] [MainThread] === retry_unfinalized starting ===
2026-04-27 20:50:49,278 [INFO] [MainThread] Scanning temp/live-doc-history/ for unfinalized meetings...
2026-04-27 20:50:49,425 [INFO] [MainThread] Found 187 tracked, 148 finalized, 39 need retry
2026-04-27 20:50:49,425 [INFO] [MainThread] Retrying 39 meetings with 20 parallel workers...
2026-04-27 20:50:50,463 [WARNING] [retry_13] Connection pool is full, discarding connection: zoom-automation-bucket.s3.amazonaws.com. Connection pool size: 10
2026-04-27 20:50:50,586 [WARNING] [retry_10] Connection pool is full, discarding connection: zoom-automation-bucket.s3.amazonaws.com. Connection pool size: 10
2026-04-27 20:50:50,874 [WARNING] [retry_11] Connection pool is full, discarding connection: zoom-automation-bucket.s3.amazonaws.com. Connection pool size: 10
2026-04-27 20:50:51,159 [WARNING] [retry_3] Connection pool is full, discarding connection: zoom-automation-bucket.s3.amazonaws.com. Connection pool size: 8
2026-04-27 20:52:49,041 [WARNING] [retry_2] Connection pool is full, discarding connection: zoom-automation-bucket.s3.amazonaws.com. Connection pool size: 10
2026-04-27 20:52:49,137 [WARNING] [retry_3] Connection pool is full, discarding connection: zoom-automation-bucket.s3.amazonaws.com. Connection pool size: 10
2026-04-27 20:52:49,301 [WARNING] [retry_4] Connection pool is full, discarding connection: zoom-automation-bucket.s3.amazonaws.com. Connection pool size: 10
2026-04-27 20:53:24,649 [INFO] [MainThread] SKIP  94837131817 — recording not in S3 yet
2026-04-27 20:53:24,819 [INFO] [MainThread] SKIP  91889636991 — recording not in S3 yet
2026-04-27 20:53:25,612 [INFO] [MainThread] SKIP  91213400875 — recording not in S3 yet
2026-04-27 20:53:25,993 [INFO] [MainThread] SKIP  92540081353 — recording not in S3 yet
2026-04-27 20:53:26,045 [INFO] [MainThread] SKIP  95563216968 — recording not in S3 yet
2026-04-27 20:53:27,091 [INFO] [MainThread] SKIP  92316137806 — recording not in S3 yet
2026-04-27 20:53:27,694 [INFO] [MainThread] SKIP  94726847638 — recording not in S3 yet
2026-04-27 20:53:29,131 [WARNING] [retry_14] Connection pool is full, discarding connection: zoom-automation-bucket.s3.amazonaws.com. Connection pool size: 10
2026-04-27 20:53:29,148 [WARNING] [retry_3] Connection pool is full, discarding connection: zoom-automation-bucket.s3.amazonaws.com. Connection pool size: 10
2026-04-27 20:53:29,817 [INFO] [MainThread] SKIP  94145690671 — recording not in S3 yet
2026-04-27 20:53:29,840 [INFO] [MainThread] SKIP  94499140941 — recording not in S3 yet
2026-04-27 20:53:29,893 [INFO] [MainThread] SKIP  92457313163 — recording not in S3 yet
2026-04-27 20:53:30,074 [INFO] [MainThread] SKIP  96146730458 — recording not in S3 yet
2026-04-27 20:53:30,111 [INFO] [MainThread] SKIP  95663471161 — recording not in S3 yet
2026-04-27 20:53:30,195 [INFO] [MainThread] SKIP  93503585826 — recording not in S3 yet
2026-04-27 20:53:30,505 [INFO] [MainThread] SKIP  93176533599 — recording not in S3 yet
2026-04-27 20:53:31,115 [INFO] [MainThread] SKIP  95356092579 — recording not in S3 yet
2026-04-27 20:53:31,464 [INFO] [MainThread] SKIP  94858871630 — recording not in S3 yet
2026-04-27 20:53:31,684 [INFO] [MainThread] SKIP  94766687943 — recording not in S3 yet
2026-04-27 20:53:31,800 [INFO] [MainThread] SKIP  96668949659 — recording not in S3 yet
2026-04-27 20:53:32,034 [INFO] [MainThread] SKIP  92299673933 — recording not in S3 yet
2026-04-27 20:53:32,788 [INFO] [MainThread] SKIP  94653986636 — recording not in S3 yet
2026-04-27 20:53:42,658 [WARNING] [retry_14] Connection pool is full, discarding connection: zoom-automation-bucket.s3.amazonaws.com. Connection pool size: 10
2026-04-27 20:53:42,785 [WARNING] [retry_18] Connection pool is full, discarding connection: zoom-automation-bucket.s3.amazonaws.com. Connection pool size: 7
2026-04-27 20:55:34,221 [WARNING] [retry_6] Connection pool is full, discarding connection: zoom-automation-bucket.s3.amazonaws.com. Connection pool size: 10
2026-04-27 20:55:57,551 [INFO] [MainThread] SKIP  97148973180 — recording not in S3 yet
2026-04-27 20:56:00,120 [WARNING] [retry_4] Connection pool is full, discarding connection: zoom-automation-bucket.s3.amazonaws.com. Connection pool size: 10
2026-04-27 20:56:00,184 [INFO] [MainThread] SKIP  97424650070 — recording not in S3 yet
2026-04-27 20:56:00,200 [WARNING] [retry_17] Connection pool is full, discarding connection: zoom-automation-bucket.s3.amazonaws.com. Connection pool size: 10
2026-04-27 20:56:00,213 [WARNING] [retry_0] Connection pool is full, discarding connection: zoom-automation-bucket.s3.amazonaws.com. Connection pool size: 10
2026-04-27 20:56:00,237 [INFO] [MainThread] SKIP  96763307800 — recording not in S3 yet
2026-04-27 20:56:00,238 [WARNING] [retry_7] Connection pool is full, discarding connection: zoom-automation-bucket.s3.amazonaws.com. Connection pool size: 10
2026-04-27 20:56:00,308 [WARNING] [retry_3] Connection pool is full, discarding connection: zoom-automation-bucket.s3.amazonaws.com. Connection pool size: 10
2026-04-27 20:56:00,333 [WARNING] [retry_15] Connection pool is full, discarding connection: zoom-automation-bucket.s3.amazonaws.com. Connection pool size: 10
2026-04-27 20:56:01,208 [INFO] [MainThread] SKIP  96887995933 — recording not in S3 yet
2026-04-27 20:56:01,242 [INFO] [MainThread] SKIP  98192404060 — recording not in S3 yet
2026-04-27 20:56:01,415 [INFO] [MainThread] SKIP  99523404367 — recording not in S3 yet
2026-04-27 20:56:01,644 [INFO] [MainThread] SKIP  98251548710 — recording not in S3 yet
2026-04-27 20:56:02,145 [INFO] [MainThread] SKIP  99107409925 — recording not in S3 yet
2026-04-27 20:56:02,170 [INFO] [MainThread] SKIP  98443784679 — recording not in S3 yet
2026-04-27 20:56:02,864 [INFO] [MainThread] SKIP  97694056621 — recording not in S3 yet
2026-04-27 20:56:02,905 [INFO] [MainThread] SKIP  96699554564 — recording not in S3 yet
2026-04-27 20:56:03,408 [INFO] [MainThread] SKIP  98086443987 — recording not in S3 yet
2026-04-27 20:56:03,427 [INFO] [MainThread] SKIP  97667590156 — recording not in S3 yet
2026-04-27 20:56:03,490 [INFO] [MainThread] SKIP  98638573109 — recording not in S3 yet
2026-04-27 20:56:03,535 [INFO] [MainThread] SKIP  98379617335 — recording not in S3 yet
2026-04-27 20:56:03,658 [WARNING] [retry_2] Connection pool is full, discarding connection: zoom-automation-bucket.s3.amazonaws.com. Connection pool size: 10
2026-04-27 20:56:03,692 [INFO] [MainThread] SKIP  99284838620 — recording not in S3 yet
2026-04-27 20:56:03,722 [INFO] [MainThread] SKIP  97773644177 — recording not in S3 yet
2026-04-27 20:56:03,776 [INFO] [MainThread] SKIP  99906293392 — recording not in S3 yet
2026-04-27 20:56:03,776 [WARNING] [retry_19] Connection pool is full, discarding connection: zoom-automation-bucket.s3.amazonaws.com. Connection pool size: 10
2026-04-27 20:56:04,148 [INFO] [MainThread] SKIP  99759835589 — recording not in S3 yet
2026-04-27 20:56:04,150 [INFO] [MainThread] 
=== retry_unfinalized complete ===
  Finalized:     0
  No doc.txt:    0
  Still skipped: 39 (recording not in S3 yet)
  Errors:        0

2026-04-27 21:01:03,249 [INFO] [MainThread] Found credentials from IAM Role: transcript-ec2-role
2026-04-27 21:01:03,355 [INFO] [MainThread] === retry_unfinalized starting ===
2026-04-27 21:01:03,355 [INFO] [MainThread] Scanning temp/live-doc-history/ for unfinalized meetings...
2026-04-27 21:01:03,508 [INFO] [MainThread] Found 189 tracked, 153 finalized, 36 need retry
2026-04-27 21:01:03,508 [INFO] [MainThread] Retrying 36 meetings with 20 parallel workers...
2026-04-27 21:01:04,360 [WARNING] [retry_10] Connection pool is full, discarding connection: zoom-automation-bucket.s3.amazonaws.com. Connection pool size: 10
2026-04-27 21:01:04,451 [WARNING] [retry_15] Connection pool is full, discarding connection: zoom-automation-bucket.s3.amazonaws.com. Connection pool size: 10
2026-04-27 21:03:21,144 [WARNING] [retry_16] Connection pool is full, discarding connection: zoom-automation-bucket.s3.amazonaws.com. Connection pool size: 8
2026-04-27 21:03:36,499 [INFO] [MainThread] SKIP  92914783586 — recording not in S3 yet
2026-04-27 21:03:37,490 [INFO] [MainThread] SKIP  93503585826 — recording not in S3 yet
2026-04-27 21:03:37,549 [INFO] [MainThread] SKIP  94366184566 — recording not in S3 yet
2026-04-27 21:03:37,637 [INFO] [MainThread] SKIP  92316137806 — recording not in S3 yet
2026-04-27 21:03:37,742 [INFO] [MainThread] SKIP  92540081353 — recording not in S3 yet
2026-04-27 21:03:38,821 [INFO] [MainThread] SKIP  94858871630 — recording not in S3 yet
2026-04-27 21:03:39,353 [INFO] [MainThread] SKIP  95663471161 — recording not in S3 yet
2026-04-27 21:03:39,725 [WARNING] [retry_12] Connection pool is full, discarding connection: zoom-automation-bucket.s3.amazonaws.com. Connection pool size: 8
2026-04-27 21:03:40,156 [INFO] [MainThread] SKIP  95563216968 — recording not in S3 yet
2026-04-27 21:03:40,299 [INFO] [MainThread] SKIP  94837131817 — recording not in S3 yet
2026-04-27 21:03:40,361 [INFO] [MainThread] SKIP  91213400875 — recording not in S3 yet
2026-04-27 21:03:40,477 [INFO] [MainThread] SKIP  94726847638 — recording not in S3 yet
2026-04-27 21:03:40,767 [INFO] [MainThread] SKIP  96668949659 — recording not in S3 yet
2026-04-27 21:03:41,256 [INFO] [MainThread] SKIP  96699554564 — recording not in S3 yet
2026-04-27 21:03:41,324 [INFO] [MainThread] SKIP  94499140941 — recording not in S3 yet
2026-04-27 21:03:41,589 [INFO] [MainThread] SKIP  96146730458 — recording not in S3 yet
2026-04-27 21:03:42,365 [INFO] [MainThread] SKIP  93176533599 — recording not in S3 yet
2026-04-27 21:03:43,048 [INFO] [MainThread] SKIP  95356092579 — recording not in S3 yet
2026-04-27 21:03:43,278 [INFO] [MainThread] SKIP  92457313163 — recording not in S3 yet
2026-04-27 21:03:43,426 [INFO] [MainThread] SKIP  94766687943 — recording not in S3 yet
2026-04-27 21:03:45,198 [WARNING] [retry_7] Connection pool is full, discarding connection: zoom-automation-bucket.s3.amazonaws.com. Connection pool size: 10
2026-04-27 21:03:45,407 [WARNING] [retry_18] Connection pool is full, discarding connection: zoom-automation-bucket.s3.amazonaws.com. Connection pool size: 10
2026-04-27 21:03:45,597 [INFO] [MainThread] SKIP  91889636991 — recording not in S3 yet
2026-04-27 21:05:38,102 [INFO] [MainThread] SKIP  98086443987 — recording not in S3 yet
2026-04-27 21:05:41,640 [INFO] [MainThread] SKIP  98251548710 — recording not in S3 yet
2026-04-27 21:05:41,958 [INFO] [MainThread] SKIP  96763307800 — recording not in S3 yet
2026-04-27 21:05:42,291 [INFO] [MainThread] SKIP  96887995933 — recording not in S3 yet
2026-04-27 21:05:42,660 [WARNING] [retry_6] Connection pool is full, discarding connection: zoom-automation-bucket.s3.amazonaws.com. Connection pool size: 10
2026-04-27 21:05:42,905 [INFO] [MainThread] SKIP  97148973180 — recording not in S3 yet
2026-04-27 21:05:43,193 [INFO] [MainThread] SKIP  98443784679 — recording not in S3 yet
2026-04-27 21:05:43,299 [WARNING] [retry_9] Connection pool is full, discarding connection: zoom-automation-bucket.s3.amazonaws.com. Connection pool size: 10
2026-04-27 21:05:43,614 [INFO] [MainThread] SKIP  97667590156 — recording not in S3 yet
2026-04-27 21:05:43,950 [INFO] [MainThread] SKIP  97694056621 — recording not in S3 yet
2026-04-27 21:05:44,144 [INFO] [MainThread] SKIP  99523404367 — recording not in S3 yet
2026-04-27 21:05:44,160 [WARNING] [retry_6] Connection pool is full, discarding connection: zoom-automation-bucket.s3.amazonaws.com. Connection pool size: 10
2026-04-27 21:05:44,277 [INFO] [MainThread] SKIP  98638573109 — recording not in S3 yet
2026-04-27 21:05:44,371 [WARNING] [retry_16] Connection pool is full, discarding connection: zoom-automation-bucket.s3.amazonaws.com. Connection pool size: 10
2026-04-27 21:05:44,496 [INFO] [MainThread] SKIP  97424650070 — recording not in S3 yet
2026-04-27 21:05:44,496 [WARNING] [retry_19] Connection pool is full, discarding connection: zoom-automation-bucket.s3.amazonaws.com. Connection pool size: 10
2026-04-27 21:05:44,553 [INFO] [MainThread] SKIP  98379617335 — recording not in S3 yet
2026-04-27 21:05:44,649 [INFO] [MainThread] SKIP  97773644177 — recording not in S3 yet
2026-04-27 21:05:45,015 [INFO] [MainThread] SKIP  99906293392 — recording not in S3 yet
2026-04-27 21:05:45,121 [INFO] [MainThread] SKIP  99284838620 — recording not in S3 yet
2026-04-27 21:05:45,125 [WARNING] [retry_17] Connection pool is full, discarding connection: zoom-automation-bucket.s3.amazonaws.com. Connection pool size: 10
2026-04-27 21:05:45,198 [INFO] [MainThread] SKIP  99759835589 — recording not in S3 yet
2026-04-27 21:05:45,200 [INFO] [MainThread] 
=== retry_unfinalized complete ===
  Finalized:     0
  No doc.txt:    0
  Still skipped: 36 (recording not in S3 yet)
  Errors:        0

2026-04-27 21:11:03,272 [INFO] [MainThread] Found credentials from IAM Role: transcript-ec2-role
2026-04-27 21:11:03,381 [INFO] [MainThread] === retry_unfinalized starting ===
2026-04-27 21:11:03,382 [INFO] [MainThread] Scanning temp/live-doc-history/ for unfinalized meetings...
2026-04-27 21:11:03,537 [INFO] [MainThread] Found 189 tracked, 162 finalized, 27 need retry
2026-04-27 21:11:03,537 [INFO] [MainThread] Retrying 27 meetings with 20 parallel workers...
2026-04-27 21:12:54,153 [WARNING] [retry_5] Connection pool is full, discarding connection: zoom-automation-bucket.s3.amazonaws.com. Connection pool size: 9
2026-04-27 21:13:33,840 [INFO] [MainThread] SKIP  91889636991 — recording not in S3 yet
2026-04-27 21:13:36,019 [INFO] [MainThread] SKIP  96887995933 — recording not in S3 yet
2026-04-27 21:13:37,336 [INFO] [MainThread] SKIP  93176533599 — recording not in S3 yet
2026-04-27 21:13:37,474 [INFO] [MainThread] SKIP  92316137806 — recording not in S3 yet
2026-04-27 21:13:37,526 [INFO] [MainThread] SKIP  91213400875 — recording not in S3 yet
2026-04-27 21:13:38,801 [INFO] [MainThread] SKIP  92914783586 — recording not in S3 yet
2026-04-27 21:13:39,569 [INFO] [MainThread] SKIP  94858871630 — recording not in S3 yet
2026-04-27 21:13:40,571 [INFO] [MainThread] SKIP  94366184566 — recording not in S3 yet
2026-04-27 21:13:40,586 [INFO] [MainThread] SKIP  96668949659 — recording not in S3 yet
2026-04-27 21:13:40,604 [INFO] [MainThread] SKIP  97694056621 — recording not in S3 yet
2026-04-27 21:13:41,078 [INFO] [MainThread] SKIP  96699554564 — recording not in S3 yet
2026-04-27 21:13:41,265 [INFO] [MainThread] SKIP  97148973180 — recording not in S3 yet
2026-04-27 21:13:41,350 [INFO] [MainThread] SKIP  96763307800 — recording not in S3 yet
2026-04-27 21:13:41,441 [INFO] [MainThread] SKIP  94499140941 — recording not in S3 yet
2026-04-27 21:13:41,452 [INFO] [MainThread] SKIP  97667590156 — recording not in S3 yet
2026-04-27 21:13:41,627 [WARNING] [retry_9] Connection pool is full, discarding connection: zoom-automation-bucket.s3.amazonaws.com. Connection pool size: 10
2026-04-27 21:13:41,703 [WARNING] [retry_1] Connection pool is full, discarding connection: zoom-automation-bucket.s3.amazonaws.com. Connection pool size: 10
2026-04-27 21:13:41,846 [WARNING] [retry_5] Connection pool is full, discarding connection: zoom-automation-bucket.s3.amazonaws.com. Connection pool size: 10
2026-04-27 21:13:41,858 [WARNING] [retry_8] Connection pool is full, discarding connection: zoom-automation-bucket.s3.amazonaws.com. Connection pool size: 10
2026-04-27 21:13:42,017 [INFO] [MainThread] SKIP  97773644177 — recording not in S3 yet
2026-04-27 21:13:42,041 [WARNING] [retry_0] Connection pool is full, discarding connection: zoom-automation-bucket.s3.amazonaws.com. Connection pool size: 10
2026-04-27 21:13:42,496 [INFO] [MainThread] SKIP  93503585826 — recording not in S3 yet
2026-04-27 21:13:42,520 [INFO] [MainThread] SKIP  94766687943 — recording not in S3 yet
2026-04-27 21:13:42,887 [INFO] [MainThread] SKIP  95563216968 — recording not in S3 yet
2026-04-27 21:13:43,267 [INFO] [MainThread] SKIP  97424650070 — recording not in S3 yet
2026-04-27 21:13:44,487 [WARNING] [retry_4] Connection pool is full, discarding connection: zoom-automation-bucket.s3.amazonaws.com. Connection pool size: 10
2026-04-27 21:13:45,610 [WARNING] [retry_0] Connection pool is full, discarding connection: zoom-automation-bucket.s3.amazonaws.com. Connection pool size: 10
2026-04-27 21:14:30,847 [INFO] [MainThread] SKIP  98251548710 — recording not in S3 yet
2026-04-27 21:14:31,360 [INFO] [MainThread] SKIP  98086443987 — recording not in S3 yet
2026-04-27 21:14:31,456 [INFO] [MainThread] SKIP  99284838620 — recording not in S3 yet
2026-04-27 21:14:31,794 [INFO] [MainThread] SKIP  99523404367 — recording not in S3 yet
2026-04-27 21:14:31,909 [INFO] [MainThread] SKIP  99759835589 — recording not in S3 yet
2026-04-27 21:14:31,910 [WARNING] [retry_4] Connection pool is full, discarding connection: zoom-automation-bucket.s3.amazonaws.com. Connection pool size: 10
2026-04-27 21:14:31,992 [INFO] [MainThread] SKIP  98379617335 — recording not in S3 yet
2026-04-27 21:14:31,993 [WARNING] [retry_2] Connection pool is full, discarding connection: zoom-automation-bucket.s3.amazonaws.com. Connection pool size: 10
2026-04-27 21:14:32,069 [INFO] [MainThread] SKIP  98443784679 — recording not in S3 yet
2026-04-27 21:14:32,072 [INFO] [MainThread] 
=== retry_unfinalized complete ===
  Finalized:     0
  No doc.txt:    0
  Still skipped: 27 (recording not in S3 yet)
  Errors:        0

2026-04-27 21:22:03,271 [INFO] [MainThread] Found credentials from IAM Role: transcript-ec2-role
2026-04-27 21:22:03,380 [INFO] [MainThread] === retry_unfinalized starting ===
2026-04-27 21:22:03,380 [INFO] [MainThread] Scanning temp/live-doc-history/ for unfinalized meetings...
2026-04-27 21:22:03,553 [INFO] [MainThread] Found 191 tracked, 171 finalized, 20 need retry
2026-04-27 21:22:03,553 [INFO] [MainThread] Retrying 20 meetings with 20 parallel workers...
2026-04-27 21:22:50,457 [WARNING] [retry_3] Connection pool is full, discarding connection: zoom-automation-bucket.s3.amazonaws.com. Connection pool size: 9
2026-04-27 21:24:21,869 [WARNING] [retry_1] Connection pool is full, discarding connection: zoom-automation-bucket.s3.amazonaws.com. Connection pool size: 8
2026-04-27 21:24:36,621 [INFO] [MainThread] SKIP  91213400875 — recording not in S3 yet
2026-04-27 21:24:39,042 [INFO] [MainThread] SKIP  99284838620 — recording not in S3 yet
2026-04-27 21:24:40,233 [INFO] [MainThread] SKIP  93176533599 — recording not in S3 yet
2026-04-27 21:24:40,450 [INFO] [MainThread] SKIP  94366184566 — recording not in S3 yet
2026-04-27 21:24:40,609 [INFO] [MainThread] SKIP  92914783586 — recording not in S3 yet
2026-04-27 21:24:40,955 [INFO] [MainThread] SKIP  94499140941 — recording not in S3 yet
2026-04-27 21:24:41,097 [WARNING] [retry_5] Connection pool is full, discarding connection: zoom-automation-bucket.s3.amazonaws.com. Connection pool size: 10
2026-04-27 21:24:41,117 [WARNING] [retry_11] Connection pool is full, discarding connection: zoom-automation-bucket.s3.amazonaws.com. Connection pool size: 10
2026-04-27 21:24:41,526 [INFO] [MainThread] SKIP  97694056621 — recording not in S3 yet
2026-04-27 21:24:41,776 [INFO] [MainThread] SKIP  98251548710 — recording not in S3 yet
2026-04-27 21:24:42,024 [WARNING] [retry_17] Connection pool is full, discarding connection: zoom-automation-bucket.s3.amazonaws.com. Connection pool size: 9
2026-04-27 21:24:42,190 [INFO] [MainThread] SKIP  91989507337 — recording not in S3 yet
2026-04-27 21:24:42,299 [INFO] [MainThread] SKIP  94766687943 — recording not in S3 yet
2026-04-27 21:24:42,416 [WARNING] [retry_5] Connection pool is full, discarding connection: zoom-automation-bucket.s3.amazonaws.com. Connection pool size: 10
2026-04-27 21:24:42,706 [INFO] [MainThread] SKIP  97773644177 — recording not in S3 yet
2026-04-27 21:24:42,755 [INFO] [MainThread] SKIP  96699554564 — recording not in S3 yet
2026-04-27 21:24:42,904 [WARNING] [retry_17] Connection pool is full, discarding connection: zoom-automation-bucket.s3.amazonaws.com. Connection pool size: 10
2026-04-27 21:24:42,937 [WARNING] [retry_5] Connection pool is full, discarding connection: zoom-automation-bucket.s3.amazonaws.com. Connection pool size: 10
2026-04-27 21:24:43,177 [INFO] [MainThread] SKIP  94198697718 — recording not in S3 yet
2026-04-27 21:24:43,199 [INFO] [MainThread] SKIP  96763307800 — recording not in S3 yet
2026-04-27 21:24:43,215 [WARNING] [retry_19] Connection pool is full, discarding connection: zoom-automation-bucket.s3.amazonaws.com. Connection pool size: 10
2026-04-27 21:24:43,272 [WARNING] [retry_13] Connection pool is full, discarding connection: zoom-automation-bucket.s3.amazonaws.com. Connection pool size: 10
2026-04-27 21:24:43,272 [INFO] [MainThread] SKIP  98443784679 — recording not in S3 yet
2026-04-27 21:24:43,303 [INFO] [MainThread] SKIP  93503585826 — recording not in S3 yet
2026-04-27 21:24:43,357 [INFO] [MainThread] SKIP  97148973180 — recording not in S3 yet
2026-04-27 21:24:43,527 [INFO] [MainThread] SKIP  96887995933 — recording not in S3 yet
2026-04-27 21:24:43,650 [WARNING] [retry_13] Connection pool is full, discarding connection: zoom-automation-bucket.s3.amazonaws.com. Connection pool size: 10
2026-04-27 21:24:43,655 [INFO] [MainThread] SKIP  99523404367 — recording not in S3 yet
2026-04-27 21:24:43,831 [INFO] [MainThread] SKIP  97424650070 — recording not in S3 yet
2026-04-27 21:24:43,833 [INFO] [MainThread] 
=== retry_unfinalized complete ===
  Finalized:     0
  No doc.txt:    0
  Still skipped: 20 (recording not in S3 yet)
  Errors:        0

2026-04-27 21:32:03,280 [INFO] [MainThread] Found credentials from IAM Role: transcript-ec2-role
2026-04-27 21:32:03,389 [INFO] [MainThread] === retry_unfinalized starting ===
2026-04-27 21:32:03,389 [INFO] [MainThread] Scanning temp/live-doc-history/ for unfinalized meetings...
2026-04-27 21:32:03,541 [INFO] [MainThread] Found 191 tracked, 180 finalized, 11 need retry
2026-04-27 21:32:03,542 [INFO] [MainThread] Retrying 11 meetings with 20 parallel workers...
2026-04-27 21:33:23,003 [INFO] [MainThread] SKIP  93503585826 — recording not in S3 yet
2026-04-27 21:33:23,428 [INFO] [MainThread] SKIP  91989507337 — recording not in S3 yet
2026-04-27 21:33:23,507 [INFO] [MainThread] SKIP  97424650070 — recording not in S3 yet
2026-04-27 21:33:23,543 [INFO] [MainThread] SKIP  94499140941 — recording not in S3 yet
2026-04-27 21:33:24,201 [INFO] [MainThread] SKIP  92914783586 — recording not in S3 yet
2026-04-27 21:33:24,363 [INFO] [MainThread] SKIP  98251548710 — recording not in S3 yet
2026-04-27 21:33:24,522 [INFO] [MainThread] SKIP  97694056621 — recording not in S3 yet
2026-04-27 21:33:24,695 [INFO] [MainThread] SKIP  97773644177 — recording not in S3 yet
2026-04-27 21:33:24,738 [INFO] [MainThread] SKIP  94766687943 — recording not in S3 yet
2026-04-27 21:33:24,794 [INFO] [MainThread] SKIP  94366184566 — recording not in S3 yet
2026-04-27 21:33:24,795 [WARNING] [retry_3] Connection pool is full, discarding connection: zoom-automation-bucket.s3.amazonaws.com. Connection pool size: 10
2026-04-27 21:33:24,868 [INFO] [MainThread] SKIP  94198697718 — recording not in S3 yet
2026-04-27 21:33:24,869 [INFO] [MainThread] 
=== retry_unfinalized complete ===
  Finalized:     0
  No doc.txt:    0
  Still skipped: 11 (recording not in S3 yet)
  Errors:        0

2026-04-27 21:43:03,312 [INFO] [MainThread] Found credentials from IAM Role: transcript-ec2-role
2026-04-27 21:43:03,424 [INFO] [MainThread] === retry_unfinalized starting ===
2026-04-27 21:43:03,424 [INFO] [MainThread] Scanning temp/live-doc-history/ for unfinalized meetings...
2026-04-27 21:43:03,597 [INFO] [MainThread] Found 191 tracked, 187 finalized, 4 need retry
2026-04-27 21:43:03,597 [INFO] [MainThread] Retrying 4 meetings with 20 parallel workers...
2026-04-27 21:43:31,131 [INFO] [MainThread] SKIP  97694056621 — recording not in S3 yet
2026-04-27 21:43:31,140 [INFO] [MainThread] SKIP  94198697718 — recording not in S3 yet
2026-04-27 21:43:31,366 [INFO] [MainThread] SKIP  94499140941 — recording not in S3 yet
2026-04-27 21:43:31,585 [INFO] [MainThread] SKIP  97773644177 — recording not in S3 yet
2026-04-27 21:43:31,586 [INFO] [MainThread] 
=== retry_unfinalized complete ===
  Finalized:     0
  No doc.txt:    0
  Still skipped: 4 (recording not in S3 yet)
  Errors:        0

2026-04-27 21:53:03,478 [INFO] [MainThread] Found credentials from IAM Role: transcript-ec2-role
2026-04-27 21:53:03,595 [INFO] [MainThread] === retry_unfinalized starting ===
2026-04-27 21:53:03,595 [INFO] [MainThread] Scanning temp/live-doc-history/ for unfinalized meetings...
2026-04-27 21:53:03,743 [INFO] [MainThread] Found 191 tracked, 188 finalized, 3 need retry
2026-04-27 21:53:03,743 [INFO] [MainThread] Retrying 3 meetings with 20 parallel workers...
2026-04-27 21:53:23,711 [INFO] [MainThread] SKIP  94198697718 — recording not in S3 yet
2026-04-27 21:53:23,986 [INFO] [MainThread] SKIP  94499140941 — recording not in S3 yet
2026-04-27 21:53:24,189 [INFO] [MainThread] SKIP  97694056621 — recording not in S3 yet
2026-04-27 21:53:24,189 [INFO] [MainThread] 
=== retry_unfinalized complete ===
  Finalized:     0
  No doc.txt:    0
  Still skipped: 3 (recording not in S3 yet)
  Errors:        0

2026-04-27 22:03:05,051 [INFO] [MainThread] Found credentials from IAM Role: transcript-ec2-role
2026-04-27 22:03:05,178 [INFO] [MainThread] === retry_unfinalized starting ===
2026-04-27 22:03:05,178 [INFO] [MainThread] Scanning temp/live-doc-history/ for unfinalized meetings...
2026-04-27 22:03:05,353 [INFO] [MainThread] Found 192 tracked, 189 finalized, 3 need retry
2026-04-27 22:03:05,353 [INFO] [MainThread] Retrying 3 meetings with 20 parallel workers...
2026-04-27 22:03:24,168 [INFO] [MainThread] SKIP  97694056621 — recording not in S3 yet
2026-04-27 22:03:24,402 [INFO] [MainThread] SKIP  97229343868 — recording not in S3 yet
2026-04-27 22:03:24,614 [INFO] [MainThread] SKIP  94499140941 — recording not in S3 yet
2026-04-27 22:03:24,615 [INFO] [MainThread] 
=== retry_unfinalized complete ===
  Finalized:     0
  No doc.txt:    0
  Still skipped: 3 (recording not in S3 yet)
  Errors:        0

2026-04-27 22:14:03,265 [INFO] [MainThread] Found credentials from IAM Role: transcript-ec2-role
2026-04-27 22:14:03,375 [INFO] [MainThread] === retry_unfinalized starting ===
2026-04-27 22:14:03,375 [INFO] [MainThread] Scanning temp/live-doc-history/ for unfinalized meetings...
2026-04-27 22:14:03,531 [INFO] [MainThread] Found 192 tracked, 190 finalized, 2 need retry
2026-04-27 22:14:03,532 [INFO] [MainThread] Retrying 2 meetings with 20 parallel workers...
2026-04-27 22:14:16,092 [INFO] [MainThread] SKIP  94499140941 — recording not in S3 yet
2026-04-27 22:14:16,753 [INFO] [MainThread] SKIP  97229343868 — recording not in S3 yet
2026-04-27 22:14:16,754 [INFO] [MainThread] 
=== retry_unfinalized complete ===
  Finalized:     0
  No doc.txt:    0
  Still skipped: 2 (recording not in S3 yet)
  Errors:        0

2026-04-27 22:25:03,282 [INFO] [MainThread] Found credentials from IAM Role: transcript-ec2-role
2026-04-27 22:25:03,391 [INFO] [MainThread] === retry_unfinalized starting ===
2026-04-27 22:25:03,391 [INFO] [MainThread] Scanning temp/live-doc-history/ for unfinalized meetings...
2026-04-27 22:25:03,560 [INFO] [MainThread] Found 192 tracked, 191 finalized, 1 need retry
2026-04-27 22:25:03,561 [INFO] [MainThread] Retrying 1 meetings with 20 parallel workers...
2026-04-27 22:25:17,220 [INFO] [MainThread] SKIP  97229343868 — recording not in S3 yet
2026-04-27 22:25:17,221 [INFO] [MainThread] 
=== retry_unfinalized complete ===
  Finalized:     0
  No doc.txt:    0
  Still skipped: 1 (recording not in S3 yet)
  Errors:        0

2026-04-27 22:36:03,269 [INFO] [MainThread] Found credentials from IAM Role: transcript-ec2-role
2026-04-27 22:36:03,381 [INFO] [MainThread] === retry_unfinalized starting ===
2026-04-27 22:36:03,381 [INFO] [MainThread] Scanning temp/live-doc-history/ for unfinalized meetings...
2026-04-27 22:36:03,532 [INFO] [MainThread] Found 192 tracked, 191 finalized, 1 need retry
2026-04-27 22:36:03,532 [INFO] [MainThread] Retrying 1 meetings with 20 parallel workers...
2026-04-27 22:36:13,198 [INFO] [MainThread] SKIP  97229343868 — recording not in S3 yet
2026-04-27 22:36:13,198 [INFO] [MainThread] 
=== retry_unfinalized complete ===
  Finalized:     0
  No doc.txt:    0
  Still skipped: 1 (recording not in S3 yet)
  Errors:        0

2026-04-27 22:46:03,460 [INFO] [MainThread] Found credentials from IAM Role: transcript-ec2-role
2026-04-27 22:46:03,566 [INFO] [MainThread] === retry_unfinalized starting ===
2026-04-27 22:46:03,566 [INFO] [MainThread] Scanning temp/live-doc-history/ for unfinalized meetings...
2026-04-27 22:46:03,715 [INFO] [MainThread] Found 192 tracked, 191 finalized, 1 need retry
2026-04-27 22:46:03,716 [INFO] [MainThread] Retrying 1 meetings with 20 parallel workers...
2026-04-27 22:46:14,112 [INFO] [MainThread] SKIP  97229343868 — recording not in S3 yet
2026-04-27 22:46:14,112 [INFO] [MainThread] 
=== retry_unfinalized complete ===
  Finalized:     0
  No doc.txt:    0
  Still skipped: 1 (recording not in S3 yet)
  Errors:        0

2026-04-27 22:57:03,261 [INFO] [MainThread] Found credentials from IAM Role: transcript-ec2-role
2026-04-27 22:57:03,367 [INFO] [MainThread] === retry_unfinalized starting ===
2026-04-27 22:57:03,368 [INFO] [MainThread] Scanning temp/live-doc-history/ for unfinalized meetings...
2026-04-27 22:57:03,524 [INFO] [MainThread] Found 192 tracked, 191 finalized, 1 need retry
2026-04-27 22:57:03,524 [INFO] [MainThread] Retrying 1 meetings with 20 parallel workers...
2026-04-27 22:57:13,032 [INFO] [MainThread] SKIP  97229343868 — recording not in S3 yet
2026-04-27 22:57:13,032 [INFO] [MainThread] 
=== retry_unfinalized complete ===
  Finalized:     0
  No doc.txt:    0
  Still skipped: 1 (recording not in S3 yet)
  Errors:        0

2026-04-27 23:08:03,278 [INFO] [MainThread] Found credentials from IAM Role: transcript-ec2-role
2026-04-27 23:08:03,383 [INFO] [MainThread] === retry_unfinalized starting ===
2026-04-27 23:08:03,383 [INFO] [MainThread] Scanning temp/live-doc-history/ for unfinalized meetings...
2026-04-27 23:08:03,548 [INFO] [MainThread] Found 192 tracked, 191 finalized, 1 need retry
2026-04-27 23:08:03,548 [INFO] [MainThread] Retrying 1 meetings with 20 parallel workers...
2026-04-27 23:08:15,323 [INFO] [MainThread] SKIP  97229343868 — recording not in S3 yet
2026-04-27 23:08:15,323 [INFO] [MainThread] 
=== retry_unfinalized complete ===
  Finalized:     0
  No doc.txt:    0
  Still skipped: 1 (recording not in S3 yet)
  Errors:        0

2026-04-27 23:18:03,463 [INFO] [MainThread] Found credentials from IAM Role: transcript-ec2-role
2026-04-27 23:18:03,572 [INFO] [MainThread] === retry_unfinalized starting ===
2026-04-27 23:18:03,572 [INFO] [MainThread] Scanning temp/live-doc-history/ for unfinalized meetings...
2026-04-27 23:18:03,736 [INFO] [MainThread] Found 192 tracked, 191 finalized, 1 need retry
2026-04-27 23:18:03,736 [INFO] [MainThread] Retrying 1 meetings with 20 parallel workers...
2026-04-27 23:18:14,090 [INFO] [MainThread] SKIP  97229343868 — recording not in S3 yet
2026-04-27 23:18:14,090 [INFO] [MainThread] 
=== retry_unfinalized complete ===
  Finalized:     0
  No doc.txt:    0
  Still skipped: 1 (recording not in S3 yet)
  Errors:        0

2026-04-27 23:29:03,261 [INFO] [MainThread] Found credentials from IAM Role: transcript-ec2-role
2026-04-27 23:29:03,369 [INFO] [MainThread] === retry_unfinalized starting ===
2026-04-27 23:29:03,369 [INFO] [MainThread] Scanning temp/live-doc-history/ for unfinalized meetings...
2026-04-27 23:29:03,513 [INFO] [MainThread] Found 192 tracked, 191 finalized, 1 need retry
2026-04-27 23:29:03,513 [INFO] [MainThread] Retrying 1 meetings with 20 parallel workers...
2026-04-27 23:29:12,961 [INFO] [MainThread] SKIP  97229343868 — recording not in S3 yet
2026-04-27 23:29:12,962 [INFO] [MainThread] 
=== retry_unfinalized complete ===
  Finalized:     0
  No doc.txt:    0
  Still skipped: 1 (recording not in S3 yet)
  Errors:        0

2026-04-27 23:40:01,963 [INFO] [MainThread] Found credentials from IAM Role: transcript-ec2-role
2026-04-27 23:40:02,077 [INFO] [MainThread] === retry_unfinalized starting ===
2026-04-27 23:40:02,078 [INFO] [MainThread] Scanning temp/live-doc-history/ for unfinalized meetings...
2026-04-27 23:40:02,260 [INFO] [MainThread] Found 192 tracked, 191 finalized, 1 need retry
2026-04-27 23:40:02,260 [INFO] [MainThread] Retrying 1 meetings with 20 parallel workers...
2026-04-27 23:40:13,726 [INFO] [MainThread] SKIP  97229343868 — recording not in S3 yet
2026-04-27 23:40:13,726 [INFO] [MainThread] 
=== retry_unfinalized complete ===
  Finalized:     0
  No doc.txt:    0
  Still skipped: 1 (recording not in S3 yet)
  Errors:        0

2026-04-27 23:50:03,248 [INFO] [MainThread] Found credentials from IAM Role: transcript-ec2-role
2026-04-27 23:50:03,355 [INFO] [MainThread] === retry_unfinalized starting ===
2026-04-27 23:50:03,356 [INFO] [MainThread] Scanning temp/live-doc-history/ for unfinalized meetings...
2026-04-27 23:50:03,499 [INFO] [MainThread] Found 192 tracked, 191 finalized, 1 need retry
2026-04-27 23:50:03,499 [INFO] [MainThread] Retrying 1 meetings with 20 parallel workers...
2026-04-27 23:50:13,152 [INFO] [MainThread] SKIP  97229343868 — recording not in S3 yet
2026-04-27 23:50:13,153 [INFO] [MainThread] 
=== retry_unfinalized complete ===
  Finalized:     0
  No doc.txt:    0
  Still skipped: 1 (recording not in S3 yet)
  Errors:        0

2026-04-28 00:00:12,516 [INFO] [MainThread] Found credentials from IAM Role: transcript-ec2-role
2026-04-28 00:00:12,624 [INFO] [MainThread] === retry_unfinalized starting ===
2026-04-28 00:00:12,624 [INFO] [MainThread] Scanning temp/live-doc-history/ for unfinalized meetings...
2026-04-28 00:00:12,791 [INFO] [MainThread] Found 192 tracked, 192 finalized, 0 need retry
2026-04-28 00:00:12,792 [INFO] [MainThread] Nothing to retry. All tracked meetings are finalized.
2026-04-28 00:11:03,258 [INFO] [MainThread] Found credentials from IAM Role: transcript-ec2-role
2026-04-28 00:11:03,364 [INFO] [MainThread] === retry_unfinalized starting ===
2026-04-28 00:11:03,364 [INFO] [MainThread] Scanning temp/live-doc-history/ for unfinalized meetings...
2026-04-28 00:11:03,528 [INFO] [MainThread] Found 192 tracked, 192 finalized, 0 need retry
2026-04-28 00:11:03,528 [INFO] [MainThread] Nothing to retry. All tracked meetings are finalized.
2026-04-28 00:22:03,263 [INFO] [MainThread] Found credentials from IAM Role: transcript-ec2-role
2026-04-28 00:22:03,370 [INFO] [MainThread] === retry_unfinalized starting ===
2026-04-28 00:22:03,370 [INFO] [MainThread] Scanning temp/live-doc-history/ for unfinalized meetings...
2026-04-28 00:22:03,557 [INFO] [MainThread] Found 192 tracked, 192 finalized, 0 need retry
2026-04-28 00:22:03,557 [INFO] [MainThread] Nothing to retry. All tracked meetings are finalized.
2026-04-28 00:32:03,266 [INFO] [MainThread] Found credentials from IAM Role: transcript-ec2-role
2026-04-28 00:32:03,371 [INFO] [MainThread] === retry_unfinalized starting ===
2026-04-28 00:32:03,372 [INFO] [MainThread] Scanning temp/live-doc-history/ for unfinalized meetings...
2026-04-28 00:32:03,564 [INFO] [MainThread] Found 192 tracked, 192 finalized, 0 need retry
2026-04-28 00:32:03,564 [INFO] [MainThread] Nothing to retry. All tracked meetings are finalized.
2026-04-28 00:42:03,478 [INFO] [MainThread] Found credentials from IAM Role: transcript-ec2-role
2026-04-28 00:42:03,585 [INFO] [MainThread] === retry_unfinalized starting ===
2026-04-28 00:42:03,585 [INFO] [MainThread] Scanning temp/live-doc-history/ for unfinalized meetings...
2026-04-28 00:42:03,742 [INFO] [MainThread] Found 192 tracked, 192 finalized, 0 need retry
2026-04-28 00:42:03,742 [INFO] [MainThread] Nothing to retry. All tracked meetings are finalized.
2026-04-28 00:53:03,258 [INFO] [MainThread] Found credentials from IAM Role: transcript-ec2-role
2026-04-28 00:53:03,367 [INFO] [MainThread] === retry_unfinalized starting ===
2026-04-28 00:53:03,367 [INFO] [MainThread] Scanning temp/live-doc-history/ for unfinalized meetings...
2026-04-28 00:53:03,545 [INFO] [MainThread] Found 192 tracked, 192 finalized, 0 need retry
2026-04-28 00:53:03,546 [INFO] [MainThread] Nothing to retry. All tracked meetings are finalized.
2026-04-28 01:04:03,256 [INFO] [MainThread] Found credentials from IAM Role: transcript-ec2-role
2026-04-28 01:04:03,363 [INFO] [MainThread] === retry_unfinalized starting ===
2026-04-28 01:04:03,363 [INFO] [MainThread] Scanning temp/live-doc-history/ for unfinalized meetings...
2026-04-28 01:04:03,515 [INFO] [MainThread] Found 192 tracked, 192 finalized, 0 need retry
2026-04-28 01:04:03,515 [INFO] [MainThread] Nothing to retry. All tracked meetings are finalized.
2026-04-28 01:14:03,275 [INFO] [MainThread] Found credentials from IAM Role: transcript-ec2-role
2026-04-28 01:14:03,384 [INFO] [MainThread] === retry_unfinalized starting ===
2026-04-28 01:14:03,384 [INFO] [MainThread] Scanning temp/live-doc-history/ for unfinalized meetings...
2026-04-28 01:14:03,550 [INFO] [MainThread] Found 192 tracked, 192 finalized, 0 need retry
2026-04-28 01:14:03,550 [INFO] [MainThread] Nothing to retry. All tracked meetings are finalized.
2026-04-28 01:25:03,260 [INFO] [MainThread] Found credentials from IAM Role: transcript-ec2-role
2026-04-28 01:25:03,368 [INFO] [MainThread] === retry_unfinalized starting ===
2026-04-28 01:25:03,368 [INFO] [MainThread] Scanning temp/live-doc-history/ for unfinalized meetings...
2026-04-28 01:25:03,555 [INFO] [MainThread] Found 192 tracked, 192 finalized, 0 need retry
2026-04-28 01:25:03,555 [INFO] [MainThread] Nothing to retry. All tracked meetings are finalized.
2026-04-28 01:36:03,277 [INFO] [MainThread] Found credentials from IAM Role: transcript-ec2-role
2026-04-28 01:36:03,383 [INFO] [MainThread] === retry_unfinalized starting ===
2026-04-28 01:36:03,384 [INFO] [MainThread] Scanning temp/live-doc-history/ for unfinalized meetings...
2026-04-28 01:36:03,569 [INFO] [MainThread] Found 192 tracked, 192 finalized, 0 need retry
2026-04-28 01:36:03,569 [INFO] [MainThread] Nothing to retry. All tracked meetings are finalized.
2026-04-28 01:46:03,486 [INFO] [MainThread] Found credentials from IAM Role: transcript-ec2-role
2026-04-28 01:46:03,594 [INFO] [MainThread] === retry_unfinalized starting ===
2026-04-28 01:46:03,594 [INFO] [MainThread] Scanning temp/live-doc-history/ for unfinalized meetings...
2026-04-28 01:46:03,770 [INFO] [MainThread] Found 192 tracked, 192 finalized, 0 need retry
2026-04-28 01:46:03,770 [INFO] [MainThread] Nothing to retry. All tracked meetings are finalized.
2026-04-28 01:57:03,261 [INFO] [MainThread] Found credentials from IAM Role: transcript-ec2-role
2026-04-28 01:57:03,369 [INFO] [MainThread] === retry_unfinalized starting ===
2026-04-28 01:57:03,369 [INFO] [MainThread] Scanning temp/live-doc-history/ for unfinalized meetings...
2026-04-28 01:57:03,534 [INFO] [MainThread] Found 192 tracked, 192 finalized, 0 need retry
2026-04-28 01:57:03,535 [INFO] [MainThread] Nothing to retry. All tracked meetings are finalized.
2026-04-28 02:08:03,259 [INFO] [MainThread] Found credentials from IAM Role: transcript-ec2-role
2026-04-28 02:08:03,364 [INFO] [MainThread] === retry_unfinalized starting ===
2026-04-28 02:08:03,364 [INFO] [MainThread] Scanning temp/live-doc-history/ for unfinalized meetings...
2026-04-28 02:08:03,512 [INFO] [MainThread] Found 192 tracked, 192 finalized, 0 need retry
2026-04-28 02:08:03,512 [INFO] [MainThread] Nothing to retry. All tracked meetings are finalized.
2026-04-28 02:18:03,502 [INFO] [MainThread] Found credentials from IAM Role: transcript-ec2-role
2026-04-28 02:18:03,609 [INFO] [MainThread] === retry_unfinalized starting ===
2026-04-28 02:18:03,609 [INFO] [MainThread] Scanning temp/live-doc-history/ for unfinalized meetings...
2026-04-28 02:18:03,796 [INFO] [MainThread] Found 192 tracked, 192 finalized, 0 need retry
2026-04-28 02:18:03,796 [INFO] [MainThread] Nothing to retry. All tracked meetings are finalized.
2026-04-28 02:29:03,259 [INFO] [MainThread] Found credentials from IAM Role: transcript-ec2-role
2026-04-28 02:29:03,364 [INFO] [MainThread] === retry_unfinalized starting ===
2026-04-28 02:29:03,364 [INFO] [MainThread] Scanning temp/live-doc-history/ for unfinalized meetings...
2026-04-28 02:29:03,515 [INFO] [MainThread] Found 192 tracked, 192 finalized, 0 need retry
2026-04-28 02:29:03,515 [INFO] [MainThread] Nothing to retry. All tracked meetings are finalized.
2026-04-28 02:40:02,060 [INFO] [MainThread] Found credentials from IAM Role: transcript-ec2-role
2026-04-28 02:40:02,180 [INFO] [MainThread] === retry_unfinalized starting ===
2026-04-28 02:40:02,180 [INFO] [MainThread] Scanning temp/live-doc-history/ for unfinalized meetings...
2026-04-28 02:40:02,366 [INFO] [MainThread] Found 192 tracked, 192 finalized, 0 need retry
2026-04-28 02:40:02,367 [INFO] [MainThread] Nothing to retry. All tracked meetings are finalized.
2026-04-28 02:50:02,064 [INFO] [MainThread] Found credentials from IAM Role: transcript-ec2-role
2026-04-28 02:50:02,171 [INFO] [MainThread] === retry_unfinalized starting ===
2026-04-28 02:50:02,171 [INFO] [MainThread] Scanning temp/live-doc-history/ for unfinalized meetings...
2026-04-28 02:50:02,349 [INFO] [MainThread] Found 192 tracked, 192 finalized, 0 need retry
2026-04-28 02:50:02,349 [INFO] [MainThread] Nothing to retry. All tracked meetings are finalized.
2026-04-28 03:00:02,201 [INFO] [MainThread] Found credentials from IAM Role: transcript-ec2-role
2026-04-28 03:00:02,310 [INFO] [MainThread] === retry_unfinalized starting ===
2026-04-28 03:00:02,310 [INFO] [MainThread] Scanning temp/live-doc-history/ for unfinalized meetings...
2026-04-28 03:00:02,455 [INFO] [MainThread] Found 192 tracked, 192 finalized, 0 need retry
2026-04-28 03:00:02,456 [INFO] [MainThread] Nothing to retry. All tracked meetings are finalized.
2026-04-28 03:10:02,384 [INFO] [MainThread] Found credentials from IAM Role: transcript-ec2-role
2026-04-28 03:10:02,490 [INFO] [MainThread] === retry_unfinalized starting ===
2026-04-28 03:10:02,491 [INFO] [MainThread] Scanning temp/live-doc-history/ for unfinalized meetings...
2026-04-28 03:10:02,644 [INFO] [MainThread] Found 192 tracked, 192 finalized, 0 need retry
2026-04-28 03:10:02,644 [INFO] [MainThread] Nothing to retry. All tracked meetings are finalized.
2026-04-28 03:20:02,597 [INFO] [MainThread] Found credentials from IAM Role: transcript-ec2-role
2026-04-28 03:20:02,703 [INFO] [MainThread] === retry_unfinalized starting ===
2026-04-28 03:20:02,703 [INFO] [MainThread] Scanning temp/live-doc-history/ for unfinalized meetings...
2026-04-28 03:20:02,858 [INFO] [MainThread] Found 192 tracked, 192 finalized, 0 need retry
2026-04-28 03:20:02,858 [INFO] [MainThread] Nothing to retry. All tracked meetings are finalized.
2026-04-28 03:30:03,262 [INFO] [MainThread] Found credentials from IAM Role: transcript-ec2-role
2026-04-28 03:30:03,367 [INFO] [MainThread] === retry_unfinalized starting ===
2026-04-28 03:30:03,367 [INFO] [MainThread] Scanning temp/live-doc-history/ for unfinalized meetings...
2026-04-28 03:30:03,517 [INFO] [MainThread] Found 192 tracked, 192 finalized, 0 need retry
2026-04-28 03:30:03,517 [INFO] [MainThread] Nothing to retry. All tracked meetings are finalized.
2026-04-28 03:40:03,391 [INFO] [MainThread] Found credentials from IAM Role: transcript-ec2-role
2026-04-28 03:40:03,538 [INFO] [MainThread] === retry_unfinalized starting ===
2026-04-28 03:40:03,538 [INFO] [MainThread] Scanning temp/live-doc-history/ for unfinalized meetings...
2026-04-28 03:40:03,791 [INFO] [MainThread] Found 192 tracked, 192 finalized, 0 need retry
2026-04-28 03:40:03,792 [INFO] [MainThread] Nothing to retry. All tracked meetings are finalized.
2026-04-28 03:50:12,768 [INFO] [MainThread] Found credentials from IAM Role: transcript-ec2-role
2026-04-28 03:50:12,880 [INFO] [MainThread] === retry_unfinalized starting ===
2026-04-28 03:50:12,880 [INFO] [MainThread] Scanning temp/live-doc-history/ for unfinalized meetings...
2026-04-28 03:50:13,045 [INFO] [MainThread] Found 192 tracked, 192 finalized, 0 need retry
2026-04-28 03:50:13,045 [INFO] [MainThread] Nothing to retry. All tracked meetings are finalized.
2026-04-28 04:01:03,251 [INFO] [MainThread] Found credentials from IAM Role: transcript-ec2-role
2026-04-28 04:01:03,358 [INFO] [MainThread] === retry_unfinalized starting ===
2026-04-28 04:01:03,358 [INFO] [MainThread] Scanning temp/live-doc-history/ for unfinalized meetings...
2026-04-28 04:01:03,506 [INFO] [MainThread] Found 192 tracked, 192 finalized, 0 need retry
2026-04-28 04:01:03,506 [INFO] [MainThread] Nothing to retry. All tracked meetings are finalized.
2026-04-28 04:12:03,256 [INFO] [MainThread] Found credentials from IAM Role: transcript-ec2-role
2026-04-28 04:12:03,361 [INFO] [MainThread] === retry_unfinalized starting ===
2026-04-28 04:12:03,361 [INFO] [MainThread] Scanning temp/live-doc-history/ for unfinalized meetings...
2026-04-28 04:12:03,537 [INFO] [MainThread] Found 192 tracked, 192 finalized, 0 need retry
2026-04-28 04:12:03,537 [INFO] [MainThread] Nothing to retry. All tracked meetings are finalized.
2026-04-28 04:22:03,452 [INFO] [MainThread] Found credentials from IAM Role: transcript-ec2-role
2026-04-28 04:22:03,562 [INFO] [MainThread] === retry_unfinalized starting ===
2026-04-28 04:22:03,562 [INFO] [MainThread] Scanning temp/live-doc-history/ for unfinalized meetings...
2026-04-28 04:22:03,720 [INFO] [MainThread] Found 192 tracked, 192 finalized, 0 need retry
2026-04-28 04:22:03,720 [INFO] [MainThread] Nothing to retry. All tracked meetings are finalized.
2026-04-28 04:33:03,259 [INFO] [MainThread] Found credentials from IAM Role: transcript-ec2-role
2026-04-28 04:33:03,365 [INFO] [MainThread] === retry_unfinalized starting ===
2026-04-28 04:33:03,365 [INFO] [MainThread] Scanning temp/live-doc-history/ for unfinalized meetings...
2026-04-28 04:33:03,511 [INFO] [MainThread] Found 192 tracked, 192 finalized, 0 need retry
2026-04-28 04:33:03,511 [INFO] [MainThread] Nothing to retry. All tracked meetings are finalized.
2026-04-28 04:44:03,269 [INFO] [MainThread] Found credentials from IAM Role: transcript-ec2-role
2026-04-28 04:44:03,376 [INFO] [MainThread] === retry_unfinalized starting ===
2026-04-28 04:44:03,376 [INFO] [MainThread] Scanning temp/live-doc-history/ for unfinalized meetings...
2026-04-28 04:44:03,548 [INFO] [MainThread] Found 192 tracked, 192 finalized, 0 need retry
2026-04-28 04:44:03,549 [INFO] [MainThread] Nothing to retry. All tracked meetings are finalized.
2026-04-28 04:54:03,432 [INFO] [MainThread] Found credentials from IAM Role: transcript-ec2-role
2026-04-28 04:54:03,536 [INFO] [MainThread] === retry_unfinalized starting ===
2026-04-28 04:54:03,536 [INFO] [MainThread] Scanning temp/live-doc-history/ for unfinalized meetings...
2026-04-28 04:54:03,702 [INFO] [MainThread] Found 192 tracked, 192 finalized, 0 need retry
2026-04-28 04:54:03,702 [INFO] [MainThread] Nothing to retry. All tracked meetings are finalized.
2026-04-28 05:05:03,336 [INFO] [MainThread] Found credentials from IAM Role: transcript-ec2-role
2026-04-28 05:05:03,442 [INFO] [MainThread] === retry_unfinalized starting ===
2026-04-28 05:05:03,442 [INFO] [MainThread] Scanning temp/live-doc-history/ for unfinalized meetings...
2026-04-28 05:05:03,609 [INFO] [MainThread] Found 192 tracked, 192 finalized, 0 need retry
2026-04-28 05:05:03,609 [INFO] [MainThread] Nothing to retry. All tracked meetings are finalized.
2026-04-28 05:16:03,261 [INFO] [MainThread] Found credentials from IAM Role: transcript-ec2-role
2026-04-28 05:16:03,370 [INFO] [MainThread] === retry_unfinalized starting ===
2026-04-28 05:16:03,371 [INFO] [MainThread] Scanning temp/live-doc-history/ for unfinalized meetings...
2026-04-28 05:16:03,527 [INFO] [MainThread] Found 192 tracked, 192 finalized, 0 need retry
2026-04-28 05:16:03,527 [INFO] [MainThread] Nothing to retry. All tracked meetings are finalized.
2026-04-28 05:27:03,274 [INFO] [MainThread] Found credentials from IAM Role: transcript-ec2-role
2026-04-28 05:27:03,385 [INFO] [MainThread] === retry_unfinalized starting ===
2026-04-28 05:27:03,385 [INFO] [MainThread] Scanning temp/live-doc-history/ for unfinalized meetings...
2026-04-28 05:27:03,555 [INFO] [MainThread] Found 192 tracked, 192 finalized, 0 need retry
2026-04-28 05:27:03,555 [INFO] [MainThread] Nothing to retry. All tracked meetings are finalized.
2026-04-28 05:38:03,256 [INFO] [MainThread] Found credentials from IAM Role: transcript-ec2-role
2026-04-28 05:38:03,362 [INFO] [MainThread] === retry_unfinalized starting ===
2026-04-28 05:38:03,362 [INFO] [MainThread] Scanning temp/live-doc-history/ for unfinalized meetings...
2026-04-28 05:38:03,512 [INFO] [MainThread] Found 192 tracked, 192 finalized, 0 need retry
2026-04-28 05:38:03,512 [INFO] [MainThread] Nothing to retry. All tracked meetings are finalized.
2026-04-28 05:49:03,259 [INFO] [MainThread] Found credentials from IAM Role: transcript-ec2-role
2026-04-28 05:49:03,366 [INFO] [MainThread] === retry_unfinalized starting ===
2026-04-28 05:49:03,366 [INFO] [MainThread] Scanning temp/live-doc-history/ for unfinalized meetings...
2026-04-28 05:49:03,557 [INFO] [MainThread] Found 192 tracked, 192 finalized, 0 need retry
2026-04-28 05:49:03,558 [INFO] [MainThread] Nothing to retry. All tracked meetings are finalized.
2026-04-28 06:00:01,597 [INFO] [MainThread] Found credentials from IAM Role: transcript-ec2-role
2026-04-28 06:00:01,712 [INFO] [MainThread] === retry_unfinalized starting ===
2026-04-28 06:00:01,712 [INFO] [MainThread] Scanning temp/live-doc-history/ for unfinalized meetings...
2026-04-28 06:00:01,876 [INFO] [MainThread] Found 192 tracked, 192 finalized, 0 need retry
2026-04-28 06:00:01,876 [INFO] [MainThread] Nothing to retry. All tracked meetings are finalized.
2026-04-28 06:10:02,126 [INFO] [MainThread] Found credentials from IAM Role: transcript-ec2-role
2026-04-28 06:10:02,237 [INFO] [MainThread] === retry_unfinalized starting ===
2026-04-28 06:10:02,238 [INFO] [MainThread] Scanning temp/live-doc-history/ for unfinalized meetings...
2026-04-28 06:10:02,408 [INFO] [MainThread] Found 192 tracked, 192 finalized, 0 need retry
2026-04-28 06:10:02,408 [INFO] [MainThread] Nothing to retry. All tracked meetings are finalized.
2026-04-28 06:20:02,206 [INFO] [MainThread] Found credentials from IAM Role: transcript-ec2-role
2026-04-28 06:20:02,314 [INFO] [MainThread] === retry_unfinalized starting ===
2026-04-28 06:20:02,314 [INFO] [MainThread] Scanning temp/live-doc-history/ for unfinalized meetings...
2026-04-28 06:20:02,481 [INFO] [MainThread] Found 192 tracked, 192 finalized, 0 need retry
2026-04-28 06:20:02,481 [INFO] [MainThread] Nothing to retry. All tracked meetings are finalized.
2026-04-28 06:30:02,417 [INFO] [MainThread] Found credentials from IAM Role: transcript-ec2-role
2026-04-28 06:30:02,530 [INFO] [MainThread] === retry_unfinalized starting ===
2026-04-28 06:30:02,530 [INFO] [MainThread] Scanning temp/live-doc-history/ for unfinalized meetings...
2026-04-28 06:30:02,697 [INFO] [MainThread] Found 192 tracked, 192 finalized, 0 need retry
2026-04-28 06:30:02,697 [INFO] [MainThread] Nothing to retry. All tracked meetings are finalized.
2026-04-28 06:40:03,247 [INFO] [MainThread] Found credentials from IAM Role: transcript-ec2-role
2026-04-28 06:40:03,351 [INFO] [MainThread] === retry_unfinalized starting ===
2026-04-28 06:40:03,351 [INFO] [MainThread] Scanning temp/live-doc-history/ for unfinalized meetings...
2026-04-28 06:40:03,499 [INFO] [MainThread] Found 192 tracked, 192 finalized, 0 need retry
2026-04-28 06:40:03,499 [INFO] [MainThread] Nothing to retry. All tracked meetings are finalized.
2026-04-28 06:50:12,041 [INFO] [MainThread] Found credentials from IAM Role: transcript-ec2-role
2026-04-28 06:50:12,148 [INFO] [MainThread] === retry_unfinalized starting ===
2026-04-28 06:50:12,148 [INFO] [MainThread] Scanning temp/live-doc-history/ for unfinalized meetings...
2026-04-28 06:50:12,301 [INFO] [MainThread] Found 192 tracked, 192 finalized, 0 need retry
2026-04-28 06:50:12,301 [INFO] [MainThread] Nothing to retry. All tracked meetings are finalized.
2026-04-28 07:00:12,532 [INFO] [MainThread] Found credentials from IAM Role: transcript-ec2-role
2026-04-28 07:00:12,642 [INFO] [MainThread] === retry_unfinalized starting ===
2026-04-28 07:00:12,642 [INFO] [MainThread] Scanning temp/live-doc-history/ for unfinalized meetings...
2026-04-28 07:00:12,793 [INFO] [MainThread] Found 192 tracked, 192 finalized, 0 need retry
2026-04-28 07:00:12,793 [INFO] [MainThread] Nothing to retry. All tracked meetings are finalized.
2026-04-28 07:10:12,812 [INFO] [MainThread] Found credentials from IAM Role: transcript-ec2-role
2026-04-28 07:10:12,923 [INFO] [MainThread] === retry_unfinalized starting ===
2026-04-28 07:10:12,923 [INFO] [MainThread] Scanning temp/live-doc-history/ for unfinalized meetings...
2026-04-28 07:10:13,105 [INFO] [MainThread] Found 192 tracked, 192 finalized, 0 need retry
2026-04-28 07:10:13,105 [INFO] [MainThread] Nothing to retry. All tracked meetings are finalized.
2026-04-28 07:21:03,263 [INFO] [MainThread] Found credentials from IAM Role: transcript-ec2-role
2026-04-28 07:21:03,375 [INFO] [MainThread] === retry_unfinalized starting ===
2026-04-28 07:21:03,375 [INFO] [MainThread] Scanning temp/live-doc-history/ for unfinalized meetings...
2026-04-28 07:21:03,537 [INFO] [MainThread] Found 192 tracked, 192 finalized, 0 need retry
2026-04-28 07:21:03,537 [INFO] [MainThread] Nothing to retry. All tracked meetings are finalized.
2026-04-28 07:32:03,285 [INFO] [MainThread] Found credentials from IAM Role: transcript-ec2-role
2026-04-28 07:32:03,395 [INFO] [MainThread] === retry_unfinalized starting ===
2026-04-28 07:32:03,395 [INFO] [MainThread] Scanning temp/live-doc-history/ for unfinalized meetings...
2026-04-28 07:32:03,575 [INFO] [MainThread] Found 192 tracked, 192 finalized, 0 need retry
2026-04-28 07:32:03,575 [INFO] [MainThread] Nothing to retry. All tracked meetings are finalized.
2026-04-28 07:42:03,482 [INFO] [MainThread] Found credentials from IAM Role: transcript-ec2-role
2026-04-28 07:42:03,593 [INFO] [MainThread] === retry_unfinalized starting ===
2026-04-28 07:42:03,594 [INFO] [MainThread] Scanning temp/live-doc-history/ for unfinalized meetings...
2026-04-28 07:42:03,747 [INFO] [MainThread] Found 192 tracked, 192 finalized, 0 need retry
2026-04-28 07:42:03,747 [INFO] [MainThread] Nothing to retry. All tracked meetings are finalized.
2026-04-28 07:53:03,261 [INFO] [MainThread] Found credentials from IAM Role: transcript-ec2-role
2026-04-28 07:53:03,371 [INFO] [MainThread] === retry_unfinalized starting ===
2026-04-28 07:53:03,371 [INFO] [MainThread] Scanning temp/live-doc-history/ for unfinalized meetings...
2026-04-28 07:53:03,570 [INFO] [MainThread] Found 192 tracked, 192 finalized, 0 need retry
2026-04-28 07:53:03,570 [INFO] [MainThread] Nothing to retry. All tracked meetings are finalized.
2026-04-28 08:04:03,293 [INFO] [MainThread] Found credentials from IAM Role: transcript-ec2-role
2026-04-28 08:04:03,404 [INFO] [MainThread] === retry_unfinalized starting ===
2026-04-28 08:04:03,404 [INFO] [MainThread] Scanning temp/live-doc-history/ for unfinalized meetings...
2026-04-28 08:04:03,624 [INFO] [MainThread] Found 192 tracked, 192 finalized, 0 need retry
2026-04-28 08:04:03,624 [INFO] [MainThread] Nothing to retry. All tracked meetings are finalized.
2026-04-28 08:14:03,464 [INFO] [MainThread] Found credentials from IAM Role: transcript-ec2-role
2026-04-28 08:14:03,575 [INFO] [MainThread] === retry_unfinalized starting ===
2026-04-28 08:14:03,575 [INFO] [MainThread] Scanning temp/live-doc-history/ for unfinalized meetings...
2026-04-28 08:14:03,724 [INFO] [MainThread] Found 192 tracked, 192 finalized, 0 need retry
2026-04-28 08:14:03,724 [INFO] [MainThread] Nothing to retry. All tracked meetings are finalized.
2026-04-28 08:25:03,277 [INFO] [MainThread] Found credentials from IAM Role: transcript-ec2-role
2026-04-28 08:25:03,387 [INFO] [MainThread] === retry_unfinalized starting ===
2026-04-28 08:25:03,387 [INFO] [MainThread] Scanning temp/live-doc-history/ for unfinalized meetings...
2026-04-28 08:25:03,559 [INFO] [MainThread] Found 192 tracked, 192 finalized, 0 need retry
2026-04-28 08:25:03,560 [INFO] [MainThread] Nothing to retry. All tracked meetings are finalized.
2026-04-28 08:36:03,261 [INFO] [MainThread] Found credentials from IAM Role: transcript-ec2-role
2026-04-28 08:36:03,371 [INFO] [MainThread] === retry_unfinalized starting ===
2026-04-28 08:36:03,371 [INFO] [MainThread] Scanning temp/live-doc-history/ for unfinalized meetings...
2026-04-28 08:36:03,517 [INFO] [MainThread] Found 192 tracked, 192 finalized, 0 need retry
2026-04-28 08:36:03,517 [INFO] [MainThread] Nothing to retry. All tracked meetings are finalized.
2026-04-28 08:46:03,284 [INFO] [MainThread] Found credentials from IAM Role: transcript-ec2-role
2026-04-28 08:46:03,393 [INFO] [MainThread] === retry_unfinalized starting ===
2026-04-28 08:46:03,393 [INFO] [MainThread] Scanning temp/live-doc-history/ for unfinalized meetings...
2026-04-28 08:46:03,544 [INFO] [MainThread] Found 192 tracked, 192 finalized, 0 need retry
2026-04-28 08:46:03,544 [INFO] [MainThread] Nothing to retry. All tracked meetings are finalized.
2026-04-28 08:56:03,577 [INFO] [MainThread] Found credentials from IAM Role: transcript-ec2-role
2026-04-28 08:56:03,690 [INFO] [MainThread] === retry_unfinalized starting ===
2026-04-28 08:56:03,690 [INFO] [MainThread] Scanning temp/live-doc-history/ for unfinalized meetings...
2026-04-28 08:56:03,863 [INFO] [MainThread] Found 192 tracked, 192 finalized, 0 need retry
2026-04-28 08:56:03,864 [INFO] [MainThread] Nothing to retry. All tracked meetings are finalized.
2026-04-28 09:07:03,280 [INFO] [MainThread] Found credentials from IAM Role: transcript-ec2-role
2026-04-28 09:07:03,388 [INFO] [MainThread] === retry_unfinalized starting ===
2026-04-28 09:07:03,389 [INFO] [MainThread] Scanning temp/live-doc-history/ for unfinalized meetings...
2026-04-28 09:07:03,557 [INFO] [MainThread] Found 192 tracked, 192 finalized, 0 need retry
2026-04-28 09:07:03,557 [INFO] [MainThread] Nothing to retry. All tracked meetings are finalized.
2026-04-28 09:17:03,484 [INFO] [MainThread] Found credentials from IAM Role: transcript-ec2-role
2026-04-28 09:17:03,594 [INFO] [MainThread] === retry_unfinalized starting ===
2026-04-28 09:17:03,594 [INFO] [MainThread] Scanning temp/live-doc-history/ for unfinalized meetings...
2026-04-28 09:17:03,745 [INFO] [MainThread] Found 192 tracked, 192 finalized, 0 need retry
2026-04-28 09:17:03,745 [INFO] [MainThread] Nothing to retry. All tracked meetings are finalized.
2026-04-28 09:28:03,282 [INFO] [MainThread] Found credentials from IAM Role: transcript-ec2-role
2026-04-28 09:28:03,389 [INFO] [MainThread] === retry_unfinalized starting ===
2026-04-28 09:28:03,390 [INFO] [MainThread] Scanning temp/live-doc-history/ for unfinalized meetings...
2026-04-28 09:28:03,593 [INFO] [MainThread] Found 192 tracked, 192 finalized, 0 need retry
2026-04-28 09:28:03,593 [INFO] [MainThread] Nothing to retry. All tracked meetings are finalized.
2026-04-28 09:39:03,268 [INFO] [MainThread] Found credentials from IAM Role: transcript-ec2-role
2026-04-28 09:39:03,380 [INFO] [MainThread] === retry_unfinalized starting ===
2026-04-28 09:39:03,381 [INFO] [MainThread] Scanning temp/live-doc-history/ for unfinalized meetings...
2026-04-28 09:39:03,528 [INFO] [MainThread] Found 192 tracked, 192 finalized, 0 need retry
2026-04-28 09:39:03,529 [INFO] [MainThread] Nothing to retry. All tracked meetings are finalized.
2026-04-28 09:50:01,762 [INFO] [MainThread] Found credentials from IAM Role: transcript-ec2-role
2026-04-28 09:50:01,893 [INFO] [MainThread] === retry_unfinalized starting ===
2026-04-28 09:50:01,893 [INFO] [MainThread] Scanning temp/live-doc-history/ for unfinalized meetings...
2026-04-28 09:50:02,050 [INFO] [MainThread] Found 192 tracked, 192 finalized, 0 need retry
2026-04-28 09:50:02,051 [INFO] [MainThread] Nothing to retry. All tracked meetings are finalized.
2026-04-28 10:00:02,280 [INFO] [MainThread] Found credentials from IAM Role: transcript-ec2-role
2026-04-28 10:00:02,405 [INFO] [MainThread] === retry_unfinalized starting ===
2026-04-28 10:00:02,405 [INFO] [MainThread] Scanning temp/live-doc-history/ for unfinalized meetings...
2026-04-28 10:00:02,584 [INFO] [MainThread] Found 192 tracked, 192 finalized, 0 need retry
2026-04-28 10:00:02,585 [INFO] [MainThread] Nothing to retry. All tracked meetings are finalized.
2026-04-28 10:10:02,406 [INFO] [MainThread] Found credentials from IAM Role: transcript-ec2-role
2026-04-28 10:10:02,534 [INFO] [MainThread] === retry_unfinalized starting ===
2026-04-28 10:10:02,534 [INFO] [MainThread] Scanning temp/live-doc-history/ for unfinalized meetings...
2026-04-28 10:10:02,783 [INFO] [MainThread] Found 192 tracked, 192 finalized, 0 need retry
2026-04-28 10:10:02,784 [INFO] [MainThread] Nothing to retry. All tracked meetings are finalized.
2026-04-28 10:20:03,274 [INFO] [MainThread] Found credentials from IAM Role: transcript-ec2-role
2026-04-28 10:20:03,383 [INFO] [MainThread] === retry_unfinalized starting ===
2026-04-28 10:20:03,383 [INFO] [MainThread] Scanning temp/live-doc-history/ for unfinalized meetings...
2026-04-28 10:20:03,540 [INFO] [MainThread] Found 192 tracked, 192 finalized, 0 need retry
2026-04-28 10:20:03,540 [INFO] [MainThread] Nothing to retry. All tracked meetings are finalized.
2026-04-28 10:30:12,518 [INFO] [MainThread] Found credentials from IAM Role: transcript-ec2-role
2026-04-28 10:30:12,627 [INFO] [MainThread] === retry_unfinalized starting ===
2026-04-28 10:30:12,627 [INFO] [MainThread] Scanning temp/live-doc-history/ for unfinalized meetings...
2026-04-28 10:30:12,794 [INFO] [MainThread] Found 192 tracked, 192 finalized, 0 need retry
2026-04-28 10:30:12,795 [INFO] [MainThread] Nothing to retry. All tracked meetings are finalized.
2026-04-28 10:41:03,256 [INFO] [MainThread] Found credentials from IAM Role: transcript-ec2-role
2026-04-28 10:41:03,367 [INFO] [MainThread] === retry_unfinalized starting ===
2026-04-28 10:41:03,367 [INFO] [MainThread] Scanning temp/live-doc-history/ for unfinalized meetings...
2026-04-28 10:41:03,535 [INFO] [MainThread] Found 192 tracked, 192 finalized, 0 need retry
2026-04-28 10:41:03,535 [INFO] [MainThread] Nothing to retry. All tracked meetings are finalized.
2026-04-28 10:52:03,278 [INFO] [MainThread] Found credentials from IAM Role: transcript-ec2-role
2026-04-28 10:52:03,386 [INFO] [MainThread] === retry_unfinalized starting ===
2026-04-28 10:52:03,387 [INFO] [MainThread] Scanning temp/live-doc-history/ for unfinalized meetings...
2026-04-28 10:52:03,557 [INFO] [MainThread] Found 192 tracked, 192 finalized, 0 need retry
2026-04-28 10:52:03,557 [INFO] [MainThread] Nothing to retry. All tracked meetings are finalized.
2026-04-28 11:02:03,533 [INFO] [MainThread] Found credentials from IAM Role: transcript-ec2-role
2026-04-28 11:02:03,644 [INFO] [MainThread] === retry_unfinalized starting ===
2026-04-28 11:02:03,644 [INFO] [MainThread] Scanning temp/live-doc-history/ for unfinalized meetings...
2026-04-28 11:02:03,835 [INFO] [MainThread] Found 192 tracked, 192 finalized, 0 need retry
2026-04-28 11:02:03,835 [INFO] [MainThread] Nothing to retry. All tracked meetings are finalized.
2026-04-28 11:13:03,282 [INFO] [MainThread] Found credentials from IAM Role: transcript-ec2-role
2026-04-28 11:13:03,390 [INFO] [MainThread] === retry_unfinalized starting ===
2026-04-28 11:13:03,390 [INFO] [MainThread] Scanning temp/live-doc-history/ for unfinalized meetings...
2026-04-28 11:13:03,601 [INFO] [MainThread] Found 192 tracked, 192 finalized, 0 need retry
2026-04-28 11:13:03,602 [INFO] [MainThread] Nothing to retry. All tracked meetings are finalized.
2026-04-28 11:23:03,476 [INFO] [MainThread] Found credentials from IAM Role: transcript-ec2-role
2026-04-28 11:23:03,586 [INFO] [MainThread] === retry_unfinalized starting ===
2026-04-28 11:23:03,586 [INFO] [MainThread] Scanning temp/live-doc-history/ for unfinalized meetings...
2026-04-28 11:23:03,753 [INFO] [MainThread] Found 192 tracked, 192 finalized, 0 need retry
2026-04-28 11:23:03,753 [INFO] [MainThread] Nothing to retry. All tracked meetings are finalized.
2026-04-28 11:34:03,331 [INFO] [MainThread] Found credentials from IAM Role: transcript-ec2-role
2026-04-28 11:34:03,444 [INFO] [MainThread] === retry_unfinalized starting ===
2026-04-28 11:34:03,444 [INFO] [MainThread] Scanning temp/live-doc-history/ for unfinalized meetings...
2026-04-28 11:34:03,654 [INFO] [MainThread] Found 192 tracked, 192 finalized, 0 need retry
2026-04-28 11:34:03,655 [INFO] [MainThread] Nothing to retry. All tracked meetings are finalized.
2026-04-28 11:44:03,446 [INFO] [MainThread] Found credentials from IAM Role: transcript-ec2-role
2026-04-28 11:44:03,553 [INFO] [MainThread] === retry_unfinalized starting ===
2026-04-28 11:44:03,554 [INFO] [MainThread] Scanning temp/live-doc-history/ for unfinalized meetings...
2026-04-28 11:44:03,715 [INFO] [MainThread] Found 192 tracked, 192 finalized, 0 need retry
2026-04-28 11:44:03,715 [INFO] [MainThread] Nothing to retry. All tracked meetings are finalized.
2026-04-28 11:55:03,250 [INFO] [MainThread] Found credentials from IAM Role: transcript-ec2-role
2026-04-28 11:55:03,358 [INFO] [MainThread] === retry_unfinalized starting ===
2026-04-28 11:55:03,358 [INFO] [MainThread] Scanning temp/live-doc-history/ for unfinalized meetings...
2026-04-28 11:55:03,541 [INFO] [MainThread] Found 192 tracked, 192 finalized, 0 need retry
2026-04-28 11:55:03,541 [INFO] [MainThread] Nothing to retry. All tracked meetings are finalized.
2026-04-28 12:05:03,279 [INFO] [MainThread] Found credentials from IAM Role: transcript-ec2-role
2026-04-28 12:05:03,389 [INFO] [MainThread] === retry_unfinalized starting ===
2026-04-28 12:05:03,389 [INFO] [MainThread] Scanning temp/live-doc-history/ for unfinalized meetings...
2026-04-28 12:05:03,563 [INFO] [MainThread] Found 192 tracked, 192 finalized, 0 need retry
2026-04-28 12:05:03,563 [INFO] [MainThread] Nothing to retry. All tracked meetings are finalized.
2026-04-28 12:16:03,291 [INFO] [MainThread] Found credentials from IAM Role: transcript-ec2-role
2026-04-28 12:16:03,402 [INFO] [MainThread] === retry_unfinalized starting ===
2026-04-28 12:16:03,402 [INFO] [MainThread] Scanning temp/live-doc-history/ for unfinalized meetings...
2026-04-28 12:16:03,575 [INFO] [MainThread] Found 192 tracked, 192 finalized, 0 need retry
2026-04-28 12:16:03,575 [INFO] [MainThread] Nothing to retry. All tracked meetings are finalized.
2026-04-28 12:26:03,441 [INFO] [MainThread] Found credentials from IAM Role: transcript-ec2-role
2026-04-28 12:26:03,551 [INFO] [MainThread] === retry_unfinalized starting ===
2026-04-28 12:26:03,551 [INFO] [MainThread] Scanning temp/live-doc-history/ for unfinalized meetings...
2026-04-28 12:26:03,704 [INFO] [MainThread] Found 192 tracked, 192 finalized, 0 need retry
2026-04-28 12:26:03,704 [INFO] [MainThread] Nothing to retry. All tracked meetings are finalized.
2026-04-28 12:37:03,261 [INFO] [MainThread] Found credentials from IAM Role: transcript-ec2-role
2026-04-28 12:37:03,369 [INFO] [MainThread] === retry_unfinalized starting ===
2026-04-28 12:37:03,369 [INFO] [MainThread] Scanning temp/live-doc-history/ for unfinalized meetings...
2026-04-28 12:37:03,536 [INFO] [MainThread] Found 192 tracked, 192 finalized, 0 need retry
2026-04-28 12:37:03,537 [INFO] [MainThread] Nothing to retry. All tracked meetings are finalized.
2026-04-28 12:48:03,271 [INFO] [MainThread] Found credentials from IAM Role: transcript-ec2-role
2026-04-28 12:48:03,381 [INFO] [MainThread] === retry_unfinalized starting ===
2026-04-28 12:48:03,381 [INFO] [MainThread] Scanning temp/live-doc-history/ for unfinalized meetings...
2026-04-28 12:48:03,548 [INFO] [MainThread] Found 192 tracked, 192 finalized, 0 need retry
2026-04-28 12:48:03,549 [INFO] [MainThread] Nothing to retry. All tracked meetings are finalized.
2026-04-28 12:58:03,524 [INFO] [MainThread] Found credentials from IAM Role: transcript-ec2-role
2026-04-28 12:58:03,635 [INFO] [MainThread] === retry_unfinalized starting ===
2026-04-28 12:58:03,635 [INFO] [MainThread] Scanning temp/live-doc-history/ for unfinalized meetings...
2026-04-28 12:58:03,793 [INFO] [MainThread] Found 192 tracked, 192 finalized, 0 need retry
2026-04-28 12:58:03,794 [INFO] [MainThread] Nothing to retry. All tracked meetings are finalized.
2026-04-28 13:09:03,254 [INFO] [MainThread] Found credentials from IAM Role: transcript-ec2-role
2026-04-28 13:09:03,362 [INFO] [MainThread] === retry_unfinalized starting ===
2026-04-28 13:09:03,362 [INFO] [MainThread] Scanning temp/live-doc-history/ for unfinalized meetings...
2026-04-28 13:09:03,528 [INFO] [MainThread] Found 192 tracked, 192 finalized, 0 need retry
2026-04-28 13:09:03,528 [INFO] [MainThread] Nothing to retry. All tracked meetings are finalized.
2026-04-28 13:20:02,304 [INFO] [MainThread] Found credentials from IAM Role: transcript-ec2-role
2026-04-28 13:20:02,423 [INFO] [MainThread] === retry_unfinalized starting ===
2026-04-28 13:20:02,423 [INFO] [MainThread] Scanning temp/live-doc-history/ for unfinalized meetings...
2026-04-28 13:20:02,578 [INFO] [MainThread] Found 192 tracked, 192 finalized, 0 need retry
2026-04-28 13:20:02,578 [INFO] [MainThread] Nothing to retry. All tracked meetings are finalized.
2026-04-28 13:30:03,266 [INFO] [MainThread] Found credentials from IAM Role: transcript-ec2-role
2026-04-28 13:30:03,377 [INFO] [MainThread] === retry_unfinalized starting ===
2026-04-28 13:30:03,377 [INFO] [MainThread] Scanning temp/live-doc-history/ for unfinalized meetings...
2026-04-28 13:30:03,540 [INFO] [MainThread] Found 193 tracked, 192 finalized, 1 need retry
2026-04-28 13:30:03,540 [INFO] [MainThread] Retrying 1 meetings with 20 parallel workers...
2026-04-28 13:30:14,346 [INFO] [MainThread] SKIP  94290636641 — recording not in S3 yet
2026-04-28 13:30:14,347 [INFO] [MainThread] 
=== retry_unfinalized complete ===
  Finalized:     0
  No doc.txt:    0
  Still skipped: 1 (recording not in S3 yet)
  Errors:        0

2026-04-28 13:40:13,035 [INFO] [MainThread] Found credentials from IAM Role: transcript-ec2-role
2026-04-28 13:40:13,152 [INFO] [MainThread] === retry_unfinalized starting ===
2026-04-28 13:40:13,152 [INFO] [MainThread] Scanning temp/live-doc-history/ for unfinalized meetings...
2026-04-28 13:40:13,313 [INFO] [MainThread] Found 193 tracked, 192 finalized, 1 need retry
2026-04-28 13:40:13,313 [INFO] [MainThread] Retrying 1 meetings with 20 parallel workers...
2026-04-28 13:40:23,186 [INFO] [MainThread] SKIP  94290636641 — recording not in S3 yet
2026-04-28 13:40:23,187 [INFO] [MainThread] 
=== retry_unfinalized complete ===
  Finalized:     0
  No doc.txt:    0
  Still skipped: 1 (recording not in S3 yet)
  Errors:        0

2026-04-28 13:51:03,259 [INFO] [MainThread] Found credentials from IAM Role: transcript-ec2-role
2026-04-28 13:51:03,369 [INFO] [MainThread] === retry_unfinalized starting ===
2026-04-28 13:51:03,369 [INFO] [MainThread] Scanning temp/live-doc-history/ for unfinalized meetings...
2026-04-28 13:51:03,524 [INFO] [MainThread] Found 195 tracked, 192 finalized, 3 need retry
2026-04-28 13:51:03,525 [INFO] [MainThread] Retrying 3 meetings with 20 parallel workers...
2026-04-28 13:51:23,026 [INFO] [MainThread] SKIP  98095863723 — recording not in S3 yet
2026-04-28 13:51:23,180 [INFO] [MainThread] SKIP  94319718066 — recording not in S3 yet
2026-04-28 13:51:23,255 [INFO] [MainThread] SKIP  94290636641 — recording not in S3 yet
2026-04-28 13:51:23,256 [INFO] [MainThread] 
=== retry_unfinalized complete ===
  Finalized:     0
  No doc.txt:    0
  Still skipped: 3 (recording not in S3 yet)
  Errors:        0

2026-04-28 14:02:03,284 [INFO] [MainThread] Found credentials from IAM Role: transcript-ec2-role
2026-04-28 14:02:03,395 [INFO] [MainThread] === retry_unfinalized starting ===
2026-04-28 14:02:03,395 [INFO] [MainThread] Scanning temp/live-doc-history/ for unfinalized meetings...
2026-04-28 14:02:03,551 [INFO] [MainThread] Found 196 tracked, 193 finalized, 3 need retry
2026-04-28 14:02:03,551 [INFO] [MainThread] Retrying 3 meetings with 20 parallel workers...
2026-04-28 14:02:24,288 [INFO] [MainThread] SKIP  94319718066 — recording not in S3 yet
2026-04-28 14:02:24,447 [INFO] [MainThread] SKIP  96872448844 — recording not in S3 yet
2026-04-28 14:02:24,530 [INFO] [MainThread] SKIP  94290636641 — recording not in S3 yet
2026-04-28 14:02:24,531 [INFO] [MainThread] 
=== retry_unfinalized complete ===
  Finalized:     0
  No doc.txt:    0
  Still skipped: 3 (recording not in S3 yet)
  Errors:        0

2026-04-28 14:12:03,470 [INFO] [MainThread] Found credentials from IAM Role: transcript-ec2-role
2026-04-28 14:12:03,578 [INFO] [MainThread] === retry_unfinalized starting ===
2026-04-28 14:12:03,578 [INFO] [MainThread] Scanning temp/live-doc-history/ for unfinalized meetings...
2026-04-28 14:12:03,726 [INFO] [MainThread] Found 196 tracked, 193 finalized, 3 need retry
2026-04-28 14:12:03,727 [INFO] [MainThread] Retrying 3 meetings with 20 parallel workers...
2026-04-28 14:12:23,003 [INFO] [MainThread] SKIP  94319718066 — recording not in S3 yet
2026-04-28 14:12:23,154 [INFO] [MainThread] SKIP  94290636641 — recording not in S3 yet
2026-04-28 14:12:23,227 [INFO] [MainThread] SKIP  96872448844 — recording not in S3 yet
2026-04-28 14:12:23,227 [INFO] [MainThread] 
=== retry_unfinalized complete ===
  Finalized:     0
  No doc.txt:    0
  Still skipped: 3 (recording not in S3 yet)
  Errors:        0

2026-04-28 14:23:03,254 [INFO] [MainThread] Found credentials from IAM Role: transcript-ec2-role
2026-04-28 14:23:03,363 [INFO] [MainThread] === retry_unfinalized starting ===
2026-04-28 14:23:03,363 [INFO] [MainThread] Scanning temp/live-doc-history/ for unfinalized meetings...
2026-04-28 14:23:03,545 [INFO] [MainThread] Found 200 tracked, 194 finalized, 6 need retry
2026-04-28 14:23:03,545 [INFO] [MainThread] Retrying 6 meetings with 20 parallel workers...
2026-04-28 14:23:46,528 [INFO] [MainThread] SKIP  95876885800 — recording not in S3 yet
2026-04-28 14:23:46,721 [INFO] [MainThread] SKIP  96872448844 — recording not in S3 yet
2026-04-28 14:23:47,005 [INFO] [MainThread] SKIP  94290636641 — recording not in S3 yet
2026-04-28 14:23:47,222 [INFO] [MainThread] SKIP  91016279071 — recording not in S3 yet
2026-04-28 14:23:47,343 [INFO] [MainThread] SKIP  94319718066 — recording not in S3 yet
2026-04-28 14:23:47,517 [INFO] [MainThread] SKIP  99396225275 — recording not in S3 yet
2026-04-28 14:23:47,518 [INFO] [MainThread] 
=== retry_unfinalized complete ===
  Finalized:     0
  No doc.txt:    0
  Still skipped: 6 (recording not in S3 yet)
  Errors:        0

2026-04-28 14:34:03,280 [INFO] [MainThread] Found credentials from IAM Role: transcript-ec2-role
2026-04-28 14:34:03,389 [INFO] [MainThread] === retry_unfinalized starting ===
2026-04-28 14:34:03,389 [INFO] [MainThread] Scanning temp/live-doc-history/ for unfinalized meetings...
2026-04-28 14:34:03,566 [INFO] [MainThread] Found 201 tracked, 199 finalized, 2 need retry
2026-04-28 14:34:03,566 [INFO] [MainThread] Retrying 2 meetings with 20 parallel workers...
2026-04-28 14:34:16,358 [INFO] [MainThread] SKIP  92529102945 — recording not in S3 yet
2026-04-28 14:34:16,485 [INFO] [MainThread] SKIP  99396225275 — recording not in S3 yet
2026-04-28 14:34:16,485 [INFO] [MainThread] 
=== retry_unfinalized complete ===
  Finalized:     0
  No doc.txt:    0
  Still skipped: 2 (recording not in S3 yet)
  Errors:        0

2026-04-28 14:44:03,502 [INFO] [MainThread] Found credentials from IAM Role: transcript-ec2-role
2026-04-28 14:44:03,644 [INFO] [MainThread] === retry_unfinalized starting ===
2026-04-28 14:44:03,644 [INFO] [MainThread] Scanning temp/live-doc-history/ for unfinalized meetings...
2026-04-28 14:44:03,823 [INFO] [MainThread] Found 201 tracked, 199 finalized, 2 need retry
2026-04-28 14:44:03,823 [INFO] [MainThread] Retrying 2 meetings with 20 parallel workers...
2026-04-28 14:44:16,205 [INFO] [MainThread] SKIP  92529102945 — recording not in S3 yet
2026-04-28 14:44:16,280 [INFO] [MainThread] SKIP  99396225275 — recording not in S3 yet
2026-04-28 14:44:16,281 [INFO] [MainThread] 
=== retry_unfinalized complete ===
  Finalized:     0
  No doc.txt:    0
  Still skipped: 2 (recording not in S3 yet)
  Errors:        0

2026-04-28 14:55:03,323 [INFO] [MainThread] Found credentials from IAM Role: transcript-ec2-role
2026-04-28 14:55:03,438 [INFO] [MainThread] === retry_unfinalized starting ===
2026-04-28 14:55:03,438 [INFO] [MainThread] Scanning temp/live-doc-history/ for unfinalized meetings...
2026-04-28 14:55:03,641 [INFO] [MainThread] Found 206 tracked, 199 finalized, 7 need retry
2026-04-28 14:55:03,641 [INFO] [MainThread] Retrying 7 meetings with 20 parallel workers...
2026-04-28 14:55:52,234 [INFO] [MainThread] SKIP  92529102945 — recording not in S3 yet
2026-04-28 14:55:53,182 [INFO] [MainThread] SKIP  99396225275 — recording not in S3 yet
2026-04-28 14:55:53,192 [INFO] [MainThread] SKIP  95160524437 — recording not in S3 yet
2026-04-28 14:55:53,414 [INFO] [MainThread] SKIP  97691502398 — recording not in S3 yet
2026-04-28 14:55:53,455 [INFO] [MainThread] SKIP  92029478127 — recording not in S3 yet
2026-04-28 14:55:53,468 [INFO] [MainThread] SKIP  93365045511 — recording not in S3 yet
2026-04-28 14:55:53,577 [INFO] [MainThread] SKIP  95884218498 — recording not in S3 yet
2026-04-28 14:55:53,578 [INFO] [MainThread] 
=== retry_unfinalized complete ===
  Finalized:     0
  No doc.txt:    0
  Still skipped: 7 (recording not in S3 yet)
  Errors:        0

2026-04-28 15:06:03,266 [INFO] [MainThread] Found credentials from IAM Role: transcript-ec2-role
2026-04-28 15:06:03,377 [INFO] [MainThread] === retry_unfinalized starting ===
2026-04-28 15:06:03,378 [INFO] [MainThread] Scanning temp/live-doc-history/ for unfinalized meetings...
2026-04-28 15:06:03,556 [INFO] [MainThread] Found 206 tracked, 201 finalized, 5 need retry
2026-04-28 15:06:03,557 [INFO] [MainThread] Retrying 5 meetings with 20 parallel workers...
2026-04-28 15:06:37,381 [INFO] [MainThread] SKIP  95884218498 — recording not in S3 yet
2026-04-28 15:06:37,590 [INFO] [MainThread] SKIP  93365045511 — recording not in S3 yet
2026-04-28 15:06:37,791 [INFO] [MainThread] SKIP  97691502398 — recording not in S3 yet
2026-04-28 15:06:37,901 [INFO] [MainThread] SKIP  92029478127 — recording not in S3 yet
2026-04-28 15:06:38,097 [INFO] [MainThread] SKIP  92529102945 — recording not in S3 yet
2026-04-28 15:06:38,098 [INFO] [MainThread] 
=== retry_unfinalized complete ===
  Finalized:     0
  No doc.txt:    0
  Still skipped: 5 (recording not in S3 yet)
  Errors:        0

2026-04-28 15:16:03,586 [INFO] [MainThread] Found credentials from IAM Role: transcript-ec2-role
2026-04-28 15:16:03,700 [INFO] [MainThread] === retry_unfinalized starting ===
2026-04-28 15:16:03,700 [INFO] [MainThread] Scanning temp/live-doc-history/ for unfinalized meetings...
2026-04-28 15:16:03,874 [INFO] [MainThread] Found 206 tracked, 201 finalized, 5 need retry
2026-04-28 15:16:03,875 [INFO] [MainThread] Retrying 5 meetings with 20 parallel workers...
2026-04-28 15:16:38,195 [INFO] [MainThread] SKIP  92029478127 — recording not in S3 yet
2026-04-28 15:16:38,201 [INFO] [MainThread] SKIP  92529102945 — recording not in S3 yet
2026-04-28 15:16:38,513 [INFO] [MainThread] SKIP  93365045511 — recording not in S3 yet
2026-04-28 15:16:38,622 [INFO] [MainThread] SKIP  95884218498 — recording not in S3 yet
2026-04-28 15:16:38,770 [INFO] [MainThread] SKIP  97691502398 — recording not in S3 yet
2026-04-28 15:16:38,776 [INFO] [MainThread] 
=== retry_unfinalized complete ===
  Finalized:     0
  No doc.txt:    0
  Still skipped: 5 (recording not in S3 yet)
  Errors:        0

2026-04-28 15:27:03,272 [INFO] [MainThread] Found credentials from IAM Role: transcript-ec2-role
2026-04-28 15:27:03,381 [INFO] [MainThread] === retry_unfinalized starting ===
2026-04-28 15:27:03,381 [INFO] [MainThread] Scanning temp/live-doc-history/ for unfinalized meetings...
2026-04-28 15:27:03,534 [INFO] [MainThread] Found 209 tracked, 204 finalized, 5 need retry
2026-04-28 15:27:03,534 [INFO] [MainThread] Retrying 5 meetings with 20 parallel workers...
2026-04-28 15:27:38,602 [INFO] [MainThread] SKIP  92529102945 — recording not in S3 yet
2026-04-28 15:27:38,959 [INFO] [MainThread] SKIP  93365045511 — recording not in S3 yet
2026-04-28 15:27:39,392 [INFO] [MainThread] SKIP  96481620985 — recording not in S3 yet
2026-04-28 15:27:39,502 [INFO] [MainThread] SKIP  93654167667 — recording not in S3 yet
2026-04-28 15:27:39,577 [INFO] [MainThread] SKIP  99436339016 — recording not in S3 yet
2026-04-28 15:27:39,578 [INFO] [MainThread] 
=== retry_unfinalized complete ===
  Finalized:     0
  No doc.txt:    0
  Still skipped: 5 (recording not in S3 yet)
  Errors:        0

2026-04-28 15:38:03,272 [INFO] [MainThread] Found credentials from IAM Role: transcript-ec2-role
2026-04-28 15:38:03,383 [INFO] [MainThread] === retry_unfinalized starting ===
2026-04-28 15:38:03,383 [INFO] [MainThread] Scanning temp/live-doc-history/ for unfinalized meetings...
2026-04-28 15:38:03,539 [INFO] [MainThread] Found 209 tracked, 204 finalized, 5 need retry
2026-04-28 15:38:03,539 [INFO] [MainThread] Retrying 5 meetings with 20 parallel workers...
2026-04-28 15:38:37,530 [INFO] [MainThread] SKIP  93654167667 — recording not in S3 yet
2026-04-28 15:38:37,772 [INFO] [MainThread] SKIP  93365045511 — recording not in S3 yet
2026-04-28 15:38:38,022 [INFO] [MainThread] SKIP  96481620985 — recording not in S3 yet
2026-04-28 15:38:38,127 [INFO] [MainThread] SKIP  99436339016 — recording not in S3 yet
2026-04-28 15:38:38,338 [INFO] [MainThread] SKIP  92529102945 — recording not in S3 yet
2026-04-28 15:38:38,339 [INFO] [MainThread] 
=== retry_unfinalized complete ===
  Finalized:     0
  No doc.txt:    0
  Still skipped: 5 (recording not in S3 yet)
  Errors:        0

2026-04-28 15:48:03,518 [INFO] [MainThread] Found credentials from IAM Role: transcript-ec2-role
2026-04-28 15:48:03,629 [INFO] [MainThread] === retry_unfinalized starting ===
2026-04-28 15:48:03,629 [INFO] [MainThread] Scanning temp/live-doc-history/ for unfinalized meetings...
2026-04-28 15:48:03,874 [INFO] [MainThread] Found 210 tracked, 205 finalized, 5 need retry
2026-04-28 15:48:03,874 [INFO] [MainThread] Retrying 5 meetings with 20 parallel workers...
2026-04-28 15:48:39,052 [INFO] [MainThread] SKIP  92103749144 — recording not in S3 yet
2026-04-28 15:48:39,265 [INFO] [MainThread] SKIP  92529102945 — recording not in S3 yet
2026-04-28 15:48:39,380 [INFO] [MainThread] SKIP  96481620985 — recording not in S3 yet
2026-04-28 15:48:39,659 [INFO] [MainThread] SKIP  99436339016 — recording not in S3 yet
2026-04-28 15:48:39,866 [INFO] [MainThread] SKIP  93654167667 — recording not in S3 yet
2026-04-28 15:48:39,867 [INFO] [MainThread] 
=== retry_unfinalized complete ===
  Finalized:     0
  No doc.txt:    0
  Still skipped: 5 (recording not in S3 yet)
  Errors:        0

2026-04-28 15:59:03,276 [INFO] [MainThread] Found credentials from IAM Role: transcript-ec2-role
2026-04-28 15:59:03,382 [INFO] [MainThread] === retry_unfinalized starting ===
2026-04-28 15:59:03,382 [INFO] [MainThread] Scanning temp/live-doc-history/ for unfinalized meetings...
2026-04-28 15:59:03,545 [INFO] [MainThread] Found 219 tracked, 205 finalized, 14 need retry
2026-04-28 15:59:03,545 [INFO] [MainThread] Retrying 14 meetings with 20 parallel workers...
2026-04-28 16:00:50,373 [INFO] [MainThread] SKIP  96481620985 — recording not in S3 yet
2026-04-28 16:00:51,083 [INFO] [MainThread] SKIP  93654167667 — recording not in S3 yet
2026-04-28 16:00:52,265 [INFO] [MainThread] SKIP  98715980166 — recording not in S3 yet
2026-04-28 16:00:52,374 [INFO] [MainThread] SKIP  92103749144 — recording not in S3 yet
2026-04-28 16:00:52,500 [INFO] [MainThread] SKIP  92347163309 — recording not in S3 yet
2026-04-28 16:00:52,545 [INFO] [MainThread] SKIP  94177696575 — recording not in S3 yet
2026-04-28 16:00:52,760 [INFO] [MainThread] SKIP  92529102945 — recording not in S3 yet
2026-04-28 16:00:52,883 [WARNING] [retry_13] Connection pool is full, discarding connection: zoom-automation-bucket.s3.amazonaws.com. Connection pool size: 10
2026-04-28 16:00:53,023 [INFO] [MainThread] SKIP  98568730996 — recording not in S3 yet
2026-04-28 16:00:53,035 [WARNING] [retry_3] Connection pool is full, discarding connection: zoom-automation-bucket.s3.amazonaws.com. Connection pool size: 9
2026-04-28 16:00:53,290 [INFO] [MainThread] SKIP  92638182097 — recording not in S3 yet
2026-04-28 16:00:53,350 [INFO] [MainThread] SKIP  95360700223 — recording not in S3 yet
2026-04-28 16:00:53,546 [INFO] [MainThread] SKIP  99436339016 — recording not in S3 yet
2026-04-28 16:00:53,552 [WARNING] [retry_10] Connection pool is full, discarding connection: zoom-automation-bucket.s3.amazonaws.com. Connection pool size: 10
2026-04-28 16:00:53,555 [INFO] [MainThread] SKIP  93753231521 — recording not in S3 yet
2026-04-28 16:00:53,698 [INFO] [MainThread] SKIP  93005190294 — recording not in S3 yet
2026-04-28 16:00:53,699 [WARNING] [retry_10] Connection pool is full, discarding connection: zoom-automation-bucket.s3.amazonaws.com. Connection pool size: 10
2026-04-28 16:00:53,772 [INFO] [MainThread] SKIP  96548879143 — recording not in S3 yet
2026-04-28 16:00:53,774 [INFO] [MainThread] 
=== retry_unfinalized complete ===
  Finalized:     0
  No doc.txt:    0
  Still skipped: 14 (recording not in S3 yet)
  Errors:        0

2026-04-28 16:10:01,620 [INFO] [MainThread] Found credentials from IAM Role: transcript-ec2-role
2026-04-28 16:10:01,763 [INFO] [MainThread] === retry_unfinalized starting ===
2026-04-28 16:10:01,764 [INFO] [MainThread] Scanning temp/live-doc-history/ for unfinalized meetings...
2026-04-28 16:10:02,005 [INFO] [MainThread] Found 219 tracked, 209 finalized, 10 need retry
2026-04-28 16:10:02,006 [INFO] [MainThread] Retrying 10 meetings with 20 parallel workers...
2026-04-28 16:11:16,673 [INFO] [MainThread] SKIP  98568730996 — recording not in S3 yet
2026-04-28 16:11:17,290 [INFO] [MainThread] SKIP  92103749144 — recording not in S3 yet
2026-04-28 16:11:17,739 [INFO] [MainThread] SKIP  96548879143 — recording not in S3 yet
2026-04-28 16:11:18,010 [INFO] [MainThread] SKIP  95360700223 — recording not in S3 yet
2026-04-28 16:11:18,020 [INFO] [MainThread] SKIP  93005190294 — recording not in S3 yet
2026-04-28 16:11:18,049 [INFO] [MainThread] SKIP  98715980166 — recording not in S3 yet
2026-04-28 16:11:18,132 [INFO] [MainThread] SKIP  92529102945 — recording not in S3 yet
2026-04-28 16:11:18,336 [INFO] [MainThread] SKIP  94177696575 — recording not in S3 yet
2026-04-28 16:11:18,338 [INFO] [MainThread] SKIP  93654167667 — recording not in S3 yet
2026-04-28 16:11:18,412 [INFO] [MainThread] SKIP  92347163309 — recording not in S3 yet
2026-04-28 16:11:18,413 [INFO] [MainThread] 
=== retry_unfinalized complete ===
  Finalized:     0
  No doc.txt:    0
  Still skipped: 10 (recording not in S3 yet)
  Errors:        0

2026-04-28 16:20:02,348 [INFO] [MainThread] Found credentials from IAM Role: transcript-ec2-role
2026-04-28 16:20:02,462 [INFO] [MainThread] === retry_unfinalized starting ===
2026-04-28 16:20:02,462 [INFO] [MainThread] Scanning temp/live-doc-history/ for unfinalized meetings...
2026-04-28 16:20:02,687 [INFO] [MainThread] Found 222 tracked, 211 finalized, 11 need retry
2026-04-28 16:20:02,687 [INFO] [MainThread] Retrying 11 meetings with 20 parallel workers...
2026-04-28 16:21:25,924 [INFO] [MainThread] SKIP  99954102511 — recording not in S3 yet
2026-04-28 16:21:26,571 [INFO] [MainThread] SKIP  92529102945 — recording not in S3 yet
2026-04-28 16:21:27,510 [INFO] [MainThread] SKIP  93688242150 — recording not in S3 yet
2026-04-28 16:21:27,860 [INFO] [MainThread] SKIP  99655929481 — recording not in S3 yet
2026-04-28 16:21:28,163 [INFO] [MainThread] SKIP  96548879143 — recording not in S3 yet
2026-04-28 16:21:28,255 [INFO] [MainThread] SKIP  94177696575 — recording not in S3 yet
2026-04-28 16:21:28,377 [INFO] [MainThread] SKIP  92347163309 — recording not in S3 yet
2026-04-28 16:21:28,406 [INFO] [MainThread] SKIP  98715980166 — recording not in S3 yet
2026-04-28 16:21:28,578 [WARNING] [retry_2] Connection pool is full, discarding connection: zoom-automation-bucket.s3.amazonaws.com. Connection pool size: 10
2026-04-28 16:21:28,625 [INFO] [MainThread] SKIP  98568730996 — recording not in S3 yet
2026-04-28 16:21:28,685 [INFO] [MainThread] SKIP  93005190294 — recording not in S3 yet
2026-04-28 16:21:28,961 [INFO] [MainThread] SKIP  95360700223 — recording not in S3 yet
2026-04-28 16:21:28,963 [INFO] [MainThread] 
=== retry_unfinalized complete ===
  Finalized:     0
  No doc.txt:    0
  Still skipped: 11 (recording not in S3 yet)
  Errors:        0

2026-04-28 16:30:03,251 [INFO] [MainThread] Found credentials from IAM Role: transcript-ec2-role
2026-04-28 16:30:03,359 [INFO] [MainThread] === retry_unfinalized starting ===
2026-04-28 16:30:03,359 [INFO] [MainThread] Scanning temp/live-doc-history/ for unfinalized meetings...
2026-04-28 16:30:03,534 [INFO] [MainThread] Found 222 tracked, 213 finalized, 9 need retry
2026-04-28 16:30:03,534 [INFO] [MainThread] Retrying 9 meetings with 20 parallel workers...
2026-04-28 16:31:07,787 [INFO] [MainThread] SKIP  92347163309 — recording not in S3 yet
2026-04-28 16:31:08,315 [INFO] [MainThread] SKIP  93005190294 — recording not in S3 yet
2026-04-28 16:31:08,479 [INFO] [MainThread] SKIP  99655929481 — recording not in S3 yet
2026-04-28 16:31:08,829 [INFO] [MainThread] SKIP  99954102511 — recording not in S3 yet
2026-04-28 16:31:09,006 [INFO] [MainThread] SKIP  98568730996 — recording not in S3 yet
2026-04-28 16:31:09,174 [INFO] [MainThread] SKIP  94177696575 — recording not in S3 yet
2026-04-28 16:31:09,376 [INFO] [MainThread] SKIP  95360700223 — recording not in S3 yet
2026-04-28 16:31:09,407 [INFO] [MainThread] SKIP  98715980166 — recording not in S3 yet
2026-04-28 16:31:09,482 [INFO] [MainThread] SKIP  96548879143 — recording not in S3 yet
2026-04-28 16:31:09,483 [INFO] [MainThread] 
=== retry_unfinalized complete ===
  Finalized:     0
  No doc.txt:    0
  Still skipped: 9 (recording not in S3 yet)
  Errors:        0

2026-04-28 16:40:12,928 [INFO] [MainThread] Found credentials from IAM Role: transcript-ec2-role
2026-04-28 16:40:13,061 [INFO] [MainThread] === retry_unfinalized starting ===
2026-04-28 16:40:13,061 [INFO] [MainThread] Scanning temp/live-doc-history/ for unfinalized meetings...
2026-04-28 16:40:13,321 [INFO] [MainThread] Found 222 tracked, 216 finalized, 6 need retry
2026-04-28 16:40:13,322 [INFO] [MainThread] Retrying 6 meetings with 20 parallel workers...
2026-04-28 16:40:56,897 [INFO] [MainThread] SKIP  94177696575 — recording not in S3 yet
2026-04-28 16:40:57,306 [INFO] [MainThread] SKIP  99954102511 — recording not in S3 yet
2026-04-28 16:40:57,306 [INFO] [MainThread] SKIP  98715980166 — recording not in S3 yet
2026-04-28 16:40:57,642 [INFO] [MainThread] SKIP  99655929481 — recording not in S3 yet
2026-04-28 16:40:57,687 [INFO] [MainThread] SKIP  95360700223 — recording not in S3 yet
2026-04-28 16:40:57,811 [INFO] [MainThread] SKIP  93005190294 — recording not in S3 yet
2026-04-28 16:40:57,812 [INFO] [MainThread] 
=== retry_unfinalized complete ===
  Finalized:     0
  No doc.txt:    0
  Still skipped: 6 (recording not in S3 yet)
  Errors:        0

2026-04-28 16:51:03,252 [INFO] [MainThread] Found credentials from IAM Role: transcript-ec2-role
2026-04-28 16:51:03,360 [INFO] [MainThread] === retry_unfinalized starting ===
2026-04-28 16:51:03,360 [INFO] [MainThread] Scanning temp/live-doc-history/ for unfinalized meetings...
2026-04-28 16:51:03,537 [INFO] [MainThread] Found 231 tracked, 219 finalized, 12 need retry
2026-04-28 16:51:03,538 [INFO] [MainThread] Retrying 12 meetings with 20 parallel workers...
2026-04-28 16:52:36,509 [INFO] [MainThread] SKIP  93005190294 — recording not in S3 yet
2026-04-28 16:52:36,888 [INFO] [MainThread] SKIP  93516258483 — recording not in S3 yet
2026-04-28 16:52:37,055 [INFO] [MainThread] SKIP  97956870577 — recording not in S3 yet
2026-04-28 16:52:37,307 [INFO] [MainThread] SKIP  99954102511 — recording not in S3 yet
2026-04-28 16:52:37,756 [INFO] [MainThread] SKIP  91071465732 — recording not in S3 yet
2026-04-28 16:52:37,815 [INFO] [MainThread] SKIP  97827774697 — recording not in S3 yet
2026-04-28 16:52:37,962 [INFO] [MainThread] SKIP  99655929481 — recording not in S3 yet
2026-04-28 16:52:38,488 [WARNING] [retry_9] Connection pool is full, discarding connection: zoom-automation-bucket.s3.amazonaws.com. Connection pool size: 10
2026-04-28 16:52:38,530 [INFO] [MainThread] SKIP  94177696575 — recording not in S3 yet
2026-04-28 16:52:38,620 [INFO] [MainThread] SKIP  97232435519 — recording not in S3 yet
2026-04-28 16:52:38,639 [INFO] [MainThread] SKIP  98219447532 — recording not in S3 yet
2026-04-28 16:52:38,720 [INFO] [MainThread] SKIP  91003504467 — recording not in S3 yet
2026-04-28 16:52:38,721 [WARNING] [retry_6] Connection pool is full, discarding connection: zoom-automation-bucket.s3.amazonaws.com. Connection pool size: 10
2026-04-28 16:52:38,794 [INFO] [MainThread] SKIP  97823142215 — recording not in S3 yet
2026-04-28 16:52:38,795 [INFO] [MainThread] 
=== retry_unfinalized complete ===
  Finalized:     0
  No doc.txt:    0
  Still skipped: 12 (recording not in S3 yet)
  Errors:        0

2026-04-28 17:02:03,307 [INFO] [MainThread] Found credentials from IAM Role: transcript-ec2-role
2026-04-28 17:02:03,419 [INFO] [MainThread] === retry_unfinalized starting ===
2026-04-28 17:02:03,419 [INFO] [MainThread] Scanning temp/live-doc-history/ for unfinalized meetings...
2026-04-28 17:02:03,603 [INFO] [MainThread] Found 233 tracked, 222 finalized, 11 need retry
2026-04-28 17:02:03,604 [INFO] [MainThread] Retrying 11 meetings with 20 parallel workers...
2026-04-28 17:03:25,308 [INFO] [MainThread] SKIP  93921780367 — recording not in S3 yet
2026-04-28 17:03:26,049 [INFO] [MainThread] SKIP  92983319880 — recording not in S3 yet
2026-04-28 17:03:26,509 [INFO] [MainThread] SKIP  91071465732 — recording not in S3 yet
2026-04-28 17:03:26,591 [INFO] [MainThread] SKIP  98219447532 — recording not in S3 yet
2026-04-28 17:03:27,186 [INFO] [MainThread] SKIP  93516258483 — recording not in S3 yet
2026-04-28 17:03:27,192 [INFO] [MainThread] SKIP  97232435519 — recording not in S3 yet
2026-04-28 17:03:27,285 [INFO] [MainThread] SKIP  91003504467 — recording not in S3 yet
2026-04-28 17:03:27,634 [INFO] [MainThread] SKIP  97827774697 — recording not in S3 yet
2026-04-28 17:03:27,661 [INFO] [MainThread] SKIP  97823142215 — recording not in S3 yet
2026-04-28 17:03:27,746 [INFO] [MainThread] SKIP  97956870577 — recording not in S3 yet
2026-04-28 17:03:27,748 [WARNING] [retry_10] Connection pool is full, discarding connection: zoom-automation-bucket.s3.amazonaws.com. Connection pool size: 10
2026-04-28 17:03:27,821 [INFO] [MainThread] SKIP  99954102511 — recording not in S3 yet
2026-04-28 17:03:27,822 [INFO] [MainThread] 
=== retry_unfinalized complete ===
  Finalized:     0
  No doc.txt:    0
  Still skipped: 11 (recording not in S3 yet)
  Errors:        0

2026-04-28 17:12:03,481 [INFO] [MainThread] Found credentials from IAM Role: transcript-ec2-role
2026-04-28 17:12:03,588 [INFO] [MainThread] === retry_unfinalized starting ===
2026-04-28 17:12:03,588 [INFO] [MainThread] Scanning temp/live-doc-history/ for unfinalized meetings...
2026-04-28 17:12:03,780 [INFO] [MainThread] Found 234 tracked, 222 finalized, 12 need retry
2026-04-28 17:12:03,780 [INFO] [MainThread] Retrying 12 meetings with 20 parallel workers...
2026-04-28 17:13:30,225 [INFO] [MainThread] SKIP  98219447532 — recording not in S3 yet
2026-04-28 17:13:32,073 [INFO] [MainThread] SKIP  97827774697 — recording not in S3 yet
2026-04-28 17:13:33,097 [INFO] [MainThread] SKIP  95552150441 — recording not in S3 yet
2026-04-28 17:13:33,258 [INFO] [MainThread] SKIP  97232435519 — recording not in S3 yet
2026-04-28 17:13:33,536 [INFO] [MainThread] SKIP  97823142215 — recording not in S3 yet
2026-04-28 17:13:34,083 [INFO] [MainThread] SKIP  93516258483 — recording not in S3 yet
2026-04-28 17:13:34,182 [INFO] [MainThread] SKIP  93921780367 — recording not in S3 yet
2026-04-28 17:13:34,318 [INFO] [MainThread] SKIP  91003504467 — recording not in S3 yet
2026-04-28 17:13:34,443 [WARNING] [retry_9] Connection pool is full, discarding connection: zoom-automation-bucket.s3.amazonaws.com. Connection pool size: 10
2026-04-28 17:13:34,475 [WARNING] [retry_11] Connection pool is full, discarding connection: zoom-automation-bucket.s3.amazonaws.com. Connection pool size: 10
2026-04-28 17:13:34,757 [INFO] [MainThread] SKIP  97956870577 — recording not in S3 yet
2026-04-28 17:13:34,763 [INFO] [MainThread] SKIP  99954102511 — recording not in S3 yet
2026-04-28 17:13:35,076 [INFO] [MainThread] SKIP  92983319880 — recording not in S3 yet
2026-04-28 17:13:35,167 [INFO] [MainThread] SKIP  91071465732 — recording not in S3 yet
2026-04-28 17:13:35,168 [INFO] [MainThread] 
=== retry_unfinalized complete ===
  Finalized:     0
  No doc.txt:    0
  Still skipped: 12 (recording not in S3 yet)
  Errors:        0

2026-04-28 17:23:03,265 [INFO] [MainThread] Found credentials from IAM Role: transcript-ec2-role
2026-04-28 17:23:03,379 [INFO] [MainThread] === retry_unfinalized starting ===
2026-04-28 17:23:03,379 [INFO] [MainThread] Scanning temp/live-doc-history/ for unfinalized meetings...
2026-04-28 17:23:03,559 [INFO] [MainThread] Found 238 tracked, 223 finalized, 15 need retry
2026-04-28 17:23:03,559 [INFO] [MainThread] Retrying 15 meetings with 20 parallel workers...
2026-04-28 17:25:02,873 [INFO] [MainThread] SKIP  92983319880 — recording not in S3 yet
2026-04-28 17:25:03,161 [INFO] [MainThread] SKIP  91384783509 — recording not in S3 yet
2026-04-28 17:25:03,479 [INFO] [MainThread] SKIP  99954102511 — recording not in S3 yet
2026-04-28 17:25:03,988 [INFO] [MainThread] SKIP  97956870577 — recording not in S3 yet
2026-04-28 17:25:04,084 [INFO] [MainThread] SKIP  97823142215 — recording not in S3 yet
2026-04-28 17:25:04,388 [WARNING] [retry_6] Connection pool is full, discarding connection: zoom-automation-bucket.s3.amazonaws.com. Connection pool size: 10
2026-04-28 17:25:04,445 [WARNING] [retry_11] Connection pool is full, discarding connection: zoom-automation-bucket.s3.amazonaws.com. Connection pool size: 10
2026-04-28 17:25:04,476 [WARNING] [retry_9] Connection pool is full, discarding connection: zoom-automation-bucket.s3.amazonaws.com. Connection pool size: 10
2026-04-28 17:25:04,546 [INFO] [MainThread] SKIP  91003504467 — recording not in S3 yet
2026-04-28 17:25:04,689 [WARNING] [retry_5] Connection pool is full, discarding connection: zoom-automation-bucket.s3.amazonaws.com. Connection pool size: 10
2026-04-28 17:25:05,270 [INFO] [MainThread] SKIP  94660474113 — recording not in S3 yet
2026-04-28 17:25:05,597 [INFO] [MainThread] SKIP  95552150441 — recording not in S3 yet
2026-04-28 17:25:05,598 [INFO] [MainThread] SKIP  93921780367 — recording not in S3 yet
2026-04-28 17:25:05,871 [INFO] [MainThread] SKIP  93516258483 — recording not in S3 yet
2026-04-28 17:25:05,967 [INFO] [MainThread] SKIP  96095540991 — recording not in S3 yet
2026-04-28 17:25:06,138 [WARNING] [retry_9] Connection pool is full, discarding connection: zoom-automation-bucket.s3.amazonaws.com. Connection pool size: 10
2026-04-28 17:25:06,195 [INFO] [MainThread] SKIP  98219447532 — recording not in S3 yet
2026-04-28 17:25:06,274 [INFO] [MainThread] SKIP  97232435519 — recording not in S3 yet
2026-04-28 17:25:06,461 [INFO] [MainThread] SKIP  95403231010 — recording not in S3 yet
2026-04-28 17:25:06,535 [INFO] [MainThread] SKIP  97827774697 — recording not in S3 yet
2026-04-28 17:25:06,536 [INFO] [MainThread] 
=== retry_unfinalized complete ===
  Finalized:     0
  No doc.txt:    0
  Still skipped: 15 (recording not in S3 yet)
  Errors:        0

2026-04-28 17:33:03,368 [INFO] [MainThread] Found credentials from IAM Role: transcript-ec2-role
2026-04-28 17:33:03,493 [INFO] [MainThread] === retry_unfinalized starting ===
2026-04-28 17:33:03,494 [INFO] [MainThread] Scanning temp/live-doc-history/ for unfinalized meetings...
2026-04-28 17:33:03,676 [INFO] [MainThread] Found 239 tracked, 225 finalized, 14 need retry
2026-04-28 17:33:03,677 [INFO] [MainThread] Retrying 14 meetings with 20 parallel workers...
2026-04-28 17:33:45,583 [WARNING] [retry_8] Connection pool is full, discarding connection: zoom-automation-bucket.s3.amazonaws.com. Connection pool size: 10
2026-04-28 17:34:02,603 [WARNING] [retry_1] Connection pool is full, discarding connection: zoom-automation-bucket.s3.amazonaws.com. Connection pool size: 10
2026-04-28 17:34:53,165 [INFO] [MainThread] SKIP  91003504467 — recording not in S3 yet
2026-04-28 17:34:54,959 [INFO] [MainThread] SKIP  95403231010 — recording not in S3 yet
2026-04-28 17:34:55,812 [INFO] [MainThread] SKIP  97823142215 — recording not in S3 yet
2026-04-28 17:34:56,262 [INFO] [MainThread] SKIP  99954102511 — recording not in S3 yet
2026-04-28 17:34:56,483 [INFO] [MainThread] SKIP  91384783509 — recording not in S3 yet
2026-04-28 17:34:56,715 [WARNING] [retry_8] Connection pool is full, discarding connection: zoom-automation-bucket.s3.amazonaws.com. Connection pool size: 10
2026-04-28 17:34:57,009 [INFO] [MainThread] SKIP  95552150441 — recording not in S3 yet
2026-04-28 17:34:57,143 [INFO] [MainThread] SKIP  94660474113 — recording not in S3 yet
2026-04-28 17:34:57,193 [WARNING] [retry_3] Connection pool is full, discarding connection: zoom-automation-bucket.s3.amazonaws.com. Connection pool size: 10
2026-04-28 17:34:57,275 [INFO] [MainThread] SKIP  98219447532 — recording not in S3 yet
2026-04-28 17:34:57,532 [INFO] [MainThread] SKIP  92983319880 — recording not in S3 yet
2026-04-28 17:34:57,590 [INFO] [MainThread] SKIP  96095540991 — recording not in S3 yet
2026-04-28 17:34:57,666 [WARNING] [retry_9] Connection pool is full, discarding connection: zoom-automation-bucket.s3.amazonaws.com. Connection pool size: 10
2026-04-28 17:34:57,835 [INFO] [MainThread] SKIP  93921780367 — recording not in S3 yet
2026-04-28 17:34:58,067 [INFO] [MainThread] SKIP  97232435519 — recording not in S3 yet
2026-04-28 17:34:58,256 [WARNING] [retry_11] Connection pool is full, discarding connection: zoom-automation-bucket.s3.amazonaws.com. Connection pool size: 10
2026-04-28 17:34:58,296 [INFO] [MainThread] SKIP  97598852843 — recording not in S3 yet
2026-04-28 17:34:58,351 [INFO] [MainThread] SKIP  97827774697 — recording not in S3 yet
2026-04-28 17:34:58,352 [INFO] [MainThread] 
=== retry_unfinalized complete ===
  Finalized:     0
  No doc.txt:    0
  Still skipped: 14 (recording not in S3 yet)
  Errors:        0

2026-04-28 17:44:03,286 [INFO] [MainThread] Found credentials from IAM Role: transcript-ec2-role
2026-04-28 17:44:03,400 [INFO] [MainThread] === retry_unfinalized starting ===
2026-04-28 17:44:03,400 [INFO] [MainThread] Scanning temp/live-doc-history/ for unfinalized meetings...
2026-04-28 17:44:03,588 [INFO] [MainThread] Found 239 tracked, 229 finalized, 10 need retry
2026-04-28 17:44:03,589 [INFO] [MainThread] Retrying 10 meetings with 20 parallel workers...
2026-04-28 17:45:17,545 [INFO] [MainThread] SKIP  98219447532 — recording not in S3 yet
2026-04-28 17:45:17,545 [INFO] [MainThread] SKIP  91384783509 — recording not in S3 yet
2026-04-28 17:45:18,857 [INFO] [MainThread] SKIP  95552150441 — recording not in S3 yet
2026-04-28 17:45:18,902 [INFO] [MainThread] SKIP  99954102511 — recording not in S3 yet
2026-04-28 17:45:19,092 [INFO] [MainThread] SKIP  94660474113 — recording not in S3 yet
2026-04-28 17:45:19,160 [INFO] [MainThread] SKIP  92983319880 — recording not in S3 yet
2026-04-28 17:45:19,296 [INFO] [MainThread] SKIP  96095540991 — recording not in S3 yet
2026-04-28 17:45:19,529 [INFO] [MainThread] SKIP  97232435519 — recording not in S3 yet
2026-04-28 17:45:19,559 [INFO] [MainThread] SKIP  95403231010 — recording not in S3 yet
2026-04-28 17:45:19,999 [INFO] [MainThread] SKIP  97823142215 — recording not in S3 yet
2026-04-28 17:45:20,000 [INFO] [MainThread] 
=== retry_unfinalized complete ===
  Finalized:     0
  No doc.txt:    0
  Still skipped: 10 (recording not in S3 yet)
  Errors:        0

2026-04-28 17:55:03,265 [INFO] [MainThread] Found credentials from IAM Role: transcript-ec2-role
2026-04-28 17:55:03,374 [INFO] [MainThread] === retry_unfinalized starting ===
2026-04-28 17:55:03,374 [INFO] [MainThread] Scanning temp/live-doc-history/ for unfinalized meetings...
2026-04-28 17:55:03,562 [INFO] [MainThread] Found 243 tracked, 232 finalized, 11 need retry
2026-04-28 17:55:03,562 [INFO] [MainThread] Retrying 11 meetings with 20 parallel workers...
2026-04-28 17:56:26,746 [INFO] [MainThread] SKIP  96752073838 — recording not in S3 yet
2026-04-28 17:56:27,043 [INFO] [MainThread] SKIP  99084678129 — recording not in S3 yet
2026-04-28 17:56:27,179 [INFO] [MainThread] SKIP  97823142215 — recording not in S3 yet
2026-04-28 17:56:27,621 [INFO] [MainThread] SKIP  97232435519 — recording not in S3 yet
2026-04-28 17:56:27,642 [INFO] [MainThread] SKIP  96937150222 — recording not in S3 yet
2026-04-28 17:56:27,862 [INFO] [MainThread] SKIP  94660474113 — recording not in S3 yet
2026-04-28 17:56:28,065 [INFO] [MainThread] SKIP  99954102511 — recording not in S3 yet
2026-04-28 17:56:28,146 [INFO] [MainThread] SKIP  95403231010 — recording not in S3 yet
2026-04-28 17:56:28,291 [INFO] [MainThread] SKIP  98219447532 — recording not in S3 yet
2026-04-28 17:56:28,370 [INFO] [MainThread] SKIP  96095540991 — recording not in S3 yet
2026-04-28 17:56:28,370 [WARNING] [retry_1] Connection pool is full, discarding connection: zoom-automation-bucket.s3.amazonaws.com. Connection pool size: 10
2026-04-28 17:56:28,443 [INFO] [MainThread] SKIP  95343613750 — recording not in S3 yet
2026-04-28 17:56:28,444 [INFO] [MainThread] 
=== retry_unfinalized complete ===
  Finalized:     0
  No doc.txt:    0
  Still skipped: 11 (recording not in S3 yet)
  Errors:        0

2026-04-28 18:06:03,312 [INFO] [MainThread] Found credentials from IAM Role: transcript-ec2-role
2026-04-28 18:06:03,430 [INFO] [MainThread] === retry_unfinalized starting ===
2026-04-28 18:06:03,430 [INFO] [MainThread] Scanning temp/live-doc-history/ for unfinalized meetings...
2026-04-28 18:06:03,699 [INFO] [MainThread] Found 245 tracked, 233 finalized, 12 need retry
2026-04-28 18:06:03,699 [INFO] [MainThread] Retrying 12 meetings with 20 parallel workers...
2026-04-28 18:07:33,662 [INFO] [MainThread] SKIP  94161513928 — recording not in S3 yet
2026-04-28 18:07:34,058 [INFO] [MainThread] SKIP  96752073838 — recording not in S3 yet
2026-04-28 18:07:35,168 [INFO] [MainThread] SKIP  98219447532 — recording not in S3 yet
2026-04-28 18:07:35,174 [INFO] [MainThread] SKIP  99954102511 — recording not in S3 yet
2026-04-28 18:07:35,614 [INFO] [MainThread] SKIP  96095540991 — recording not in S3 yet
2026-04-28 18:07:35,723 [INFO] [MainThread] SKIP  94660474113 — recording not in S3 yet
2026-04-28 18:07:35,932 [INFO] [MainThread] SKIP  94228461065 — recording not in S3 yet
2026-04-28 18:07:36,134 [WARNING] [retry_7] Connection pool is full, discarding connection: zoom-automation-bucket.s3.amazonaws.com. Connection pool size: 10
2026-04-28 18:07:36,139 [INFO] [MainThread] SKIP  95343613750 — recording not in S3 yet
2026-04-28 18:07:36,208 [WARNING] [retry_4] Connection pool is full, discarding connection: zoom-automation-bucket.s3.amazonaws.com. Connection pool size: 10
2026-04-28 18:07:36,240 [INFO] [MainThread] SKIP  97823142215 — recording not in S3 yet
2026-04-28 18:07:36,270 [INFO] [MainThread] SKIP  99084678129 — recording not in S3 yet
2026-04-28 18:07:36,328 [INFO] [MainThread] SKIP  95403231010 — recording not in S3 yet
2026-04-28 18:07:36,406 [INFO] [MainThread] SKIP  97232435519 — recording not in S3 yet
2026-04-28 18:07:36,407 [INFO] [MainThread] 
=== retry_unfinalized complete ===
  Finalized:     0
  No doc.txt:    0
  Still skipped: 12 (recording not in S3 yet)
  Errors:        0

2026-04-28 18:16:03,466 [INFO] [MainThread] Found credentials from IAM Role: transcript-ec2-role
2026-04-28 18:16:03,575 [INFO] [MainThread] === retry_unfinalized starting ===
2026-04-28 18:16:03,575 [INFO] [MainThread] Scanning temp/live-doc-history/ for unfinalized meetings...
2026-04-28 18:16:03,773 [INFO] [MainThread] Found 246 tracked, 237 finalized, 9 need retry
2026-04-28 18:16:03,773 [INFO] [MainThread] Retrying 9 meetings with 20 parallel workers...
2026-04-28 18:17:14,744 [INFO] [MainThread] SKIP  97663454717 — recording not in S3 yet
2026-04-28 18:17:15,354 [INFO] [MainThread] SKIP  95403231010 — recording not in S3 yet
2026-04-28 18:17:15,896 [INFO] [MainThread] SKIP  94228461065 — recording not in S3 yet
2026-04-28 18:17:15,936 [INFO] [MainThread] SKIP  94161513928 — recording not in S3 yet
2026-04-28 18:17:15,952 [INFO] [MainThread] SKIP  95343613750 — recording not in S3 yet
2026-04-28 18:17:15,987 [INFO] [MainThread] SKIP  99954102511 — recording not in S3 yet
2026-04-28 18:17:16,071 [INFO] [MainThread] SKIP  98219447532 — recording not in S3 yet
2026-04-28 18:17:16,582 [INFO] [MainThread] SKIP  96095540991 — recording not in S3 yet
2026-04-28 18:17:16,682 [INFO] [MainThread] SKIP  99084678129 — recording not in S3 yet
2026-04-28 18:17:16,683 [INFO] [MainThread] 
=== retry_unfinalized complete ===
  Finalized:     0
  No doc.txt:    0
  Still skipped: 9 (recording not in S3 yet)
  Errors:        0

2026-04-28 18:27:03,316 [INFO] [MainThread] Found credentials from IAM Role: transcript-ec2-role
2026-04-28 18:27:03,426 [INFO] [MainThread] === retry_unfinalized starting ===
2026-04-28 18:27:03,426 [INFO] [MainThread] Scanning temp/live-doc-history/ for unfinalized meetings...
2026-04-28 18:27:03,834 [INFO] [MainThread] Found 249 tracked, 240 finalized, 9 need retry
2026-04-28 18:27:03,834 [INFO] [MainThread] Retrying 9 meetings with 20 parallel workers...
2026-04-28 18:28:13,751 [INFO] [MainThread] SKIP  95527253855 — recording not in S3 yet
2026-04-28 18:28:13,933 [INFO] [MainThread] SKIP  98219447532 — recording not in S3 yet
2026-04-28 18:28:13,957 [INFO] [MainThread] SKIP  94228461065 — recording not in S3 yet
2026-04-28 18:28:14,295 [INFO] [MainThread] SKIP  99084678129 — recording not in S3 yet
2026-04-28 18:28:14,568 [INFO] [MainThread] SKIP  95343613750 — recording not in S3 yet
2026-04-28 18:28:14,824 [INFO] [MainThread] SKIP  96095540991 — recording not in S3 yet
2026-04-28 18:28:14,829 [INFO] [MainThread] SKIP  98069059367 — recording not in S3 yet
2026-04-28 18:28:14,960 [INFO] [MainThread] SKIP  97663454717 — recording not in S3 yet
2026-04-28 18:28:15,054 [INFO] [MainThread] SKIP  95245307103 — recording not in S3 yet
2026-04-28 18:28:15,057 [INFO] [MainThread] 
=== retry_unfinalized complete ===
  Finalized:     0
  No doc.txt:    0
  Still skipped: 9 (recording not in S3 yet)
  Errors:        0

2026-04-28 18:38:03,269 [INFO] [MainThread] Found credentials from IAM Role: transcript-ec2-role
2026-04-28 18:38:03,379 [INFO] [MainThread] === retry_unfinalized starting ===
2026-04-28 18:38:03,379 [INFO] [MainThread] Scanning temp/live-doc-history/ for unfinalized meetings...
2026-04-28 18:38:03,557 [INFO] [MainThread] Found 251 tracked, 243 finalized, 8 need retry
2026-04-28 18:38:03,557 [INFO] [MainThread] Retrying 8 meetings with 20 parallel workers...
2026-04-28 18:39:02,007 [INFO] [MainThread] SKIP  95245307103 — recording not in S3 yet
2026-04-28 18:39:02,138 [INFO] [MainThread] SKIP  95527253855 — recording not in S3 yet
2026-04-28 18:39:02,160 [INFO] [MainThread] SKIP  99084678129 — recording not in S3 yet
2026-04-28 18:39:02,306 [INFO] [MainThread] SKIP  97663454717 — recording not in S3 yet
2026-04-28 18:39:02,333 [INFO] [MainThread] SKIP  94228461065 — recording not in S3 yet
2026-04-28 18:39:02,423 [INFO] [MainThread] SKIP  98148527857 — recording not in S3 yet
2026-04-28 18:39:02,529 [INFO] [MainThread] SKIP  95343613750 — recording not in S3 yet
2026-04-28 18:39:02,614 [INFO] [MainThread] SKIP  98069059367 — recording not in S3 yet
2026-04-28 18:39:02,615 [INFO] [MainThread] 
=== retry_unfinalized complete ===
  Finalized:     0
  No doc.txt:    0
  Still skipped: 8 (recording not in S3 yet)
  Errors:        0

2026-04-28 18:49:03,280 [INFO] [MainThread] Found credentials from IAM Role: transcript-ec2-role
2026-04-28 18:49:03,395 [INFO] [MainThread] === retry_unfinalized starting ===
2026-04-28 18:49:03,395 [INFO] [MainThread] Scanning temp/live-doc-history/ for unfinalized meetings...
2026-04-28 18:49:03,581 [INFO] [MainThread] Found 255 tracked, 245 finalized, 10 need retry
2026-04-28 18:49:03,582 [INFO] [MainThread] Retrying 10 meetings with 20 parallel workers...
2026-04-28 18:50:21,497 [INFO] [MainThread] SKIP  94228461065 — recording not in S3 yet
2026-04-28 18:50:24,535 [INFO] [MainThread] SKIP  95527253855 — recording not in S3 yet
2026-04-28 18:50:24,546 [INFO] [MainThread] SKIP  95245307103 — recording not in S3 yet
2026-04-28 18:50:25,153 [INFO] [MainThread] SKIP  95973307155 — recording not in S3 yet
2026-04-28 18:50:25,185 [INFO] [MainThread] SKIP  98069059367 — recording not in S3 yet
2026-04-28 18:50:25,203 [INFO] [MainThread] SKIP  98148527857 — recording not in S3 yet
2026-04-28 18:50:25,448 [INFO] [MainThread] SKIP  96134021246 — recording not in S3 yet
2026-04-28 18:50:25,459 [INFO] [MainThread] SKIP  95343613750 — recording not in S3 yet
2026-04-28 18:50:25,495 [INFO] [MainThread] SKIP  95001734583 — recording not in S3 yet
2026-04-28 18:50:25,873 [INFO] [MainThread] SKIP  96833833441 — recording not in S3 yet
2026-04-28 18:50:25,877 [INFO] [MainThread] 
=== retry_unfinalized complete ===
  Finalized:     0
  No doc.txt:    0
  Still skipped: 10 (recording not in S3 yet)
  Errors:        0

2026-04-28 19:00:01,583 [INFO] [MainThread] Found credentials from IAM Role: transcript-ec2-role
2026-04-28 19:00:01,714 [INFO] [MainThread] === retry_unfinalized starting ===
2026-04-28 19:00:01,714 [INFO] [MainThread] Scanning temp/live-doc-history/ for unfinalized meetings...
2026-04-28 19:00:01,994 [INFO] [MainThread] Found 263 tracked, 247 finalized, 16 need retry
2026-04-28 19:00:01,994 [INFO] [MainThread] Retrying 16 meetings with 20 parallel workers...
2026-04-28 19:00:41,208 [WARNING] [retry_11] Connection pool is full, discarding connection: zoom-automation-bucket.s3.amazonaws.com. Connection pool size: 10
2026-04-28 19:00:44,047 [WARNING] [retry_1] Connection pool is full, discarding connection: zoom-automation-bucket.s3.amazonaws.com. Connection pool size: 10
2026-04-28 19:01:35,008 [WARNING] [retry_5] Connection pool is full, discarding connection: zoom-automation-bucket.s3.amazonaws.com. Connection pool size: 10
2026-04-28 19:02:09,065 [INFO] [MainThread] SKIP  99761868170 — recording not in S3 yet
2026-04-28 19:02:09,333 [INFO] [MainThread] SKIP  95669764264 — recording not in S3 yet
2026-04-28 19:02:09,746 [INFO] [MainThread] SKIP  96134021246 — recording not in S3 yet
2026-04-28 19:02:10,236 [INFO] [MainThread] SKIP  91892888688 — recording not in S3 yet
2026-04-28 19:02:10,337 [INFO] [MainThread] SKIP  98148527857 — recording not in S3 yet
2026-04-28 19:02:10,965 [INFO] [MainThread] SKIP  98878852243 — recording not in S3 yet
2026-04-28 19:02:10,981 [WARNING] [retry_10] Connection pool is full, discarding connection: zoom-automation-bucket.s3.amazonaws.com. Connection pool size: 10
2026-04-28 19:02:11,045 [WARNING] [retry_5] Connection pool is full, discarding connection: zoom-automation-bucket.s3.amazonaws.com. Connection pool size: 10
2026-04-28 19:02:11,132 [INFO] [MainThread] SKIP  94228461065 — recording not in S3 yet
2026-04-28 19:02:11,262 [INFO] [MainThread] SKIP  95065876453 — recording not in S3 yet
2026-04-28 19:02:11,386 [INFO] [MainThread] SKIP  95343613750 — recording not in S3 yet
2026-04-28 19:02:11,512 [INFO] [MainThread] SKIP  95973307155 — recording not in S3 yet
2026-04-28 19:02:11,741 [WARNING] [retry_4] Connection pool is full, discarding connection: zoom-automation-bucket.s3.amazonaws.com. Connection pool size: 9
2026-04-28 19:02:11,926 [INFO] [MainThread] SKIP  97564268952 — recording not in S3 yet
2026-04-28 19:02:12,027 [WARNING] [retry_9] Connection pool is full, discarding connection: zoom-automation-bucket.s3.amazonaws.com. Connection pool size: 10
2026-04-28 19:02:12,086 [WARNING] [retry_13] Connection pool is full, discarding connection: zoom-automation-bucket.s3.amazonaws.com. Connection pool size: 10
2026-04-28 19:02:12,261 [INFO] [MainThread] SKIP  96833833441 — recording not in S3 yet
2026-04-28 19:02:12,284 [INFO] [MainThread] SKIP  98069059367 — recording not in S3 yet
2026-04-28 19:02:12,365 [INFO] [MainThread] SKIP  98727577321 — recording not in S3 yet
2026-04-28 19:02:12,482 [INFO] [MainThread] SKIP  91865649034 — recording not in S3 yet
2026-04-28 19:02:12,557 [INFO] [MainThread] SKIP  95245307103 — recording not in S3 yet
2026-04-28 19:02:12,559 [INFO] [MainThread] 
=== retry_unfinalized complete ===
  Finalized:     0
  No doc.txt:    0
  Still skipped: 16 (recording not in S3 yet)
  Errors:        0

2026-04-28 19:10:02,017 [INFO] [MainThread] Found credentials from IAM Role: transcript-ec2-role
2026-04-28 19:10:02,142 [INFO] [MainThread] === retry_unfinalized starting ===
2026-04-28 19:10:02,142 [INFO] [MainThread] Scanning temp/live-doc-history/ for unfinalized meetings...
2026-04-28 19:10:02,338 [INFO] [MainThread] Found 265 tracked, 248 finalized, 17 need retry
2026-04-28 19:10:02,338 [INFO] [MainThread] Retrying 17 meetings with 20 parallel workers...
2026-04-28 19:10:42,377 [WARNING] [retry_3] Connection pool is full, discarding connection: zoom-automation-bucket.s3.amazonaws.com. Connection pool size: 9
2026-04-28 19:11:41,462 [WARNING] [retry_6] Connection pool is full, discarding connection: zoom-automation-bucket.s3.amazonaws.com. Connection pool size: 10
2026-04-28 19:12:00,225 [WARNING] [retry_12] Connection pool is full, discarding connection: zoom-automation-bucket.s3.amazonaws.com. Connection pool size: 10
2026-04-28 19:12:21,918 [INFO] [MainThread] SKIP  91892888688 — recording not in S3 yet
2026-04-28 19:12:23,429 [INFO] [MainThread] SKIP  94051426958 — recording not in S3 yet
2026-04-28 19:12:23,621 [INFO] [MainThread] SKIP  96833833441 — recording not in S3 yet
2026-04-28 19:12:24,464 [INFO] [MainThread] SKIP  99761868170 — recording not in S3 yet
2026-04-28 19:12:24,493 [INFO] [MainThread] SKIP  95065876453 — recording not in S3 yet
2026-04-28 19:12:24,636 [INFO] [MainThread] SKIP  98727577321 — recording not in S3 yet
2026-04-28 19:12:24,741 [INFO] [MainThread] SKIP  91865649034 — recording not in S3 yet
2026-04-28 19:12:24,917 [WARNING] [retry_9] Connection pool is full, discarding connection: zoom-automation-bucket.s3.amazonaws.com. Connection pool size: 10
2026-04-28 19:12:25,016 [WARNING] [retry_7] Connection pool is full, discarding connection: zoom-automation-bucket.s3.amazonaws.com. Connection pool size: 10
2026-04-28 19:12:25,156 [WARNING] [retry_5] Connection pool is full, discarding connection: zoom-automation-bucket.s3.amazonaws.com. Connection pool size: 10
2026-04-28 19:12:25,185 [WARNING] [retry_6] Connection pool is full, discarding connection: zoom-automation-bucket.s3.amazonaws.com. Connection pool size: 10
2026-04-28 19:12:25,190 [WARNING] [retry_11] Connection pool is full, discarding connection: zoom-automation-bucket.s3.amazonaws.com. Connection pool size: 10
2026-04-28 19:12:25,319 [INFO] [MainThread] SKIP  98069059367 — recording not in S3 yet
2026-04-28 19:12:25,731 [INFO] [MainThread] SKIP  95343613750 — recording not in S3 yet
2026-04-28 19:12:25,731 [INFO] [MainThread] SKIP  97564268952 — recording not in S3 yet
2026-04-28 19:12:25,738 [INFO] [MainThread] SKIP  96343325440 — recording not in S3 yet
2026-04-28 19:12:25,920 [INFO] [MainThread] SKIP  96134021246 — recording not in S3 yet
2026-04-28 19:12:26,065 [INFO] [MainThread] SKIP  95669764264 — recording not in S3 yet
2026-04-28 19:12:26,454 [INFO] [MainThread] SKIP  98878852243 — recording not in S3 yet
2026-04-28 19:12:26,770 [INFO] [MainThread] SKIP  94228461065 — recording not in S3 yet
2026-04-28 19:12:26,826 [WARNING] [retry_7] Connection pool is full, discarding connection: zoom-automation-bucket.s3.amazonaws.com. Connection pool size: 10
2026-04-28 19:12:26,894 [INFO] [MainThread] SKIP  98148527857 — recording not in S3 yet
2026-04-28 19:12:26,940 [INFO] [MainThread] SKIP  95973307155 — recording not in S3 yet
2026-04-28 19:12:26,942 [INFO] [MainThread] 
=== retry_unfinalized complete ===
  Finalized:     0
  No doc.txt:    0
  Still skipped: 17 (recording not in S3 yet)
  Errors:        0

2026-04-28 19:20:02,046 [INFO] [MainThread] Found credentials from IAM Role: transcript-ec2-role
2026-04-28 19:20:02,165 [INFO] [MainThread] === retry_unfinalized starting ===
2026-04-28 19:20:02,165 [INFO] [MainThread] Scanning temp/live-doc-history/ for unfinalized meetings...
2026-04-28 19:20:02,379 [INFO] [MainThread] Found 266 tracked, 251 finalized, 15 need retry
2026-04-28 19:20:02,380 [INFO] [MainThread] Retrying 15 meetings with 20 parallel workers...
2026-04-28 19:21:42,794 [WARNING] [retry_6] Connection pool is full, discarding connection: zoom-automation-bucket.s3.amazonaws.com. Connection pool size: 9
2026-04-28 19:22:03,758 [INFO] [MainThread] SKIP  95065876453 — recording not in S3 yet
2026-04-28 19:22:04,632 [INFO] [MainThread] SKIP  91865649034 — recording not in S3 yet
2026-04-28 19:22:04,839 [INFO] [MainThread] SKIP  95973307155 — recording not in S3 yet
2026-04-28 19:22:05,015 [INFO] [MainThread] SKIP  98069059367 — recording not in S3 yet
2026-04-28 19:22:05,039 [INFO] [MainThread] SKIP  92316579995 — recording not in S3 yet
2026-04-28 19:22:05,194 [INFO] [MainThread] SKIP  98878852243 — recording not in S3 yet
2026-04-28 19:22:05,242 [INFO] [MainThread] SKIP  91892888688 — recording not in S3 yet
2026-04-28 19:22:05,343 [INFO] [MainThread] SKIP  99761868170 — recording not in S3 yet
2026-04-28 19:22:05,624 [WARNING] [retry_8] Connection pool is full, discarding connection: zoom-automation-bucket.s3.amazonaws.com. Connection pool size: 10
2026-04-28 19:22:05,636 [WARNING] [retry_7] Connection pool is full, discarding connection: zoom-automation-bucket.s3.amazonaws.com. Connection pool size: 10
2026-04-28 19:22:06,079 [WARNING] [retry_9] Connection pool is full, discarding connection: zoom-automation-bucket.s3.amazonaws.com. Connection pool size: 10
2026-04-28 19:22:06,194 [INFO] [MainThread] SKIP  96343325440 — recording not in S3 yet
2026-04-28 19:22:06,999 [INFO] [MainThread] SKIP  96134021246 — recording not in S3 yet
2026-04-28 19:22:06,999 [INFO] [MainThread] SKIP  96833833441 — recording not in S3 yet
2026-04-28 19:22:06,999 [INFO] [MainThread] SKIP  95343613750 — recording not in S3 yet
2026-04-28 19:22:07,191 [INFO] [MainThread] SKIP  94051426958 — recording not in S3 yet
2026-04-28 19:22:07,217 [INFO] [MainThread] SKIP  97564268952 — recording not in S3 yet
2026-04-28 19:22:07,221 [WARNING] [retry_12] Connection pool is full, discarding connection: zoom-automation-bucket.s3.amazonaws.com. Connection pool size: 10
2026-04-28 19:22:07,294 [INFO] [MainThread] SKIP  98727577321 — recording not in S3 yet
2026-04-28 19:22:07,296 [INFO] [MainThread] 
=== retry_unfinalized complete ===
  Finalized:     0
  No doc.txt:    0
  Still skipped: 15 (recording not in S3 yet)
  Errors:        0

2026-04-28 19:30:02,230 [INFO] [MainThread] Found credentials from IAM Role: transcript-ec2-role
2026-04-28 19:30:02,368 [INFO] [MainThread] === retry_unfinalized starting ===
2026-04-28 19:30:02,368 [INFO] [MainThread] Scanning temp/live-doc-history/ for unfinalized meetings...
2026-04-28 19:30:02,628 [INFO] [MainThread] Found 267 tracked, 256 finalized, 11 need retry
2026-04-28 19:30:02,628 [INFO] [MainThread] Retrying 11 meetings with 20 parallel workers...
2026-04-28 19:31:31,620 [INFO] [MainThread] SKIP  95065876453 — recording not in S3 yet
2026-04-28 19:31:32,742 [INFO] [MainThread] SKIP  91865649034 — recording not in S3 yet
2026-04-28 19:31:32,998 [INFO] [MainThread] SKIP  92316579995 — recording not in S3 yet
2026-04-28 19:31:33,375 [INFO] [MainThread] SKIP  96134021246 — recording not in S3 yet
2026-04-28 19:31:34,076 [INFO] [MainThread] SKIP  94051426958 — recording not in S3 yet
2026-04-28 19:31:34,514 [INFO] [MainThread] SKIP  97564268952 — recording not in S3 yet
2026-04-28 19:31:34,601 [INFO] [MainThread] SKIP  96833833441 — recording not in S3 yet
2026-04-28 19:31:34,890 [INFO] [MainThread] SKIP  95343613750 — recording not in S3 yet
2026-04-28 19:31:35,136 [INFO] [MainThread] SKIP  98878852243 — recording not in S3 yet
2026-04-28 19:31:35,147 [WARNING] [retry_9] Connection pool is full, discarding connection: zoom-automation-bucket.s3.amazonaws.com. Connection pool size: 10
2026-04-28 19:31:35,277 [INFO] [MainThread] SKIP  97697806602 — recording not in S3 yet
2026-04-28 19:31:35,358 [INFO] [MainThread] SKIP  95973307155 — recording not in S3 yet
2026-04-28 19:31:35,360 [INFO] [MainThread] 
=== retry_unfinalized complete ===
  Finalized:     0
  No doc.txt:    0
  Still skipped: 11 (recording not in S3 yet)
  Errors:        0

2026-04-28 19:40:02,249 [INFO] [MainThread] Found credentials from IAM Role: transcript-ec2-role
2026-04-28 19:40:02,373 [INFO] [MainThread] === retry_unfinalized starting ===
2026-04-28 19:40:02,373 [INFO] [MainThread] Scanning temp/live-doc-history/ for unfinalized meetings...
2026-04-28 19:40:02,583 [INFO] [MainThread] Found 267 tracked, 258 finalized, 9 need retry
2026-04-28 19:40:02,583 [INFO] [MainThread] Retrying 9 meetings with 20 parallel workers...
2026-04-28 19:41:17,931 [INFO] [MainThread] SKIP  96833833441 — recording not in S3 yet
2026-04-28 19:41:18,495 [INFO] [MainThread] SKIP  95973307155 — recording not in S3 yet
2026-04-28 19:41:18,699 [INFO] [MainThread] SKIP  96134021246 — recording not in S3 yet
2026-04-28 19:41:18,740 [INFO] [MainThread] SKIP  94051426958 — recording not in S3 yet
2026-04-28 19:41:19,114 [INFO] [MainThread] SKIP  97564268952 — recording not in S3 yet
2026-04-28 19:41:19,208 [INFO] [MainThread] SKIP  92316579995 — recording not in S3 yet
2026-04-28 19:41:19,450 [INFO] [MainThread] SKIP  98878852243 — recording not in S3 yet
2026-04-28 19:41:19,657 [INFO] [MainThread] SKIP  97697806602 — recording not in S3 yet
2026-04-28 19:41:19,881 [INFO] [MainThread] SKIP  91865649034 — recording not in S3 yet
2026-04-28 19:41:19,884 [INFO] [MainThread] 
=== retry_unfinalized complete ===
  Finalized:     0
  No doc.txt:    0
  Still skipped: 9 (recording not in S3 yet)
  Errors:        0

2026-04-28 19:50:03,261 [INFO] [MainThread] Found credentials from IAM Role: transcript-ec2-role
2026-04-28 19:50:03,372 [INFO] [MainThread] === retry_unfinalized starting ===
2026-04-28 19:50:03,372 [INFO] [MainThread] Scanning temp/live-doc-history/ for unfinalized meetings...
2026-04-28 19:50:03,560 [INFO] [MainThread] Found 268 tracked, 262 finalized, 6 need retry
2026-04-28 19:50:03,560 [INFO] [MainThread] Retrying 6 meetings with 20 parallel workers...
2026-04-28 19:50:49,292 [INFO] [MainThread] SKIP  92316579995 — recording not in S3 yet
2026-04-28 19:50:49,334 [INFO] [MainThread] SKIP  91865649034 — recording not in S3 yet
2026-04-28 19:50:49,585 [INFO] [MainThread] SKIP  96134021246 — recording not in S3 yet
2026-04-28 19:50:49,798 [INFO] [MainThread] SKIP  94051426958 — recording not in S3 yet
2026-04-28 19:50:49,815 [INFO] [MainThread] SKIP  96853860314 — recording not in S3 yet
2026-04-28 19:50:50,097 [INFO] [MainThread] SKIP  96833833441 — recording not in S3 yet
2026-04-28 19:50:50,097 [INFO] [MainThread] 
=== retry_unfinalized complete ===
  Finalized:     0
  No doc.txt:    0
  Still skipped: 6 (recording not in S3 yet)
  Errors:        0

2026-04-28 20:00:12,524 [INFO] [MainThread] Found credentials from IAM Role: transcript-ec2-role
2026-04-28 20:00:12,642 [INFO] [MainThread] === retry_unfinalized starting ===
2026-04-28 20:00:12,642 [INFO] [MainThread] Scanning temp/live-doc-history/ for unfinalized meetings...
2026-04-28 20:00:12,860 [INFO] [MainThread] Found 273 tracked, 263 finalized, 10 need retry
2026-04-28 20:00:12,860 [INFO] [MainThread] Retrying 10 meetings with 20 parallel workers...
2026-04-28 20:01:30,304 [INFO] [MainThread] SKIP  92316579995 — recording not in S3 yet
2026-04-28 20:01:31,907 [INFO] [MainThread] SKIP  96853860314 — recording not in S3 yet
2026-04-28 20:01:32,752 [INFO] [MainThread] SKIP  91047333641 — recording not in S3 yet
2026-04-28 20:01:32,822 [INFO] [MainThread] SKIP  91339609150 — recording not in S3 yet
2026-04-28 20:01:32,830 [INFO] [MainThread] SKIP  96134021246 — recording not in S3 yet
2026-04-28 20:01:32,973 [INFO] [MainThread] SKIP  96833833441 — recording not in S3 yet
2026-04-28 20:01:33,213 [INFO] [MainThread] SKIP  94384023620 — recording not in S3 yet
2026-04-28 20:01:33,277 [INFO] [MainThread] SKIP  91865649034 — recording not in S3 yet
2026-04-28 20:01:33,385 [INFO] [MainThread] SKIP  91853212615 — recording not in S3 yet
2026-04-28 20:01:33,461 [INFO] [MainThread] SKIP  98178375313 — recording not in S3 yet
2026-04-28 20:01:33,462 [INFO] [MainThread] 
=== retry_unfinalized complete ===
  Finalized:     0
  No doc.txt:    0
  Still skipped: 10 (recording not in S3 yet)
  Errors:        0

2026-04-28 20:11:03,259 [INFO] [MainThread] Found credentials from IAM Role: transcript-ec2-role
2026-04-28 20:11:03,369 [INFO] [MainThread] === retry_unfinalized starting ===
2026-04-28 20:11:03,369 [INFO] [MainThread] Scanning temp/live-doc-history/ for unfinalized meetings...
2026-04-28 20:11:03,554 [INFO] [MainThread] Found 273 tracked, 264 finalized, 9 need retry
2026-04-28 20:11:03,554 [INFO] [MainThread] Retrying 9 meetings with 20 parallel workers...
2026-04-28 20:12:11,077 [INFO] [MainThread] SKIP  91047333641 — recording not in S3 yet
2026-04-28 20:12:11,282 [INFO] [MainThread] SKIP  94384023620 — recording not in S3 yet
2026-04-28 20:12:11,282 [INFO] [MainThread] SKIP  98178375313 — recording not in S3 yet
2026-04-28 20:12:11,589 [INFO] [MainThread] SKIP  92316579995 — recording not in S3 yet
2026-04-28 20:12:11,749 [INFO] [MainThread] SKIP  91339609150 — recording not in S3 yet
2026-04-28 20:12:12,025 [INFO] [MainThread] SKIP  96833833441 — recording not in S3 yet
2026-04-28 20:12:12,240 [INFO] [MainThread] SKIP  96853860314 — recording not in S3 yet
2026-04-28 20:12:12,561 [INFO] [MainThread] SKIP  91865649034 — recording not in S3 yet
2026-04-28 20:12:12,670 [INFO] [MainThread] SKIP  91853212615 — recording not in S3 yet
2026-04-28 20:12:12,671 [INFO] [MainThread] 
=== retry_unfinalized complete ===
  Finalized:     0
  No doc.txt:    0
  Still skipped: 9 (recording not in S3 yet)
  Errors:        0

2026-04-28 20:22:03,288 [INFO] [MainThread] Found credentials from IAM Role: transcript-ec2-role
2026-04-28 20:22:03,402 [INFO] [MainThread] === retry_unfinalized starting ===
2026-04-28 20:22:03,402 [INFO] [MainThread] Scanning temp/live-doc-history/ for unfinalized meetings...
2026-04-28 20:22:03,603 [INFO] [MainThread] Found 277 tracked, 265 finalized, 12 need retry
2026-04-28 20:22:03,603 [INFO] [MainThread] Retrying 12 meetings with 20 parallel workers...
2026-04-28 20:23:36,438 [INFO] [MainThread] SKIP  97002140355 — recording not in S3 yet
2026-04-28 20:23:37,425 [INFO] [MainThread] SKIP  96853860314 — recording not in S3 yet
2026-04-28 20:23:37,443 [INFO] [MainThread] SKIP  96011506011 — recording not in S3 yet
2026-04-28 20:23:37,523 [INFO] [MainThread] SKIP  91339609150 — recording not in S3 yet
2026-04-28 20:23:37,872 [INFO] [MainThread] SKIP  96065733608 — recording not in S3 yet
2026-04-28 20:23:37,955 [INFO] [MainThread] SKIP  98178375313 — recording not in S3 yet
2026-04-28 20:23:38,609 [INFO] [MainThread] SKIP  92316579995 — recording not in S3 yet
2026-04-28 20:23:38,725 [INFO] [MainThread] SKIP  98646118940 — recording not in S3 yet
2026-04-28 20:23:38,838 [INFO] [MainThread] SKIP  94384023620 — recording not in S3 yet
2026-04-28 20:23:38,870 [WARNING] [retry_2] Connection pool is full, discarding connection: zoom-automation-bucket.s3.amazonaws.com. Connection pool size: 10
2026-04-28 20:23:38,871 [WARNING] [retry_0] Connection pool is full, discarding connection: zoom-automation-bucket.s3.amazonaws.com. Connection pool size: 10
2026-04-28 20:23:39,026 [INFO] [MainThread] SKIP  96833833441 — recording not in S3 yet
2026-04-28 20:23:39,254 [INFO] [MainThread] SKIP  91865649034 — recording not in S3 yet
2026-04-28 20:23:39,329 [INFO] [MainThread] SKIP  91047333641 — recording not in S3 yet
2026-04-28 20:23:39,331 [INFO] [MainThread] 
=== retry_unfinalized complete ===
  Finalized:     0
  No doc.txt:    0
  Still skipped: 12 (recording not in S3 yet)
  Errors:        0

2026-04-28 20:32:03,294 [INFO] [MainThread] Found credentials from IAM Role: transcript-ec2-role
2026-04-28 20:32:03,407 [INFO] [MainThread] === retry_unfinalized starting ===
2026-04-28 20:32:03,407 [INFO] [MainThread] Scanning temp/live-doc-history/ for unfinalized meetings...
2026-04-28 20:32:03,700 [INFO] [MainThread] Found 277 tracked, 268 finalized, 9 need retry
2026-04-28 20:32:03,700 [INFO] [MainThread] Retrying 9 meetings with 20 parallel workers...
2026-04-28 20:33:08,803 [INFO] [MainThread] SKIP  94384023620 — recording not in S3 yet
2026-04-28 20:33:09,836 [INFO] [MainThread] SKIP  91047333641 — recording not in S3 yet
2026-04-28 20:33:10,130 [INFO] [MainThread] SKIP  91339609150 — recording not in S3 yet
2026-04-28 20:33:10,787 [INFO] [MainThread] SKIP  96011506011 — recording not in S3 yet
2026-04-28 20:33:11,016 [INFO] [MainThread] SKIP  98646118940 — recording not in S3 yet
2026-04-28 20:33:11,193 [INFO] [MainThread] SKIP  96065733608 — recording not in S3 yet
2026-04-28 20:33:11,322 [INFO] [MainThread] SKIP  98178375313 — recording not in S3 yet
2026-04-28 20:33:11,377 [INFO] [MainThread] SKIP  92316579995 — recording not in S3 yet
2026-04-28 20:33:11,555 [INFO] [MainThread] SKIP  96853860314 — recording not in S3 yet
2026-04-28 20:33:11,556 [INFO] [MainThread] 
=== retry_unfinalized complete ===
  Finalized:     0
  No doc.txt:    0
  Still skipped: 9 (recording not in S3 yet)
  Errors:        0

2026-04-28 20:42:03,472 [INFO] [MainThread] Found credentials from IAM Role: transcript-ec2-role
2026-04-28 20:42:03,578 [INFO] [MainThread] === retry_unfinalized starting ===
2026-04-28 20:42:03,578 [INFO] [MainThread] Scanning temp/live-doc-history/ for unfinalized meetings...
2026-04-28 20:42:03,787 [INFO] [MainThread] Found 277 tracked, 270 finalized, 7 need retry
2026-04-28 20:42:03,787 [INFO] [MainThread] Retrying 7 meetings with 20 parallel workers...
2026-04-28 20:42:54,900 [INFO] [MainThread] SKIP  94384023620 — recording not in S3 yet
2026-04-28 20:42:55,481 [INFO] [MainThread] SKIP  98646118940 — recording not in S3 yet
2026-04-28 20:42:56,111 [INFO] [MainThread] SKIP  91339609150 — recording not in S3 yet
2026-04-28 20:42:56,249 [INFO] [MainThread] SKIP  92316579995 — recording not in S3 yet
2026-04-28 20:42:56,282 [INFO] [MainThread] SKIP  96011506011 — recording not in S3 yet
2026-04-28 20:42:56,342 [INFO] [MainThread] SKIP  96065733608 — recording not in S3 yet
2026-04-28 20:42:56,415 [INFO] [MainThread] SKIP  98178375313 — recording not in S3 yet
2026-04-28 20:42:56,416 [INFO] [MainThread] 
=== retry_unfinalized complete ===
  Finalized:     0
  No doc.txt:    0
  Still skipped: 7 (recording not in S3 yet)
  Errors:        0

2026-04-28 20:53:03,283 [INFO] [MainThread] Found credentials from IAM Role: transcript-ec2-role
2026-04-28 20:53:03,404 [INFO] [MainThread] === retry_unfinalized starting ===
2026-04-28 20:53:03,404 [INFO] [MainThread] Scanning temp/live-doc-history/ for unfinalized meetings...
2026-04-28 20:53:03,611 [INFO] [MainThread] Found 278 tracked, 270 finalized, 8 need retry
2026-04-28 20:53:03,611 [INFO] [MainThread] Retrying 8 meetings with 20 parallel workers...
2026-04-28 20:54:05,821 [INFO] [MainThread] SKIP  91339609150 — recording not in S3 yet
2026-04-28 20:54:06,430 [INFO] [MainThread] SKIP  98178375313 — recording not in S3 yet
2026-04-28 20:54:07,078 [INFO] [MainThread] SKIP  96065733608 — recording not in S3 yet
2026-04-28 20:54:07,520 [INFO] [MainThread] SKIP  94384023620 — recording not in S3 yet
2026-04-28 20:54:07,536 [INFO] [MainThread] SKIP  92316579995 — recording not in S3 yet
2026-04-28 20:54:07,736 [INFO] [MainThread] SKIP  97010012474 — recording not in S3 yet
2026-04-28 20:54:07,793 [INFO] [MainThread] SKIP  98646118940 — recording not in S3 yet
2026-04-28 20:54:07,870 [INFO] [MainThread] SKIP  96011506011 — recording not in S3 yet
2026-04-28 20:54:07,871 [INFO] [MainThread] 
=== retry_unfinalized complete ===
  Finalized:     0
  No doc.txt:    0
  Still skipped: 8 (recording not in S3 yet)
  Errors:        0

2026-04-28 21:04:03,267 [INFO] [MainThread] Found credentials from IAM Role: transcript-ec2-role
2026-04-28 21:04:03,380 [INFO] [MainThread] === retry_unfinalized starting ===
2026-04-28 21:04:03,381 [INFO] [MainThread] Scanning temp/live-doc-history/ for unfinalized meetings...
2026-04-28 21:04:03,583 [INFO] [MainThread] Found 279 tracked, 271 finalized, 8 need retry
2026-04-28 21:04:03,583 [INFO] [MainThread] Retrying 8 meetings with 20 parallel workers...
2026-04-28 21:05:02,254 [INFO] [MainThread] SKIP  98646118940 — recording not in S3 yet
2026-04-28 21:05:03,033 [INFO] [MainThread] SKIP  91339609150 — recording not in S3 yet
2026-04-28 21:05:03,391 [INFO] [MainThread] SKIP  98178375313 — recording not in S3 yet
2026-04-28 21:05:03,468 [INFO] [MainThread] SKIP  96065733608 — recording not in S3 yet
2026-04-28 21:05:03,543 [INFO] [MainThread] SKIP  96011506011 — recording not in S3 yet
2026-04-28 21:05:03,693 [INFO] [MainThread] SKIP  94384023620 — recording not in S3 yet
2026-04-28 21:05:03,790 [INFO] [MainThread] SKIP  97010012474 — recording not in S3 yet
2026-04-28 21:05:03,947 [INFO] [MainThread] SKIP  98500436972 — recording not in S3 yet
2026-04-28 21:05:03,948 [INFO] [MainThread] 
=== retry_unfinalized complete ===
  Finalized:     0
  No doc.txt:    0
  Still skipped: 8 (recording not in S3 yet)
  Errors:        0

2026-04-28 21:14:03,302 [INFO] [MainThread] Found credentials from IAM Role: transcript-ec2-role
2026-04-28 21:14:03,411 [INFO] [MainThread] === retry_unfinalized starting ===
2026-04-28 21:14:03,411 [INFO] [MainThread] Scanning temp/live-doc-history/ for unfinalized meetings...
2026-04-28 21:14:03,631 [INFO] [MainThread] Found 279 tracked, 272 finalized, 7 need retry
2026-04-28 21:14:03,631 [INFO] [MainThread] Retrying 7 meetings with 20 parallel workers...
2026-04-28 21:14:55,714 [INFO] [MainThread] SKIP  96011506011 — recording not in S3 yet
2026-04-28 21:14:57,044 [INFO] [MainThread] SKIP  98500436972 — recording not in S3 yet
2026-04-28 21:14:57,125 [INFO] [MainThread] SKIP  91339609150 — recording not in S3 yet
2026-04-28 21:14:57,150 [INFO] [MainThread] SKIP  96065733608 — recording not in S3 yet
2026-04-28 21:14:57,599 [INFO] [MainThread] SKIP  94384023620 — recording not in S3 yet
2026-04-28 21:14:57,830 [INFO] [MainThread] SKIP  97010012474 — recording not in S3 yet
2026-04-28 21:14:58,048 [INFO] [MainThread] SKIP  98178375313 — recording not in S3 yet
2026-04-28 21:14:58,049 [INFO] [MainThread] 
=== retry_unfinalized complete ===
  Finalized:     0
  No doc.txt:    0
  Still skipped: 7 (recording not in S3 yet)
  Errors:        0

2026-04-28 21:25:03,305 [INFO] [MainThread] Found credentials from IAM Role: transcript-ec2-role
2026-04-28 21:25:03,423 [INFO] [MainThread] === retry_unfinalized starting ===
2026-04-28 21:25:03,423 [INFO] [MainThread] Scanning temp/live-doc-history/ for unfinalized meetings...
2026-04-28 21:25:03,655 [INFO] [MainThread] Found 280 tracked, 276 finalized, 4 need retry
2026-04-28 21:25:03,655 [INFO] [MainThread] Retrying 4 meetings with 20 parallel workers...
2026-04-28 21:25:32,874 [INFO] [MainThread] SKIP  98178375313 — recording not in S3 yet
2026-04-28 21:25:32,967 [INFO] [MainThread] SKIP  98500436972 — recording not in S3 yet
2026-04-28 21:25:33,144 [INFO] [MainThread] SKIP  97010012474 — recording not in S3 yet
2026-04-28 21:25:33,453 [INFO] [MainThread] SKIP  95312386632 — recording not in S3 yet
2026-04-28 21:25:33,454 [INFO] [MainThread] 
=== retry_unfinalized complete ===
  Finalized:     0
  No doc.txt:    0
  Still skipped: 4 (recording not in S3 yet)
  Errors:        0

2026-04-28 21:36:03,280 [INFO] [MainThread] Found credentials from IAM Role: transcript-ec2-role
2026-04-28 21:36:03,393 [INFO] [MainThread] === retry_unfinalized starting ===
2026-04-28 21:36:03,393 [INFO] [MainThread] Scanning temp/live-doc-history/ for unfinalized meetings...
2026-04-28 21:36:03,593 [INFO] [MainThread] Found 281 tracked, 278 finalized, 3 need retry
2026-04-28 21:36:03,594 [INFO] [MainThread] Retrying 3 meetings with 20 parallel workers...
2026-04-28 21:36:22,821 [INFO] [MainThread] SKIP  96152313811 — recording not in S3 yet
2026-04-28 21:36:23,436 [INFO] [MainThread] SKIP  98500436972 — recording not in S3 yet
2026-04-28 21:36:23,601 [INFO] [MainThread] SKIP  95312386632 — recording not in S3 yet
2026-04-28 21:36:23,602 [INFO] [MainThread] 
=== retry_unfinalized complete ===
  Finalized:     0
  No doc.txt:    0
  Still skipped: 3 (recording not in S3 yet)
  Errors:        0

2026-04-28 21:47:03,267 [INFO] [MainThread] Found credentials from IAM Role: transcript-ec2-role
2026-04-28 21:47:03,378 [INFO] [MainThread] === retry_unfinalized starting ===
2026-04-28 21:47:03,378 [INFO] [MainThread] Scanning temp/live-doc-history/ for unfinalized meetings...
2026-04-28 21:47:03,581 [INFO] [MainThread] Found 281 tracked, 278 finalized, 3 need retry
2026-04-28 21:47:03,582 [INFO] [MainThread] Retrying 3 meetings with 20 parallel workers...
2026-04-28 21:47:25,923 [INFO] [MainThread] SKIP  95312386632 — recording not in S3 yet
2026-04-28 21:47:26,291 [INFO] [MainThread] SKIP  98500436972 — recording not in S3 yet
2026-04-28 21:47:26,370 [INFO] [MainThread] SKIP  96152313811 — recording not in S3 yet
2026-04-28 21:47:26,371 [INFO] [MainThread] 
=== retry_unfinalized complete ===
  Finalized:     0
  No doc.txt:    0
  Still skipped: 3 (recording not in S3 yet)
  Errors:        0

2026-04-28 21:58:03,267 [INFO] [MainThread] Found credentials from IAM Role: transcript-ec2-role
2026-04-28 21:58:03,380 [INFO] [MainThread] === retry_unfinalized starting ===
2026-04-28 21:58:03,380 [INFO] [MainThread] Scanning temp/live-doc-history/ for unfinalized meetings...
2026-04-28 21:58:03,626 [INFO] [MainThread] Found 283 tracked, 279 finalized, 4 need retry
2026-04-28 21:58:03,627 [INFO] [MainThread] Retrying 4 meetings with 20 parallel workers...
2026-04-28 21:58:30,858 [INFO] [MainThread] SKIP  96152313811 — recording not in S3 yet
2026-04-28 21:58:31,104 [INFO] [MainThread] SKIP  96553217412 — recording not in S3 yet
2026-04-28 21:58:31,410 [INFO] [MainThread] SKIP  95312386632 — recording not in S3 yet
2026-04-28 21:58:31,609 [INFO] [MainThread] SKIP  98005446697 — recording not in S3 yet
2026-04-28 21:58:31,609 [INFO] [MainThread] 
=== retry_unfinalized complete ===
  Finalized:     0
  No doc.txt:    0
  Still skipped: 4 (recording not in S3 yet)
  Errors:        0

2026-04-28 22:08:03,311 [INFO] [MainThread] Found credentials from IAM Role: transcript-ec2-role
2026-04-28 22:08:03,422 [INFO] [MainThread] === retry_unfinalized starting ===
2026-04-28 22:08:03,422 [INFO] [MainThread] Scanning temp/live-doc-history/ for unfinalized meetings...
2026-04-28 22:08:03,634 [INFO] [MainThread] Found 283 tracked, 279 finalized, 4 need retry
2026-04-28 22:08:03,635 [INFO] [MainThread] Retrying 4 meetings with 20 parallel workers...
2026-04-28 22:08:30,523 [INFO] [MainThread] SKIP  96152313811 — recording not in S3 yet
2026-04-28 22:08:30,667 [INFO] [MainThread] SKIP  96553217412 — recording not in S3 yet
2026-04-28 22:08:30,806 [INFO] [MainThread] SKIP  95312386632 — recording not in S3 yet
2026-04-28 22:08:30,885 [INFO] [MainThread] SKIP  98005446697 — recording not in S3 yet
2026-04-28 22:08:30,885 [INFO] [MainThread] 
=== retry_unfinalized complete ===
  Finalized:     0
  No doc.txt:    0
  Still skipped: 4 (recording not in S3 yet)
  Errors:        0

2026-04-28 22:18:03,507 [INFO] [MainThread] Found credentials from IAM Role: transcript-ec2-role
2026-04-28 22:18:03,618 [INFO] [MainThread] === retry_unfinalized starting ===
2026-04-28 22:18:03,619 [INFO] [MainThread] Scanning temp/live-doc-history/ for unfinalized meetings...
2026-04-28 22:18:03,834 [INFO] [MainThread] Found 283 tracked, 280 finalized, 3 need retry
2026-04-28 22:18:03,835 [INFO] [MainThread] Retrying 3 meetings with 20 parallel workers...
2026-04-28 22:18:23,327 [INFO] [MainThread] SKIP  98005446697 — recording not in S3 yet
2026-04-28 22:18:23,433 [INFO] [MainThread] SKIP  95312386632 — recording not in S3 yet
2026-04-28 22:18:23,507 [INFO] [MainThread] SKIP  96553217412 — recording not in S3 yet
2026-04-28 22:18:23,507 [INFO] [MainThread] 
=== retry_unfinalized complete ===
  Finalized:     0
  No doc.txt:    0
  Still skipped: 3 (recording not in S3 yet)
  Errors:        0

2026-04-28 22:29:03,288 [INFO] [MainThread] Found credentials from IAM Role: transcript-ec2-role
2026-04-28 22:29:03,399 [INFO] [MainThread] === retry_unfinalized starting ===
2026-04-28 22:29:03,399 [INFO] [MainThread] Scanning temp/live-doc-history/ for unfinalized meetings...
2026-04-28 22:29:03,621 [INFO] [MainThread] Found 283 tracked, 282 finalized, 1 need retry
2026-04-28 22:29:03,621 [INFO] [MainThread] Retrying 1 meetings with 20 parallel workers...
2026-04-28 22:29:15,232 [INFO] [MainThread] SKIP  95312386632 — recording not in S3 yet
2026-04-28 22:29:15,233 [INFO] [MainThread] 
=== retry_unfinalized complete ===
  Finalized:     0
  No doc.txt:    0
  Still skipped: 1 (recording not in S3 yet)
  Errors:        0

2026-04-28 22:40:02,137 [INFO] [MainThread] Found credentials from IAM Role: transcript-ec2-role
2026-04-28 22:40:02,262 [INFO] [MainThread] === retry_unfinalized starting ===
2026-04-28 22:40:02,262 [INFO] [MainThread] Scanning temp/live-doc-history/ for unfinalized meetings...
2026-04-28 22:40:02,487 [INFO] [MainThread] Found 283 tracked, 283 finalized, 0 need retry
2026-04-28 22:40:02,488 [INFO] [MainThread] Nothing to retry. All tracked meetings are finalized.
2026-04-28 22:50:03,269 [INFO] [MainThread] Found credentials from IAM Role: transcript-ec2-role
2026-04-28 22:50:03,378 [INFO] [MainThread] === retry_unfinalized starting ===
2026-04-28 22:50:03,378 [INFO] [MainThread] Scanning temp/live-doc-history/ for unfinalized meetings...
2026-04-28 22:50:03,584 [INFO] [MainThread] Found 283 tracked, 283 finalized, 0 need retry
2026-04-28 22:50:03,585 [INFO] [MainThread] Nothing to retry. All tracked meetings are finalized.
2026-04-28 23:00:12,808 [INFO] [MainThread] Found credentials from IAM Role: transcript-ec2-role
2026-04-28 23:00:12,925 [INFO] [MainThread] === retry_unfinalized starting ===
2026-04-28 23:00:12,925 [INFO] [MainThread] Scanning temp/live-doc-history/ for unfinalized meetings...
2026-04-28 23:00:13,142 [INFO] [MainThread] Found 283 tracked, 283 finalized, 0 need retry
2026-04-28 23:00:13,143 [INFO] [MainThread] Nothing to retry. All tracked meetings are finalized.
2026-04-28 23:11:03,251 [INFO] [MainThread] Found credentials from IAM Role: transcript-ec2-role
2026-04-28 23:11:03,360 [INFO] [MainThread] === retry_unfinalized starting ===
2026-04-28 23:11:03,360 [INFO] [MainThread] Scanning temp/live-doc-history/ for unfinalized meetings...
2026-04-28 23:11:03,570 [INFO] [MainThread] Found 283 tracked, 283 finalized, 0 need retry
2026-04-28 23:11:03,571 [INFO] [MainThread] Nothing to retry. All tracked meetings are finalized.
2026-04-28 23:22:03,268 [INFO] [MainThread] Found credentials from IAM Role: transcript-ec2-role
2026-04-28 23:22:03,379 [INFO] [MainThread] === retry_unfinalized starting ===
2026-04-28 23:22:03,379 [INFO] [MainThread] Scanning temp/live-doc-history/ for unfinalized meetings...
2026-04-28 23:22:03,570 [INFO] [MainThread] Found 283 tracked, 283 finalized, 0 need retry
2026-04-28 23:22:03,570 [INFO] [MainThread] Nothing to retry. All tracked meetings are finalized.
2026-04-28 23:32:03,275 [INFO] [MainThread] Found credentials from IAM Role: transcript-ec2-role
2026-04-28 23:32:03,384 [INFO] [MainThread] === retry_unfinalized starting ===
2026-04-28 23:32:03,384 [INFO] [MainThread] Scanning temp/live-doc-history/ for unfinalized meetings...
2026-04-28 23:32:03,569 [INFO] [MainThread] Found 283 tracked, 283 finalized, 0 need retry
2026-04-28 23:32:03,570 [INFO] [MainThread] Nothing to retry. All tracked meetings are finalized.
2026-04-28 23:42:03,469 [INFO] [MainThread] Found credentials from IAM Role: transcript-ec2-role
2026-04-28 23:42:03,581 [INFO] [MainThread] === retry_unfinalized starting ===
2026-04-28 23:42:03,581 [INFO] [MainThread] Scanning temp/live-doc-history/ for unfinalized meetings...
2026-04-28 23:42:03,772 [INFO] [MainThread] Found 283 tracked, 283 finalized, 0 need retry
2026-04-28 23:42:03,772 [INFO] [MainThread] Nothing to retry. All tracked meetings are finalized.
2026-04-28 23:53:03,282 [INFO] [MainThread] Found credentials from IAM Role: transcript-ec2-role
2026-04-28 23:53:03,392 [INFO] [MainThread] === retry_unfinalized starting ===
2026-04-28 23:53:03,392 [INFO] [MainThread] Scanning temp/live-doc-history/ for unfinalized meetings...
2026-04-28 23:53:03,599 [INFO] [MainThread] Found 283 tracked, 283 finalized, 0 need retry
2026-04-28 23:53:03,599 [INFO] [MainThread] Nothing to retry. All tracked meetings are finalized.
2026-04-29 00:04:03,271 [INFO] [MainThread] Found credentials from IAM Role: transcript-ec2-role
2026-04-29 00:04:03,383 [INFO] [MainThread] === retry_unfinalized starting ===
2026-04-29 00:04:03,383 [INFO] [MainThread] Scanning temp/live-doc-history/ for unfinalized meetings...
2026-04-29 00:04:03,581 [INFO] [MainThread] Found 283 tracked, 283 finalized, 0 need retry
2026-04-29 00:04:03,581 [INFO] [MainThread] Nothing to retry. All tracked meetings are finalized.
2026-04-29 00:14:03,303 [INFO] [MainThread] Found credentials from IAM Role: transcript-ec2-role
2026-04-29 00:14:03,431 [INFO] [MainThread] === retry_unfinalized starting ===
2026-04-29 00:14:03,431 [INFO] [MainThread] Scanning temp/live-doc-history/ for unfinalized meetings...
2026-04-29 00:14:03,646 [INFO] [MainThread] Found 283 tracked, 283 finalized, 0 need retry
2026-04-29 00:14:03,647 [INFO] [MainThread] Nothing to retry. All tracked meetings are finalized.
2026-04-29 00:24:03,520 [INFO] [MainThread] Found credentials from IAM Role: transcript-ec2-role
2026-04-29 00:24:03,636 [INFO] [MainThread] === retry_unfinalized starting ===
2026-04-29 00:24:03,636 [INFO] [MainThread] Scanning temp/live-doc-history/ for unfinalized meetings...
2026-04-29 00:24:03,833 [INFO] [MainThread] Found 283 tracked, 283 finalized, 0 need retry
2026-04-29 00:24:03,833 [INFO] [MainThread] Nothing to retry. All tracked meetings are finalized.
2026-04-29 00:35:03,276 [INFO] [MainThread] Found credentials from IAM Role: transcript-ec2-role
2026-04-29 00:35:03,385 [INFO] [MainThread] === retry_unfinalized starting ===
2026-04-29 00:35:03,385 [INFO] [MainThread] Scanning temp/live-doc-history/ for unfinalized meetings...
2026-04-29 00:35:03,577 [INFO] [MainThread] Found 283 tracked, 283 finalized, 0 need retry
2026-04-29 00:35:03,578 [INFO] [MainThread] Nothing to retry. All tracked meetings are finalized.
2026-04-29 00:46:03,280 [INFO] [MainThread] Found credentials from IAM Role: transcript-ec2-role
2026-04-29 00:46:03,389 [INFO] [MainThread] === retry_unfinalized starting ===
2026-04-29 00:46:03,389 [INFO] [MainThread] Scanning temp/live-doc-history/ for unfinalized meetings...
2026-04-29 00:46:03,579 [INFO] [MainThread] Found 283 tracked, 283 finalized, 0 need retry
2026-04-29 00:46:03,580 [INFO] [MainThread] Nothing to retry. All tracked meetings are finalized.
2026-04-29 00:56:03,284 [INFO] [MainThread] Found credentials from IAM Role: transcript-ec2-role
2026-04-29 00:56:03,399 [INFO] [MainThread] === retry_unfinalized starting ===
2026-04-29 00:56:03,400 [INFO] [MainThread] Scanning temp/live-doc-history/ for unfinalized meetings...
2026-04-29 00:56:03,635 [INFO] [MainThread] Found 283 tracked, 283 finalized, 0 need retry
2026-04-29 00:56:03,636 [INFO] [MainThread] Nothing to retry. All tracked meetings are finalized.
2026-04-29 01:06:03,502 [INFO] [MainThread] Found credentials from IAM Role: transcript-ec2-role
2026-04-29 01:06:03,610 [INFO] [MainThread] === retry_unfinalized starting ===
2026-04-29 01:06:03,610 [INFO] [MainThread] Scanning temp/live-doc-history/ for unfinalized meetings...
2026-04-29 01:06:03,811 [INFO] [MainThread] Found 283 tracked, 283 finalized, 0 need retry
2026-04-29 01:06:03,811 [INFO] [MainThread] Nothing to retry. All tracked meetings are finalized.
2026-04-29 01:17:03,263 [INFO] [MainThread] Found credentials from IAM Role: transcript-ec2-role
2026-04-29 01:17:03,370 [INFO] [MainThread] === retry_unfinalized starting ===
2026-04-29 01:17:03,371 [INFO] [MainThread] Scanning temp/live-doc-history/ for unfinalized meetings...
2026-04-29 01:17:03,579 [INFO] [MainThread] Found 283 tracked, 283 finalized, 0 need retry
2026-04-29 01:17:03,579 [INFO] [MainThread] Nothing to retry. All tracked meetings are finalized.
2026-04-29 01:27:03,467 [INFO] [MainThread] Found credentials from IAM Role: transcript-ec2-role
2026-04-29 01:27:03,579 [INFO] [MainThread] === retry_unfinalized starting ===
2026-04-29 01:27:03,579 [INFO] [MainThread] Scanning temp/live-doc-history/ for unfinalized meetings...
2026-04-29 01:27:03,786 [INFO] [MainThread] Found 283 tracked, 283 finalized, 0 need retry
2026-04-29 01:27:03,787 [INFO] [MainThread] Nothing to retry. All tracked meetings are finalized.
2026-04-29 01:38:03,273 [INFO] [MainThread] Found credentials from IAM Role: transcript-ec2-role
2026-04-29 01:38:03,382 [INFO] [MainThread] === retry_unfinalized starting ===
2026-04-29 01:38:03,382 [INFO] [MainThread] Scanning temp/live-doc-history/ for unfinalized meetings...
2026-04-29 01:38:03,604 [INFO] [MainThread] Found 283 tracked, 283 finalized, 0 need retry
2026-04-29 01:38:03,605 [INFO] [MainThread] Nothing to retry. All tracked meetings are finalized.
2026-04-29 01:48:03,491 [INFO] [MainThread] Found credentials from IAM Role: transcript-ec2-role
2026-04-29 01:48:03,600 [INFO] [MainThread] === retry_unfinalized starting ===
2026-04-29 01:48:03,600 [INFO] [MainThread] Scanning temp/live-doc-history/ for unfinalized meetings...
2026-04-29 01:48:03,844 [INFO] [MainThread] Found 283 tracked, 283 finalized, 0 need retry
2026-04-29 01:48:03,845 [INFO] [MainThread] Nothing to retry. All tracked meetings are finalized.
2026-04-29 01:59:03,284 [INFO] [MainThread] Found credentials from IAM Role: transcript-ec2-role
2026-04-29 01:59:03,427 [INFO] [MainThread] === retry_unfinalized starting ===
2026-04-29 01:59:03,427 [INFO] [MainThread] Scanning temp/live-doc-history/ for unfinalized meetings...
2026-04-29 01:59:03,657 [INFO] [MainThread] Found 283 tracked, 283 finalized, 0 need retry
2026-04-29 01:59:03,658 [INFO] [MainThread] Nothing to retry. All tracked meetings are finalized.
2026-04-29 02:10:02,100 [INFO] [MainThread] Found credentials from IAM Role: transcript-ec2-role
2026-04-29 02:10:02,235 [INFO] [MainThread] === retry_unfinalized starting ===
2026-04-29 02:10:02,235 [INFO] [MainThread] Scanning temp/live-doc-history/ for unfinalized meetings...
2026-04-29 02:10:02,475 [INFO] [MainThread] Found 283 tracked, 283 finalized, 0 need retry
2026-04-29 02:10:02,475 [INFO] [MainThread] Nothing to retry. All tracked meetings are finalized.
2026-04-29 02:20:03,252 [INFO] [MainThread] Found credentials from IAM Role: transcript-ec2-role
2026-04-29 02:20:03,360 [INFO] [MainThread] === retry_unfinalized starting ===
2026-04-29 02:20:03,360 [INFO] [MainThread] Scanning temp/live-doc-history/ for unfinalized meetings...
2026-04-29 02:20:03,594 [INFO] [MainThread] Found 283 tracked, 283 finalized, 0 need retry
2026-04-29 02:20:03,595 [INFO] [MainThread] Nothing to retry. All tracked meetings are finalized.
2026-04-29 02:30:12,800 [INFO] [MainThread] Found credentials from IAM Role: transcript-ec2-role
2026-04-29 02:30:12,911 [INFO] [MainThread] === retry_unfinalized starting ===
2026-04-29 02:30:12,911 [INFO] [MainThread] Scanning temp/live-doc-history/ for unfinalized meetings...
2026-04-29 02:30:13,138 [INFO] [MainThread] Found 283 tracked, 283 finalized, 0 need retry
2026-04-29 02:30:13,139 [INFO] [MainThread] Nothing to retry. All tracked meetings are finalized.
2026-04-29 02:41:03,277 [INFO] [MainThread] Found credentials from IAM Role: transcript-ec2-role
2026-04-29 02:41:03,384 [INFO] [MainThread] === retry_unfinalized starting ===
2026-04-29 02:41:03,385 [INFO] [MainThread] Scanning temp/live-doc-history/ for unfinalized meetings...
2026-04-29 02:41:03,579 [INFO] [MainThread] Found 283 tracked, 283 finalized, 0 need retry
2026-04-29 02:41:03,580 [INFO] [MainThread] Nothing to retry. All tracked meetings are finalized.
2026-04-29 02:52:03,297 [INFO] [MainThread] Found credentials from IAM Role: transcript-ec2-role
2026-04-29 02:52:03,404 [INFO] [MainThread] === retry_unfinalized starting ===
2026-04-29 02:52:03,404 [INFO] [MainThread] Scanning temp/live-doc-history/ for unfinalized meetings...
2026-04-29 02:52:03,612 [INFO] [MainThread] Found 283 tracked, 283 finalized, 0 need retry
2026-04-29 02:52:03,613 [INFO] [MainThread] Nothing to retry. All tracked meetings are finalized.
2026-04-29 03:02:03,553 [INFO] [MainThread] Found credentials from IAM Role: transcript-ec2-role
2026-04-29 03:02:03,663 [INFO] [MainThread] === retry_unfinalized starting ===
2026-04-29 03:02:03,663 [INFO] [MainThread] Scanning temp/live-doc-history/ for unfinalized meetings...
2026-04-29 03:02:03,858 [INFO] [MainThread] Found 283 tracked, 283 finalized, 0 need retry
2026-04-29 03:02:03,858 [INFO] [MainThread] Nothing to retry. All tracked meetings are finalized.
2026-04-29 03:13:03,273 [INFO] [MainThread] Found credentials from IAM Role: transcript-ec2-role
2026-04-29 03:13:03,381 [INFO] [MainThread] === retry_unfinalized starting ===
2026-04-29 03:13:03,381 [INFO] [MainThread] Scanning temp/live-doc-history/ for unfinalized meetings...
2026-04-29 03:13:03,594 [INFO] [MainThread] Found 283 tracked, 283 finalized, 0 need retry
2026-04-29 03:13:03,595 [INFO] [MainThread] Nothing to retry. All tracked meetings are finalized.
2026-04-29 03:23:03,280 [INFO] [MainThread] Found credentials from IAM Role: transcript-ec2-role
2026-04-29 03:23:03,386 [INFO] [MainThread] === retry_unfinalized starting ===
2026-04-29 03:23:03,386 [INFO] [MainThread] Scanning temp/live-doc-history/ for unfinalized meetings...
2026-04-29 03:23:03,589 [INFO] [MainThread] Found 283 tracked, 283 finalized, 0 need retry
2026-04-29 03:23:03,589 [INFO] [MainThread] Nothing to retry. All tracked meetings are finalized.
2026-04-29 03:34:03,263 [INFO] [MainThread] Found credentials from IAM Role: transcript-ec2-role
2026-04-29 03:34:03,370 [INFO] [MainThread] === retry_unfinalized starting ===
2026-04-29 03:34:03,371 [INFO] [MainThread] Scanning temp/live-doc-history/ for unfinalized meetings...
2026-04-29 03:34:03,611 [INFO] [MainThread] Found 283 tracked, 283 finalized, 0 need retry
2026-04-29 03:34:03,612 [INFO] [MainThread] Nothing to retry. All tracked meetings are finalized.
2026-04-29 03:44:03,475 [INFO] [MainThread] Found credentials from IAM Role: transcript-ec2-role
2026-04-29 03:44:03,589 [INFO] [MainThread] === retry_unfinalized starting ===
2026-04-29 03:44:03,589 [INFO] [MainThread] Scanning temp/live-doc-history/ for unfinalized meetings...
2026-04-29 03:44:03,792 [INFO] [MainThread] Found 283 tracked, 283 finalized, 0 need retry
2026-04-29 03:44:03,792 [INFO] [MainThread] Nothing to retry. All tracked meetings are finalized.
2026-04-29 03:55:03,260 [INFO] [MainThread] Found credentials from IAM Role: transcript-ec2-role
2026-04-29 03:55:03,368 [INFO] [MainThread] === retry_unfinalized starting ===
2026-04-29 03:55:03,368 [INFO] [MainThread] Scanning temp/live-doc-history/ for unfinalized meetings...
2026-04-29 03:55:03,574 [INFO] [MainThread] Found 283 tracked, 283 finalized, 0 need retry
2026-04-29 03:55:03,575 [INFO] [MainThread] Nothing to retry. All tracked meetings are finalized.
2026-04-29 04:06:03,306 [INFO] [MainThread] Found credentials from IAM Role: transcript-ec2-role
2026-04-29 04:06:03,411 [INFO] [MainThread] === retry_unfinalized starting ===
2026-04-29 04:06:03,411 [INFO] [MainThread] Scanning temp/live-doc-history/ for unfinalized meetings...
2026-04-29 04:06:03,637 [INFO] [MainThread] Found 283 tracked, 283 finalized, 0 need retry
2026-04-29 04:06:03,638 [INFO] [MainThread] Nothing to retry. All tracked meetings are finalized.
2026-04-29 04:16:03,447 [INFO] [MainThread] Found credentials from IAM Role: transcript-ec2-role
2026-04-29 04:16:03,555 [INFO] [MainThread] === retry_unfinalized starting ===
2026-04-29 04:16:03,555 [INFO] [MainThread] Scanning temp/live-doc-history/ for unfinalized meetings...
2026-04-29 04:16:03,779 [INFO] [MainThread] Found 283 tracked, 283 finalized, 0 need retry
2026-04-29 04:16:03,779 [INFO] [MainThread] Nothing to retry. All tracked meetings are finalized.
2026-04-29 04:27:03,259 [INFO] [MainThread] Found credentials from IAM Role: transcript-ec2-role
2026-04-29 04:27:03,365 [INFO] [MainThread] === retry_unfinalized starting ===
2026-04-29 04:27:03,366 [INFO] [MainThread] Scanning temp/live-doc-history/ for unfinalized meetings...
2026-04-29 04:27:03,566 [INFO] [MainThread] Found 283 tracked, 283 finalized, 0 need retry
2026-04-29 04:27:03,566 [INFO] [MainThread] Nothing to retry. All tracked meetings are finalized.
2026-04-29 04:38:03,259 [INFO] [MainThread] Found credentials from IAM Role: transcript-ec2-role
2026-04-29 04:38:03,367 [INFO] [MainThread] === retry_unfinalized starting ===
2026-04-29 04:38:03,368 [INFO] [MainThread] Scanning temp/live-doc-history/ for unfinalized meetings...
2026-04-29 04:38:03,696 [INFO] [MainThread] Found 283 tracked, 283 finalized, 0 need retry
2026-04-29 04:38:03,697 [INFO] [MainThread] Nothing to retry. All tracked meetings are finalized.
2026-04-29 04:48:03,454 [INFO] [MainThread] Found credentials from IAM Role: transcript-ec2-role
2026-04-29 04:48:03,561 [INFO] [MainThread] === retry_unfinalized starting ===
2026-04-29 04:48:03,561 [INFO] [MainThread] Scanning temp/live-doc-history/ for unfinalized meetings...
2026-04-29 04:48:03,790 [INFO] [MainThread] Found 283 tracked, 283 finalized, 0 need retry
2026-04-29 04:48:03,791 [INFO] [MainThread] Nothing to retry. All tracked meetings are finalized.
2026-04-29 04:58:03,565 [INFO] [MainThread] Found credentials from IAM Role: transcript-ec2-role
2026-04-29 04:58:03,674 [INFO] [MainThread] === retry_unfinalized starting ===
2026-04-29 04:58:03,674 [INFO] [MainThread] Scanning temp/live-doc-history/ for unfinalized meetings...
2026-04-29 04:58:03,901 [INFO] [MainThread] Found 283 tracked, 283 finalized, 0 need retry
2026-04-29 04:58:03,901 [INFO] [MainThread] Nothing to retry. All tracked meetings are finalized.
2026-04-29 05:09:03,267 [INFO] [MainThread] Found credentials from IAM Role: transcript-ec2-role
2026-04-29 05:09:03,377 [INFO] [MainThread] === retry_unfinalized starting ===
2026-04-29 05:09:03,377 [INFO] [MainThread] Scanning temp/live-doc-history/ for unfinalized meetings...
2026-04-29 05:09:03,603 [INFO] [MainThread] Found 283 tracked, 283 finalized, 0 need retry
2026-04-29 05:09:03,603 [INFO] [MainThread] Nothing to retry. All tracked meetings are finalized.
2026-04-29 05:20:01,813 [INFO] [MainThread] Found credentials from IAM Role: transcript-ec2-role
2026-04-29 05:20:01,932 [INFO] [MainThread] === retry_unfinalized starting ===
2026-04-29 05:20:01,932 [INFO] [MainThread] Scanning temp/live-doc-history/ for unfinalized meetings...
2026-04-29 05:20:02,216 [INFO] [MainThread] Found 283 tracked, 283 finalized, 0 need retry
2026-04-29 05:20:02,217 [INFO] [MainThread] Nothing to retry. All tracked meetings are finalized.
2026-04-29 05:30:03,253 [INFO] [MainThread] Found credentials from IAM Role: transcript-ec2-role
2026-04-29 05:30:03,359 [INFO] [MainThread] === retry_unfinalized starting ===
2026-04-29 05:30:03,359 [INFO] [MainThread] Scanning temp/live-doc-history/ for unfinalized meetings...
2026-04-29 05:30:03,560 [INFO] [MainThread] Found 283 tracked, 283 finalized, 0 need retry
2026-04-29 05:30:03,561 [INFO] [MainThread] Nothing to retry. All tracked meetings are finalized.
2026-04-29 05:40:12,504 [INFO] [MainThread] Found credentials from IAM Role: transcript-ec2-role
2026-04-29 05:40:12,612 [INFO] [MainThread] === retry_unfinalized starting ===
2026-04-29 05:40:12,612 [INFO] [MainThread] Scanning temp/live-doc-history/ for unfinalized meetings...
2026-04-29 05:40:12,849 [INFO] [MainThread] Found 283 tracked, 283 finalized, 0 need retry
2026-04-29 05:40:12,849 [INFO] [MainThread] Nothing to retry. All tracked meetings are finalized.
2026-04-29 05:50:13,008 [INFO] [MainThread] Found credentials from IAM Role: transcript-ec2-role
2026-04-29 05:50:13,116 [INFO] [MainThread] === retry_unfinalized starting ===
2026-04-29 05:50:13,116 [INFO] [MainThread] Scanning temp/live-doc-history/ for unfinalized meetings...
2026-04-29 05:50:13,317 [INFO] [MainThread] Found 283 tracked, 283 finalized, 0 need retry
2026-04-29 05:50:13,318 [INFO] [MainThread] Nothing to retry. All tracked meetings are finalized.
2026-04-29 06:01:03,247 [INFO] [MainThread] Found credentials from IAM Role: transcript-ec2-role
2026-04-29 06:01:03,351 [INFO] [MainThread] === retry_unfinalized starting ===
2026-04-29 06:01:03,351 [INFO] [MainThread] Scanning temp/live-doc-history/ for unfinalized meetings...
2026-04-29 06:01:03,587 [INFO] [MainThread] Found 283 tracked, 283 finalized, 0 need retry
2026-04-29 06:01:03,588 [INFO] [MainThread] Nothing to retry. All tracked meetings are finalized.
2026-04-29 06:11:03,260 [INFO] [MainThread] Found credentials from IAM Role: transcript-ec2-role
2026-04-29 06:11:03,368 [INFO] [MainThread] === retry_unfinalized starting ===
2026-04-29 06:11:03,368 [INFO] [MainThread] Scanning temp/live-doc-history/ for unfinalized meetings...
2026-04-29 06:11:03,642 [INFO] [MainThread] Found 283 tracked, 283 finalized, 0 need retry
2026-04-29 06:11:03,642 [INFO] [MainThread] Nothing to retry. All tracked meetings are finalized.
2026-04-29 06:22:03,287 [INFO] [MainThread] Found credentials from IAM Role: transcript-ec2-role
2026-04-29 06:22:03,399 [INFO] [MainThread] === retry_unfinalized starting ===
2026-04-29 06:22:03,399 [INFO] [MainThread] Scanning temp/live-doc-history/ for unfinalized meetings...
2026-04-29 06:22:03,620 [INFO] [MainThread] Found 283 tracked, 283 finalized, 0 need retry
2026-04-29 06:22:03,620 [INFO] [MainThread] Nothing to retry. All tracked meetings are finalized.
2026-04-29 06:32:03,492 [INFO] [MainThread] Found credentials from IAM Role: transcript-ec2-role
2026-04-29 06:32:03,610 [INFO] [MainThread] === retry_unfinalized starting ===
2026-04-29 06:32:03,610 [INFO] [MainThread] Scanning temp/live-doc-history/ for unfinalized meetings...
2026-04-29 06:32:03,849 [INFO] [MainThread] Found 283 tracked, 283 finalized, 0 need retry
2026-04-29 06:32:03,849 [INFO] [MainThread] Nothing to retry. All tracked meetings are finalized.
2026-04-29 06:43:03,245 [INFO] [MainThread] Found credentials from IAM Role: transcript-ec2-role
2026-04-29 06:43:03,351 [INFO] [MainThread] === retry_unfinalized starting ===
2026-04-29 06:43:03,351 [INFO] [MainThread] Scanning temp/live-doc-history/ for unfinalized meetings...
2026-04-29 06:43:03,569 [INFO] [MainThread] Found 283 tracked, 283 finalized, 0 need retry
2026-04-29 06:43:03,569 [INFO] [MainThread] Nothing to retry. All tracked meetings are finalized.
2026-04-29 06:54:03,289 [INFO] [MainThread] Found credentials from IAM Role: transcript-ec2-role
2026-04-29 06:54:03,397 [INFO] [MainThread] === retry_unfinalized starting ===
2026-04-29 06:54:03,397 [INFO] [MainThread] Scanning temp/live-doc-history/ for unfinalized meetings...
2026-04-29 06:54:03,614 [INFO] [MainThread] Found 283 tracked, 283 finalized, 0 need retry
2026-04-29 06:54:03,614 [INFO] [MainThread] Nothing to retry. All tracked meetings are finalized.
2026-04-29 07:04:03,488 [INFO] [MainThread] Found credentials from IAM Role: transcript-ec2-role
2026-04-29 07:04:03,597 [INFO] [MainThread] === retry_unfinalized starting ===
2026-04-29 07:04:03,598 [INFO] [MainThread] Scanning temp/live-doc-history/ for unfinalized meetings...
2026-04-29 07:04:03,802 [INFO] [MainThread] Found 283 tracked, 283 finalized, 0 need retry
2026-04-29 07:04:03,803 [INFO] [MainThread] Nothing to retry. All tracked meetings are finalized.
2026-04-29 07:15:03,258 [INFO] [MainThread] Found credentials from IAM Role: transcript-ec2-role
2026-04-29 07:15:03,364 [INFO] [MainThread] === retry_unfinalized starting ===
2026-04-29 07:15:03,364 [INFO] [MainThread] Scanning temp/live-doc-history/ for unfinalized meetings...
2026-04-29 07:15:03,564 [INFO] [MainThread] Found 283 tracked, 283 finalized, 0 need retry
2026-04-29 07:15:03,565 [INFO] [MainThread] Nothing to retry. All tracked meetings are finalized.
2026-04-29 07:26:03,256 [INFO] [MainThread] Found credentials from IAM Role: transcript-ec2-role
2026-04-29 07:26:03,361 [INFO] [MainThread] === retry_unfinalized starting ===
2026-04-29 07:26:03,362 [INFO] [MainThread] Scanning temp/live-doc-history/ for unfinalized meetings...
2026-04-29 07:26:03,604 [INFO] [MainThread] Found 283 tracked, 283 finalized, 0 need retry
2026-04-29 07:26:03,605 [INFO] [MainThread] Nothing to retry. All tracked meetings are finalized.
2026-04-29 07:37:03,265 [INFO] [MainThread] Found credentials from IAM Role: transcript-ec2-role
2026-04-29 07:37:03,374 [INFO] [MainThread] === retry_unfinalized starting ===
2026-04-29 07:37:03,375 [INFO] [MainThread] Scanning temp/live-doc-history/ for unfinalized meetings...
2026-04-29 07:37:03,629 [INFO] [MainThread] Found 283 tracked, 283 finalized, 0 need retry
2026-04-29 07:37:03,629 [INFO] [MainThread] Nothing to retry. All tracked meetings are finalized.
2026-04-29 07:48:03,260 [INFO] [MainThread] Found credentials from IAM Role: transcript-ec2-role
2026-04-29 07:48:03,367 [INFO] [MainThread] === retry_unfinalized starting ===
2026-04-29 07:48:03,367 [INFO] [MainThread] Scanning temp/live-doc-history/ for unfinalized meetings...
2026-04-29 07:48:03,558 [INFO] [MainThread] Found 283 tracked, 283 finalized, 0 need retry
2026-04-29 07:48:03,558 [INFO] [MainThread] Nothing to retry. All tracked meetings are finalized.
2026-04-29 07:59:03,260 [INFO] [MainThread] Found credentials from IAM Role: transcript-ec2-role
2026-04-29 07:59:03,367 [INFO] [MainThread] === retry_unfinalized starting ===
2026-04-29 07:59:03,367 [INFO] [MainThread] Scanning temp/live-doc-history/ for unfinalized meetings...
2026-04-29 07:59:03,572 [INFO] [MainThread] Found 283 tracked, 283 finalized, 0 need retry
2026-04-29 07:59:03,572 [INFO] [MainThread] Nothing to retry. All tracked meetings are finalized.
2026-04-29 08:09:03,534 [INFO] [MainThread] Found credentials from IAM Role: transcript-ec2-role
2026-04-29 08:09:03,643 [INFO] [MainThread] === retry_unfinalized starting ===
2026-04-29 08:09:03,643 [INFO] [MainThread] Scanning temp/live-doc-history/ for unfinalized meetings...
2026-04-29 08:09:03,855 [INFO] [MainThread] Found 283 tracked, 283 finalized, 0 need retry
2026-04-29 08:09:03,855 [INFO] [MainThread] Nothing to retry. All tracked meetings are finalized.
2026-04-29 08:20:02,338 [INFO] [MainThread] Found credentials from IAM Role: transcript-ec2-role
2026-04-29 08:20:02,452 [INFO] [MainThread] === retry_unfinalized starting ===
2026-04-29 08:20:02,452 [INFO] [MainThread] Scanning temp/live-doc-history/ for unfinalized meetings...
2026-04-29 08:20:02,673 [INFO] [MainThread] Found 283 tracked, 283 finalized, 0 need retry
2026-04-29 08:20:02,673 [INFO] [MainThread] Nothing to retry. All tracked meetings are finalized.
2026-04-29 08:30:03,282 [INFO] [MainThread] Found credentials from IAM Role: transcript-ec2-role
2026-04-29 08:30:03,392 [INFO] [MainThread] === retry_unfinalized starting ===
2026-04-29 08:30:03,392 [INFO] [MainThread] Scanning temp/live-doc-history/ for unfinalized meetings...
2026-04-29 08:30:03,590 [INFO] [MainThread] Found 283 tracked, 283 finalized, 0 need retry
2026-04-29 08:30:03,591 [INFO] [MainThread] Nothing to retry. All tracked meetings are finalized.
2026-04-29 08:40:13,035 [INFO] [MainThread] Found credentials from IAM Role: transcript-ec2-role
2026-04-29 08:40:13,148 [INFO] [MainThread] === retry_unfinalized starting ===
2026-04-29 08:40:13,148 [INFO] [MainThread] Scanning temp/live-doc-history/ for unfinalized meetings...
2026-04-29 08:40:13,361 [INFO] [MainThread] Found 283 tracked, 283 finalized, 0 need retry
2026-04-29 08:40:13,361 [INFO] [MainThread] Nothing to retry. All tracked meetings are finalized.
2026-04-29 08:51:03,258 [INFO] [MainThread] Found credentials from IAM Role: transcript-ec2-role
2026-04-29 08:51:03,364 [INFO] [MainThread] === retry_unfinalized starting ===
2026-04-29 08:51:03,365 [INFO] [MainThread] Scanning temp/live-doc-history/ for unfinalized meetings...
2026-04-29 08:51:03,558 [INFO] [MainThread] Found 283 tracked, 283 finalized, 0 need retry
2026-04-29 08:51:03,558 [INFO] [MainThread] Nothing to retry. All tracked meetings are finalized.
2026-04-29 09:02:03,274 [INFO] [MainThread] Found credentials from IAM Role: transcript-ec2-role
2026-04-29 09:02:03,383 [INFO] [MainThread] === retry_unfinalized starting ===
2026-04-29 09:02:03,383 [INFO] [MainThread] Scanning temp/live-doc-history/ for unfinalized meetings...
2026-04-29 09:02:03,620 [INFO] [MainThread] Found 283 tracked, 283 finalized, 0 need retry
2026-04-29 09:02:03,620 [INFO] [MainThread] Nothing to retry. All tracked meetings are finalized.
2026-04-29 09:13:03,263 [INFO] [MainThread] Found credentials from IAM Role: transcript-ec2-role
2026-04-29 09:13:03,373 [INFO] [MainThread] === retry_unfinalized starting ===
2026-04-29 09:13:03,373 [INFO] [MainThread] Scanning temp/live-doc-history/ for unfinalized meetings...
2026-04-29 09:13:03,574 [INFO] [MainThread] Found 283 tracked, 283 finalized, 0 need retry
2026-04-29 09:13:03,575 [INFO] [MainThread] Nothing to retry. All tracked meetings are finalized.
2026-04-29 09:24:03,257 [INFO] [MainThread] Found credentials from IAM Role: transcript-ec2-role
2026-04-29 09:24:03,365 [INFO] [MainThread] === retry_unfinalized starting ===
2026-04-29 09:24:03,365 [INFO] [MainThread] Scanning temp/live-doc-history/ for unfinalized meetings...
2026-04-29 09:24:03,578 [INFO] [MainThread] Found 283 tracked, 283 finalized, 0 need retry
2026-04-29 09:24:03,579 [INFO] [MainThread] Nothing to retry. All tracked meetings are finalized.
2026-04-29 09:34:03,493 [INFO] [MainThread] Found credentials from IAM Role: transcript-ec2-role
2026-04-29 09:34:03,605 [INFO] [MainThread] === retry_unfinalized starting ===
2026-04-29 09:34:03,605 [INFO] [MainThread] Scanning temp/live-doc-history/ for unfinalized meetings...
2026-04-29 09:34:03,821 [INFO] [MainThread] Found 283 tracked, 283 finalized, 0 need retry
2026-04-29 09:34:03,821 [INFO] [MainThread] Nothing to retry. All tracked meetings are finalized.
2026-04-29 09:45:03,251 [INFO] [MainThread] Found credentials from IAM Role: transcript-ec2-role
2026-04-29 09:45:03,360 [INFO] [MainThread] === retry_unfinalized starting ===
2026-04-29 09:45:03,360 [INFO] [MainThread] Scanning temp/live-doc-history/ for unfinalized meetings...
2026-04-29 09:45:03,561 [INFO] [MainThread] Found 283 tracked, 283 finalized, 0 need retry
2026-04-29 09:45:03,561 [INFO] [MainThread] Nothing to retry. All tracked meetings are finalized.
2026-04-29 09:56:03,275 [INFO] [MainThread] Found credentials from IAM Role: transcript-ec2-role
2026-04-29 09:56:03,384 [INFO] [MainThread] === retry_unfinalized starting ===
2026-04-29 09:56:03,384 [INFO] [MainThread] Scanning temp/live-doc-history/ for unfinalized meetings...
2026-04-29 09:56:03,588 [INFO] [MainThread] Found 283 tracked, 283 finalized, 0 need retry
2026-04-29 09:56:03,588 [INFO] [MainThread] Nothing to retry. All tracked meetings are finalized.
2026-04-29 10:06:03,289 [INFO] [MainThread] Found credentials from IAM Role: transcript-ec2-role
2026-04-29 10:06:03,401 [INFO] [MainThread] === retry_unfinalized starting ===
2026-04-29 10:06:03,401 [INFO] [MainThread] Scanning temp/live-doc-history/ for unfinalized meetings...
2026-04-29 10:06:03,593 [INFO] [MainThread] Found 283 tracked, 283 finalized, 0 need retry
2026-04-29 10:06:03,594 [INFO] [MainThread] Nothing to retry. All tracked meetings are finalized.
2026-04-29 10:16:03,509 [INFO] [MainThread] Found credentials from IAM Role: transcript-ec2-role
2026-04-29 10:16:03,617 [INFO] [MainThread] === retry_unfinalized starting ===
2026-04-29 10:16:03,617 [INFO] [MainThread] Scanning temp/live-doc-history/ for unfinalized meetings...
2026-04-29 10:16:03,890 [INFO] [MainThread] Found 283 tracked, 283 finalized, 0 need retry
2026-04-29 10:16:03,890 [INFO] [MainThread] Nothing to retry. All tracked meetings are finalized.
2026-04-29 10:27:03,244 [INFO] [MainThread] Found credentials from IAM Role: transcript-ec2-role
2026-04-29 10:27:03,352 [INFO] [MainThread] === retry_unfinalized starting ===
2026-04-29 10:27:03,352 [INFO] [MainThread] Scanning temp/live-doc-history/ for unfinalized meetings...
2026-04-29 10:27:03,567 [INFO] [MainThread] Found 283 tracked, 283 finalized, 0 need retry
2026-04-29 10:27:03,567 [INFO] [MainThread] Nothing to retry. All tracked meetings are finalized.
2026-04-29 10:38:03,279 [INFO] [MainThread] Found credentials from IAM Role: transcript-ec2-role
2026-04-29 10:38:03,388 [INFO] [MainThread] === retry_unfinalized starting ===
2026-04-29 10:38:03,388 [INFO] [MainThread] Scanning temp/live-doc-history/ for unfinalized meetings...
2026-04-29 10:38:03,598 [INFO] [MainThread] Found 283 tracked, 283 finalized, 0 need retry
2026-04-29 10:38:03,599 [INFO] [MainThread] Nothing to retry. All tracked meetings are finalized.
2026-04-29 10:49:03,263 [INFO] [MainThread] Found credentials from IAM Role: transcript-ec2-role
2026-04-29 10:49:03,373 [INFO] [MainThread] === retry_unfinalized starting ===
2026-04-29 10:49:03,373 [INFO] [MainThread] Scanning temp/live-doc-history/ for unfinalized meetings...
2026-04-29 10:49:03,587 [INFO] [MainThread] Found 283 tracked, 283 finalized, 0 need retry
2026-04-29 10:49:03,588 [INFO] [MainThread] Nothing to retry. All tracked meetings are finalized.
2026-04-29 11:00:01,464 [INFO] [MainThread] Found credentials from IAM Role: transcript-ec2-role
2026-04-29 11:00:01,584 [INFO] [MainThread] === retry_unfinalized starting ===
2026-04-29 11:00:01,584 [INFO] [MainThread] Scanning temp/live-doc-history/ for unfinalized meetings...
2026-04-29 11:00:01,792 [INFO] [MainThread] Found 283 tracked, 283 finalized, 0 need retry
2026-04-29 11:00:01,793 [INFO] [MainThread] Nothing to retry. All tracked meetings are finalized.
2026-04-29 11:10:02,028 [INFO] [MainThread] Found credentials from IAM Role: transcript-ec2-role
2026-04-29 11:10:02,149 [INFO] [MainThread] === retry_unfinalized starting ===
2026-04-29 11:10:02,149 [INFO] [MainThread] Scanning temp/live-doc-history/ for unfinalized meetings...
2026-04-29 11:10:02,371 [INFO] [MainThread] Found 283 tracked, 283 finalized, 0 need retry
2026-04-29 11:10:02,372 [INFO] [MainThread] Nothing to retry. All tracked meetings are finalized.
2026-04-29 11:20:03,247 [INFO] [MainThread] Found credentials from IAM Role: transcript-ec2-role
2026-04-29 11:20:03,353 [INFO] [MainThread] === retry_unfinalized starting ===
2026-04-29 11:20:03,353 [INFO] [MainThread] Scanning temp/live-doc-history/ for unfinalized meetings...
2026-04-29 11:20:03,597 [INFO] [MainThread] Found 283 tracked, 283 finalized, 0 need retry
2026-04-29 11:20:03,597 [INFO] [MainThread] Nothing to retry. All tracked meetings are finalized.
2026-04-29 11:30:12,517 [INFO] [MainThread] Found credentials from IAM Role: transcript-ec2-role
2026-04-29 11:30:12,623 [INFO] [MainThread] === retry_unfinalized starting ===
2026-04-29 11:30:12,623 [INFO] [MainThread] Scanning temp/live-doc-history/ for unfinalized meetings...
2026-04-29 11:30:12,813 [INFO] [MainThread] Found 283 tracked, 283 finalized, 0 need retry
2026-04-29 11:30:12,813 [INFO] [MainThread] Nothing to retry. All tracked meetings are finalized.
2026-04-29 11:41:03,258 [INFO] [MainThread] Found credentials from IAM Role: transcript-ec2-role
2026-04-29 11:41:03,365 [INFO] [MainThread] === retry_unfinalized starting ===
2026-04-29 11:41:03,365 [INFO] [MainThread] Scanning temp/live-doc-history/ for unfinalized meetings...
2026-04-29 11:41:03,555 [INFO] [MainThread] Found 283 tracked, 283 finalized, 0 need retry
2026-04-29 11:41:03,555 [INFO] [MainThread] Nothing to retry. All tracked meetings are finalized.
2026-04-29 11:52:03,283 [INFO] [MainThread] Found credentials from IAM Role: transcript-ec2-role
2026-04-29 11:52:03,393 [INFO] [MainThread] === retry_unfinalized starting ===
2026-04-29 11:52:03,393 [INFO] [MainThread] Scanning temp/live-doc-history/ for unfinalized meetings...
2026-04-29 11:52:03,584 [INFO] [MainThread] Found 283 tracked, 283 finalized, 0 need retry
2026-04-29 11:52:03,584 [INFO] [MainThread] Nothing to retry. All tracked meetings are finalized.
2026-04-29 12:03:03,262 [INFO] [MainThread] Found credentials from IAM Role: transcript-ec2-role
2026-04-29 12:03:03,374 [INFO] [MainThread] === retry_unfinalized starting ===
2026-04-29 12:03:03,374 [INFO] [MainThread] Scanning temp/live-doc-history/ for unfinalized meetings...
2026-04-29 12:03:03,611 [INFO] [MainThread] Found 283 tracked, 283 finalized, 0 need retry
2026-04-29 12:03:03,612 [INFO] [MainThread] Nothing to retry. All tracked meetings are finalized.
2026-04-29 12:14:03,264 [INFO] [MainThread] Found credentials from IAM Role: transcript-ec2-role
2026-04-29 12:14:03,373 [INFO] [MainThread] === retry_unfinalized starting ===
2026-04-29 12:14:03,373 [INFO] [MainThread] Scanning temp/live-doc-history/ for unfinalized meetings...
2026-04-29 12:14:03,597 [INFO] [MainThread] Found 283 tracked, 283 finalized, 0 need retry
2026-04-29 12:14:03,598 [INFO] [MainThread] Nothing to retry. All tracked meetings are finalized.
2026-04-29 12:24:03,543 [INFO] [MainThread] Found credentials from IAM Role: transcript-ec2-role
2026-04-29 12:24:03,652 [INFO] [MainThread] === retry_unfinalized starting ===
2026-04-29 12:24:03,652 [INFO] [MainThread] Scanning temp/live-doc-history/ for unfinalized meetings...
2026-04-29 12:24:03,867 [INFO] [MainThread] Found 283 tracked, 283 finalized, 0 need retry
2026-04-29 12:24:03,868 [INFO] [MainThread] Nothing to retry. All tracked meetings are finalized.
2026-04-29 12:35:03,278 [INFO] [MainThread] Found credentials from IAM Role: transcript-ec2-role
2026-04-29 12:35:03,385 [INFO] [MainThread] === retry_unfinalized starting ===
2026-04-29 12:35:03,385 [INFO] [MainThread] Scanning temp/live-doc-history/ for unfinalized meetings...
2026-04-29 12:35:03,588 [INFO] [MainThread] Found 283 tracked, 283 finalized, 0 need retry
2026-04-29 12:35:03,589 [INFO] [MainThread] Nothing to retry. All tracked meetings are finalized.
2026-04-29 12:46:03,303 [INFO] [MainThread] Found credentials from IAM Role: transcript-ec2-role
2026-04-29 12:46:03,415 [INFO] [MainThread] === retry_unfinalized starting ===
2026-04-29 12:46:03,415 [INFO] [MainThread] Scanning temp/live-doc-history/ for unfinalized meetings...
2026-04-29 12:46:03,651 [INFO] [MainThread] Found 283 tracked, 283 finalized, 0 need retry
2026-04-29 12:46:03,651 [INFO] [MainThread] Nothing to retry. All tracked meetings are finalized.
2026-04-29 12:56:03,501 [INFO] [MainThread] Found credentials from IAM Role: transcript-ec2-role
2026-04-29 12:56:03,610 [INFO] [MainThread] === retry_unfinalized starting ===
2026-04-29 12:56:03,610 [INFO] [MainThread] Scanning temp/live-doc-history/ for unfinalized meetings...
2026-04-29 12:56:03,805 [INFO] [MainThread] Found 283 tracked, 283 finalized, 0 need retry
2026-04-29 12:56:03,806 [INFO] [MainThread] Nothing to retry. All tracked meetings are finalized.
2026-04-29 13:07:03,273 [INFO] [MainThread] Found credentials from IAM Role: transcript-ec2-role
2026-04-29 13:07:03,380 [INFO] [MainThread] === retry_unfinalized starting ===
2026-04-29 13:07:03,380 [INFO] [MainThread] Scanning temp/live-doc-history/ for unfinalized meetings...
2026-04-29 13:07:03,589 [INFO] [MainThread] Found 284 tracked, 283 finalized, 1 need retry
2026-04-29 13:07:03,590 [INFO] [MainThread] Retrying 1 meetings with 20 parallel workers...
2026-04-29 13:07:13,879 [INFO] [MainThread] SKIP  93061871081 — recording not in S3 yet
2026-04-29 13:07:13,879 [INFO] [MainThread] 
=== retry_unfinalized complete ===
  Finalized:     0
  No doc.txt:    0
  Still skipped: 1 (recording not in S3 yet)
  Errors:        0

2026-04-29 13:18:03,475 [INFO] [MainThread] Found credentials from IAM Role: transcript-ec2-role
2026-04-29 13:18:03,585 [INFO] [MainThread] === retry_unfinalized starting ===
2026-04-29 13:18:03,586 [INFO] [MainThread] Scanning temp/live-doc-history/ for unfinalized meetings...
2026-04-29 13:18:05,669 [INFO] [MainThread] Found 284 tracked, 283 finalized, 1 need retry
2026-04-29 13:18:05,669 [INFO] [MainThread] Retrying 1 meetings with 20 parallel workers...
2026-04-29 13:18:16,843 [INFO] [MainThread] SKIP  93061871081 — recording not in S3 yet
2026-04-29 13:18:16,843 [INFO] [MainThread] 
=== retry_unfinalized complete ===
  Finalized:     0
  No doc.txt:    0
  Still skipped: 1 (recording not in S3 yet)
  Errors:        0

2026-04-29 13:28:03,268 [INFO] [MainThread] Found credentials from IAM Role: transcript-ec2-role
2026-04-29 13:28:03,375 [INFO] [MainThread] === retry_unfinalized starting ===
2026-04-29 13:28:03,375 [INFO] [MainThread] Scanning temp/live-doc-history/ for unfinalized meetings...
2026-04-29 13:28:03,600 [INFO] [MainThread] Found 284 tracked, 283 finalized, 1 need retry
2026-04-29 13:28:03,601 [INFO] [MainThread] Retrying 1 meetings with 20 parallel workers...
2026-04-29 13:28:16,082 [INFO] [MainThread] SKIP  93061871081 — recording not in S3 yet
2026-04-29 13:28:16,083 [INFO] [MainThread] 
=== retry_unfinalized complete ===
  Finalized:     0
  No doc.txt:    0
  Still skipped: 1 (recording not in S3 yet)
  Errors:        0

2026-04-29 13:38:03,461 [INFO] [MainThread] Found credentials from IAM Role: transcript-ec2-role
2026-04-29 13:38:03,573 [INFO] [MainThread] === retry_unfinalized starting ===
2026-04-29 13:38:03,573 [INFO] [MainThread] Scanning temp/live-doc-history/ for unfinalized meetings...
2026-04-29 13:38:03,836 [INFO] [MainThread] Found 284 tracked, 283 finalized, 1 need retry
2026-04-29 13:38:03,836 [INFO] [MainThread] Retrying 1 meetings with 20 parallel workers...
2026-04-29 13:38:15,103 [INFO] [MainThread] SKIP  93061871081 — recording not in S3 yet
2026-04-29 13:38:15,103 [INFO] [MainThread] 
=== retry_unfinalized complete ===
  Finalized:     0
  No doc.txt:    0
  Still skipped: 1 (recording not in S3 yet)
  Errors:        0

2026-04-29 13:49:03,323 [INFO] [MainThread] Found credentials from IAM Role: transcript-ec2-role
2026-04-29 13:49:03,436 [INFO] [MainThread] === retry_unfinalized starting ===
2026-04-29 13:49:03,437 [INFO] [MainThread] Scanning temp/live-doc-history/ for unfinalized meetings...
2026-04-29 13:49:03,628 [INFO] [MainThread] Found 285 tracked, 283 finalized, 2 need retry
2026-04-29 13:49:03,628 [INFO] [MainThread] Retrying 2 meetings with 20 parallel workers...
2026-04-29 13:49:18,236 [INFO] [MainThread] SKIP  93061871081 — recording not in S3 yet
2026-04-29 13:49:18,321 [INFO] [MainThread] SKIP  97738156718 — recording not in S3 yet
2026-04-29 13:49:18,322 [INFO] [MainThread] 
=== retry_unfinalized complete ===
  Finalized:     0
  No doc.txt:    0
  Still skipped: 2 (recording not in S3 yet)
  Errors:        0

2026-04-29 13:59:03,531 [INFO] [MainThread] Found credentials from IAM Role: transcript-ec2-role
2026-04-29 13:59:03,656 [INFO] [MainThread] === retry_unfinalized starting ===
2026-04-29 13:59:03,656 [INFO] [MainThread] Scanning temp/live-doc-history/ for unfinalized meetings...
2026-04-29 13:59:03,878 [INFO] [MainThread] Found 289 tracked, 283 finalized, 6 need retry
2026-04-29 13:59:03,879 [INFO] [MainThread] Retrying 6 meetings with 20 parallel workers...
2026-04-29 13:59:48,125 [INFO] [MainThread] SKIP  97738156718 — recording not in S3 yet
2026-04-29 13:59:48,836 [INFO] [MainThread] SKIP  91826299375 — recording not in S3 yet
2026-04-29 13:59:48,965 [INFO] [MainThread] SKIP  97676415347 — recording not in S3 yet
2026-04-29 13:59:49,041 [INFO] [MainThread] SKIP  95172819293 — recording not in S3 yet
2026-04-29 13:59:49,137 [INFO] [MainThread] SKIP  93061871081 — recording not in S3 yet
2026-04-29 13:59:49,219 [INFO] [MainThread] SKIP  93527464609 — recording not in S3 yet
2026-04-29 13:59:49,220 [INFO] [MainThread] 
=== retry_unfinalized complete ===
  Finalized:     0
  No doc.txt:    0
  Still skipped: 6 (recording not in S3 yet)
  Errors:        0

2026-04-29 14:10:01,522 [INFO] [MainThread] Found credentials from IAM Role: transcript-ec2-role
2026-04-29 14:10:01,642 [INFO] [MainThread] === retry_unfinalized starting ===
2026-04-29 14:10:01,642 [INFO] [MainThread] Scanning temp/live-doc-history/ for unfinalized meetings...
2026-04-29 14:10:01,862 [INFO] [MainThread] Found 289 tracked, 284 finalized, 5 need retry
2026-04-29 14:10:01,863 [INFO] [MainThread] Retrying 5 meetings with 20 parallel workers...
2026-04-29 14:10:36,490 [INFO] [MainThread] SKIP  95172819293 — recording not in S3 yet
2026-04-29 14:10:37,031 [INFO] [MainThread] SKIP  91826299375 — recording not in S3 yet
2026-04-29 14:10:37,053 [INFO] [MainThread] SKIP  93527464609 — recording not in S3 yet
2026-04-29 14:10:37,285 [INFO] [MainThread] SKIP  97738156718 — recording not in S3 yet
2026-04-29 14:10:37,483 [INFO] [MainThread] SKIP  97676415347 — recording not in S3 yet
2026-04-29 14:10:37,484 [INFO] [MainThread] 
=== retry_unfinalized complete ===
  Finalized:     0
  No doc.txt:    0
  Still skipped: 5 (recording not in S3 yet)
  Errors:        0

2026-04-29 14:20:02,126 [INFO] [MainThread] Found credentials from IAM Role: transcript-ec2-role
2026-04-29 14:20:02,259 [INFO] [MainThread] === retry_unfinalized starting ===
2026-04-29 14:20:02,259 [INFO] [MainThread] Scanning temp/live-doc-history/ for unfinalized meetings...
2026-04-29 14:20:02,511 [INFO] [MainThread] Found 291 tracked, 284 finalized, 7 need retry
2026-04-29 14:20:02,512 [INFO] [MainThread] Retrying 7 meetings with 20 parallel workers...
2026-04-29 14:21:00,126 [INFO] [MainThread] SKIP  98781237318 — recording not in S3 yet
2026-04-29 14:21:00,218 [INFO] [MainThread] SKIP  91826299375 — recording not in S3 yet
2026-04-29 14:21:00,510 [INFO] [MainThread] SKIP  97676415347 — recording not in S3 yet
2026-04-29 14:21:00,608 [INFO] [MainThread] SKIP  93527464609 — recording not in S3 yet
2026-04-29 14:21:00,808 [INFO] [MainThread] SKIP  97738156718 — recording not in S3 yet
2026-04-29 14:21:00,889 [INFO] [MainThread] SKIP  92156066937 — recording not in S3 yet
2026-04-29 14:21:01,320 [INFO] [MainThread] SKIP  95172819293 — recording not in S3 yet
2026-04-29 14:21:01,321 [INFO] [MainThread] 
=== retry_unfinalized complete ===
  Finalized:     0
  No doc.txt:    0
  Still skipped: 7 (recording not in S3 yet)
  Errors:        0

2026-04-29 14:30:02,060 [INFO] [MainThread] Found credentials from IAM Role: transcript-ec2-role
2026-04-29 14:30:02,181 [INFO] [MainThread] === retry_unfinalized starting ===
2026-04-29 14:30:02,181 [INFO] [MainThread] Scanning temp/live-doc-history/ for unfinalized meetings...
2026-04-29 14:30:02,460 [INFO] [MainThread] Found 294 tracked, 285 finalized, 9 need retry
2026-04-29 14:30:02,460 [INFO] [MainThread] Retrying 9 meetings with 20 parallel workers...
2026-04-29 14:31:14,164 [INFO] [MainThread] SKIP  95172819293 — recording not in S3 yet
2026-04-29 14:31:14,780 [INFO] [MainThread] SKIP  93063957044 — recording not in S3 yet
2026-04-29 14:31:15,830 [INFO] [MainThread] SKIP  92156066937 — recording not in S3 yet
2026-04-29 14:31:15,893 [INFO] [MainThread] SKIP  98112198413 — recording not in S3 yet
2026-04-29 14:31:16,703 [INFO] [MainThread] SKIP  97676415347 — recording not in S3 yet
2026-04-29 14:31:16,716 [INFO] [MainThread] SKIP  97738156718 — recording not in S3 yet
2026-04-29 14:31:16,962 [INFO] [MainThread] SKIP  98781237318 — recording not in S3 yet
2026-04-29 14:31:17,122 [INFO] [MainThread] SKIP  91826299375 — recording not in S3 yet
2026-04-29 14:31:17,148 [INFO] [MainThread] SKIP  91081184886 — recording not in S3 yet
2026-04-29 14:31:17,149 [INFO] [MainThread] 
=== retry_unfinalized complete ===
  Finalized:     0
  No doc.txt:    0
  Still skipped: 9 (recording not in S3 yet)
  Errors:        0

2026-04-29 14:40:02,207 [INFO] [MainThread] Found credentials from IAM Role: transcript-ec2-role
2026-04-29 14:40:02,370 [INFO] [MainThread] === retry_unfinalized starting ===
2026-04-29 14:40:02,371 [INFO] [MainThread] Scanning temp/live-doc-history/ for unfinalized meetings...
2026-04-29 14:40:02,580 [INFO] [MainThread] Found 294 tracked, 285 finalized, 9 need retry
2026-04-29 14:40:02,581 [INFO] [MainThread] Retrying 9 meetings with 20 parallel workers...
2026-04-29 14:41:10,160 [INFO] [MainThread] SKIP  93063957044 — recording not in S3 yet
2026-04-29 14:41:10,191 [INFO] [MainThread] SKIP  92156066937 — recording not in S3 yet
2026-04-29 14:41:10,967 [INFO] [MainThread] SKIP  98781237318 — recording not in S3 yet
2026-04-29 14:41:11,007 [INFO] [MainThread] SKIP  97738156718 — recording not in S3 yet
2026-04-29 14:41:11,157 [INFO] [MainThread] SKIP  97676415347 — recording not in S3 yet
2026-04-29 14:41:11,413 [INFO] [MainThread] SKIP  91826299375 — recording not in S3 yet
2026-04-29 14:41:11,432 [INFO] [MainThread] SKIP  98112198413 — recording not in S3 yet
2026-04-29 14:41:11,443 [INFO] [MainThread] SKIP  91081184886 — recording not in S3 yet
2026-04-29 14:41:11,517 [INFO] [MainThread] SKIP  95172819293 — recording not in S3 yet
2026-04-29 14:41:11,518 [INFO] [MainThread] 
=== retry_unfinalized complete ===
  Finalized:     0
  No doc.txt:    0
  Still skipped: 9 (recording not in S3 yet)
  Errors:        0

2026-04-29 14:50:02,379 [INFO] [MainThread] Found credentials from IAM Role: transcript-ec2-role
2026-04-29 14:50:02,503 [INFO] [MainThread] === retry_unfinalized starting ===
2026-04-29 14:50:02,503 [INFO] [MainThread] Scanning temp/live-doc-history/ for unfinalized meetings...
2026-04-29 14:50:02,796 [INFO] [MainThread] Found 295 tracked, 286 finalized, 9 need retry
2026-04-29 14:50:02,797 [INFO] [MainThread] Retrying 9 meetings with 20 parallel workers...
2026-04-29 14:51:12,555 [INFO] [MainThread] SKIP  95172819293 — recording not in S3 yet
2026-04-29 14:51:15,561 [INFO] [MainThread] SKIP  92507866720 — recording not in S3 yet
2026-04-29 14:51:17,129 [INFO] [MainThread] SKIP  98112198413 — recording not in S3 yet
2026-04-29 14:51:17,493 [INFO] [MainThread] SKIP  98781237318 — recording not in S3 yet
2026-04-29 14:51:17,921 [INFO] [MainThread] SKIP  97738156718 — recording not in S3 yet
2026-04-29 14:51:18,094 [INFO] [MainThread] SKIP  91081184886 — recording not in S3 yet
2026-04-29 14:51:18,359 [INFO] [MainThread] SKIP  92156066937 — recording not in S3 yet
2026-04-29 14:51:18,484 [INFO] [MainThread] SKIP  93063957044 — recording not in S3 yet
2026-04-29 14:51:18,657 [INFO] [MainThread] SKIP  91826299375 — recording not in S3 yet
2026-04-29 14:51:18,658 [INFO] [MainThread] 
=== retry_unfinalized complete ===
  Finalized:     0
  No doc.txt:    0
  Still skipped: 9 (recording not in S3 yet)
  Errors:        0

2026-04-29 15:00:02,523 [INFO] [MainThread] Found credentials from IAM Role: transcript-ec2-role
2026-04-29 15:00:02,728 [INFO] [MainThread] === retry_unfinalized starting ===
2026-04-29 15:00:02,728 [INFO] [MainThread] Scanning temp/live-doc-history/ for unfinalized meetings...
2026-04-29 15:00:02,983 [INFO] [MainThread] Found 298 tracked, 289 finalized, 9 need retry
2026-04-29 15:00:02,983 [INFO] [MainThread] Retrying 9 meetings with 20 parallel workers...
2026-04-29 15:01:18,778 [INFO] [MainThread] SKIP  97738156718 — recording not in S3 yet
2026-04-29 15:01:20,819 [INFO] [MainThread] SKIP  99254262157 — recording not in S3 yet
2026-04-29 15:01:21,131 [INFO] [MainThread] SKIP  95172819293 — recording not in S3 yet
2026-04-29 15:01:21,462 [INFO] [MainThread] SKIP  92156066937 — recording not in S3 yet
2026-04-29 15:01:21,483 [INFO] [MainThread] SKIP  93063957044 — recording not in S3 yet
2026-04-29 15:01:21,803 [INFO] [MainThread] SKIP  93905552252 — recording not in S3 yet
2026-04-29 15:01:21,831 [INFO] [MainThread] SKIP  98781237318 — recording not in S3 yet
2026-04-29 15:01:21,993 [INFO] [MainThread] SKIP  99458142800 — recording not in S3 yet
2026-04-29 15:01:22,081 [INFO] [MainThread] SKIP  92507866720 — recording not in S3 yet
2026-04-29 15:01:22,082 [INFO] [MainThread] 
=== retry_unfinalized complete ===
  Finalized:     0
  No doc.txt:    0
  Still skipped: 9 (recording not in S3 yet)
  Errors:        0

2026-04-29 15:10:02,522 [INFO] [MainThread] Found credentials from IAM Role: transcript-ec2-role
2026-04-29 15:10:02,651 [INFO] [MainThread] === retry_unfinalized starting ===
2026-04-29 15:10:02,651 [INFO] [MainThread] Scanning temp/live-doc-history/ for unfinalized meetings...
2026-04-29 15:10:02,969 [INFO] [MainThread] Found 298 tracked, 293 finalized, 5 need retry
2026-04-29 15:10:02,969 [INFO] [MainThread] Retrying 5 meetings with 20 parallel workers...
2026-04-29 15:10:41,718 [INFO] [MainThread] SKIP  97738156718 — recording not in S3 yet
2026-04-29 15:10:42,002 [INFO] [MainThread] SKIP  99254262157 — recording not in S3 yet
2026-04-29 15:10:42,485 [INFO] [MainThread] SKIP  98781237318 — recording not in S3 yet
2026-04-29 15:10:42,529 [INFO] [MainThread] SKIP  92507866720 — recording not in S3 yet
2026-04-29 15:10:42,743 [INFO] [MainThread] SKIP  99458142800 — recording not in S3 yet
2026-04-29 15:10:42,744 [INFO] [MainThread] 
=== retry_unfinalized complete ===
  Finalized:     0
  No doc.txt:    0
  Still skipped: 5 (recording not in S3 yet)
  Errors:        0

2026-04-29 15:20:03,293 [INFO] [MainThread] Found credentials from IAM Role: transcript-ec2-role
2026-04-29 15:20:03,427 [INFO] [MainThread] === retry_unfinalized starting ===
2026-04-29 15:20:03,428 [INFO] [MainThread] Scanning temp/live-doc-history/ for unfinalized meetings...
2026-04-29 15:20:03,666 [INFO] [MainThread] Found 300 tracked, 294 finalized, 6 need retry
2026-04-29 15:20:03,666 [INFO] [MainThread] Retrying 6 meetings with 20 parallel workers...
2026-04-29 15:20:51,748 [INFO] [MainThread] SKIP  92507866720 — recording not in S3 yet
2026-04-29 15:20:53,134 [INFO] [MainThread] SKIP  99458142800 — recording not in S3 yet
2026-04-29 15:20:53,521 [INFO] [MainThread] SKIP  99254262157 — recording not in S3 yet
2026-04-29 15:20:53,555 [INFO] [MainThread] SKIP  91705977474 — recording not in S3 yet
2026-04-29 15:20:53,676 [INFO] [MainThread] SKIP  92016179343 — recording not in S3 yet
2026-04-29 15:20:53,768 [INFO] [MainThread] SKIP  98781237318 — recording not in S3 yet
2026-04-29 15:20:53,769 [INFO] [MainThread] 
=== retry_unfinalized complete ===
  Finalized:     0
  No doc.txt:    0
  Still skipped: 6 (recording not in S3 yet)
  Errors:        0

2026-04-29 15:31:03,291 [INFO] [MainThread] Found credentials from IAM Role: transcript-ec2-role
2026-04-29 15:31:03,409 [INFO] [MainThread] === retry_unfinalized starting ===
2026-04-29 15:31:03,409 [INFO] [MainThread] Scanning temp/live-doc-history/ for unfinalized meetings...
2026-04-29 15:31:03,698 [INFO] [MainThread] Found 303 tracked, 296 finalized, 7 need retry
2026-04-29 15:31:03,698 [INFO] [MainThread] Retrying 7 meetings with 20 parallel workers...
2026-04-29 15:31:59,799 [INFO] [MainThread] SKIP  94846664080 — recording not in S3 yet
2026-04-29 15:32:01,613 [INFO] [MainThread] SKIP  91705977474 — recording not in S3 yet
2026-04-29 15:32:01,852 [INFO] [MainThread] SKIP  98230051565 — recording not in S3 yet
2026-04-29 15:32:01,921 [INFO] [MainThread] SKIP  92016179343 — recording not in S3 yet
2026-04-29 15:32:02,079 [INFO] [MainThread] SKIP  99254262157 — recording not in S3 yet
2026-04-29 15:32:02,125 [INFO] [MainThread] SKIP  91065112949 — recording not in S3 yet
2026-04-29 15:32:02,210 [INFO] [MainThread] SKIP  99458142800 — recording not in S3 yet
2026-04-29 15:32:02,213 [INFO] [MainThread] 
=== retry_unfinalized complete ===
  Finalized:     0
  No doc.txt:    0
  Still skipped: 7 (recording not in S3 yet)
  Errors:        0

2026-04-29 15:41:03,588 [INFO] [MainThread] Found credentials from IAM Role: transcript-ec2-role
2026-04-29 15:41:03,713 [INFO] [MainThread] === retry_unfinalized starting ===
2026-04-29 15:41:03,713 [INFO] [MainThread] Scanning temp/live-doc-history/ for unfinalized meetings...
2026-04-29 15:41:03,997 [INFO] [MainThread] Found 304 tracked, 296 finalized, 8 need retry
2026-04-29 15:41:03,997 [INFO] [MainThread] Retrying 8 meetings with 20 parallel workers...
2026-04-29 15:42:14,902 [INFO] [MainThread] SKIP  94846664080 — recording not in S3 yet
2026-04-29 15:42:15,661 [INFO] [MainThread] SKIP  91705977474 — recording not in S3 yet
2026-04-29 15:42:16,182 [INFO] [MainThread] SKIP  91065112949 — recording not in S3 yet
2026-04-29 15:42:16,715 [INFO] [MainThread] SKIP  98230051565 — recording not in S3 yet
2026-04-29 15:42:16,886 [INFO] [MainThread] SKIP  91271467697 — recording not in S3 yet
2026-04-29 15:42:17,033 [INFO] [MainThread] SKIP  92016179343 — recording not in S3 yet
2026-04-29 15:42:17,060 [INFO] [MainThread] SKIP  99254262157 — recording not in S3 yet
2026-04-29 15:42:17,174 [INFO] [MainThread] SKIP  99458142800 — recording not in S3 yet
2026-04-29 15:42:17,176 [INFO] [MainThread] 
=== retry_unfinalized complete ===
  Finalized:     0
  No doc.txt:    0
  Still skipped: 8 (recording not in S3 yet)
  Errors:        0

2026-04-29 15:52:03,266 [INFO] [MainThread] Found credentials from IAM Role: transcript-ec2-role
2026-04-29 15:52:03,378 [INFO] [MainThread] === retry_unfinalized starting ===
2026-04-29 15:52:03,378 [INFO] [MainThread] Scanning temp/live-doc-history/ for unfinalized meetings...
2026-04-29 15:52:03,590 [INFO] [MainThread] Found 305 tracked, 296 finalized, 9 need retry
2026-04-29 15:52:03,591 [INFO] [MainThread] Retrying 9 meetings with 20 parallel workers...
2026-04-29 15:53:15,534 [INFO] [MainThread] SKIP  91271467697 — recording not in S3 yet
2026-04-29 15:53:15,997 [INFO] [MainThread] SKIP  94846664080 — recording not in S3 yet
2026-04-29 15:53:16,280 [INFO] [MainThread] SKIP  91065112949 — recording not in S3 yet
2026-04-29 15:53:17,016 [INFO] [MainThread] SKIP  96568122007 — recording not in S3 yet
2026-04-29 15:53:17,280 [INFO] [MainThread] SKIP  91705977474 — recording not in S3 yet
2026-04-29 15:53:17,359 [INFO] [MainThread] SKIP  98230051565 — recording not in S3 yet
2026-04-29 15:53:17,485 [INFO] [MainThread] SKIP  99458142800 — recording not in S3 yet
2026-04-29 15:53:17,672 [INFO] [MainThread] SKIP  92016179343 — recording not in S3 yet
2026-04-29 15:53:17,692 [INFO] [MainThread] SKIP  99254262157 — recording not in S3 yet
2026-04-29 15:53:17,694 [INFO] [MainThread] 
=== retry_unfinalized complete ===
  Finalized:     0
  No doc.txt:    0
  Still skipped: 9 (recording not in S3 yet)
  Errors:        0

2026-04-29 16:03:03,266 [INFO] [MainThread] Found credentials from IAM Role: transcript-ec2-role
2026-04-29 16:03:03,382 [INFO] [MainThread] === retry_unfinalized starting ===
2026-04-29 16:03:03,382 [INFO] [MainThread] Scanning temp/live-doc-history/ for unfinalized meetings...
2026-04-29 16:03:03,613 [INFO] [MainThread] Found 310 tracked, 299 finalized, 11 need retry
2026-04-29 16:03:03,613 [INFO] [MainThread] Retrying 11 meetings with 20 parallel workers...
2026-04-29 16:04:33,227 [INFO] [MainThread] SKIP  91705977474 — recording not in S3 yet
2026-04-29 16:04:34,037 [INFO] [MainThread] SKIP  91271467697 — recording not in S3 yet
2026-04-29 16:04:34,508 [INFO] [MainThread] SKIP  97650087835 — recording not in S3 yet
2026-04-29 16:04:35,250 [INFO] [MainThread] SKIP  96677446691 — recording not in S3 yet
2026-04-29 16:04:35,610 [INFO] [MainThread] SKIP  98230051565 — recording not in S3 yet
2026-04-29 16:04:36,079 [INFO] [MainThread] SKIP  92454768034 — recording not in S3 yet
2026-04-29 16:04:36,089 [INFO] [MainThread] SKIP  98233139166 — recording not in S3 yet
2026-04-29 16:04:36,286 [INFO] [MainThread] SKIP  96568122007 — recording not in S3 yet
2026-04-29 16:04:36,500 [INFO] [MainThread] SKIP  99458142800 — recording not in S3 yet
2026-04-29 16:04:36,594 [INFO] [MainThread] SKIP  94846664080 — recording not in S3 yet
2026-04-29 16:04:36,595 [WARNING] [retry_9] Connection pool is full, discarding connection: zoom-automation-bucket.s3.amazonaws.com. Connection pool size: 10
2026-04-29 16:04:36,759 [INFO] [MainThread] SKIP  99254262157 — recording not in S3 yet
2026-04-29 16:04:36,761 [INFO] [MainThread] 
=== retry_unfinalized complete ===
  Finalized:     0
  No doc.txt:    0
  Still skipped: 11 (recording not in S3 yet)
  Errors:        0

2026-04-29 16:13:03,416 [INFO] [MainThread] Found credentials from IAM Role: transcript-ec2-role
2026-04-29 16:13:03,533 [INFO] [MainThread] === retry_unfinalized starting ===
2026-04-29 16:13:03,533 [INFO] [MainThread] Scanning temp/live-doc-history/ for unfinalized meetings...
2026-04-29 16:13:03,767 [INFO] [MainThread] Found 310 tracked, 303 finalized, 7 need retry
2026-04-29 16:13:03,767 [INFO] [MainThread] Retrying 7 meetings with 20 parallel workers...
2026-04-29 16:13:58,627 [INFO] [MainThread] SKIP  92454768034 — recording not in S3 yet
2026-04-29 16:13:59,025 [INFO] [MainThread] SKIP  98233139166 — recording not in S3 yet
2026-04-29 16:13:59,158 [INFO] [MainThread] SKIP  99254262157 — recording not in S3 yet
2026-04-29 16:13:59,365 [INFO] [MainThread] SKIP  99458142800 — recording not in S3 yet
2026-04-29 16:13:59,477 [INFO] [MainThread] SKIP  96677446691 — recording not in S3 yet
2026-04-29 16:13:59,753 [INFO] [MainThread] SKIP  97650087835 — recording not in S3 yet
2026-04-29 16:13:59,937 [INFO] [MainThread] SKIP  96568122007 — recording not in S3 yet
2026-04-29 16:13:59,938 [INFO] [MainThread] 
=== retry_unfinalized complete ===
  Finalized:     0
  No doc.txt:    0
  Still skipped: 7 (recording not in S3 yet)
  Errors:        0

2026-04-29 16:23:03,516 [INFO] [MainThread] Found credentials from IAM Role: transcript-ec2-role
2026-04-29 16:23:03,636 [INFO] [MainThread] === retry_unfinalized starting ===
2026-04-29 16:23:03,636 [INFO] [MainThread] Scanning temp/live-doc-history/ for unfinalized meetings...
2026-04-29 16:23:03,857 [INFO] [MainThread] Found 314 tracked, 305 finalized, 9 need retry
2026-04-29 16:23:03,857 [INFO] [MainThread] Retrying 9 meetings with 20 parallel workers...
2026-04-29 16:24:14,929 [INFO] [MainThread] SKIP  92454768034 — recording not in S3 yet
2026-04-29 16:24:15,114 [INFO] [MainThread] SKIP  98233139166 — recording not in S3 yet
2026-04-29 16:24:16,891 [INFO] [MainThread] SKIP  93815533612 — recording not in S3 yet
2026-04-29 16:24:17,180 [INFO] [MainThread] SKIP  96568122007 — recording not in S3 yet
2026-04-29 16:24:17,188 [INFO] [MainThread] SKIP  97430760813 — recording not in S3 yet
2026-04-29 16:24:17,285 [INFO] [MainThread] SKIP  93444513051 — recording not in S3 yet
2026-04-29 16:24:17,652 [INFO] [MainThread] SKIP  99254262157 — recording not in S3 yet
2026-04-29 16:24:17,706 [INFO] [MainThread] SKIP  97650087835 — recording not in S3 yet
2026-04-29 16:24:18,023 [INFO] [MainThread] SKIP  96677446691 — recording not in S3 yet
2026-04-29 16:24:18,027 [INFO] [MainThread] 
=== retry_unfinalized complete ===
  Finalized:     0
  No doc.txt:    0
  Still skipped: 9 (recording not in S3 yet)
  Errors:        0

2026-04-29 16:34:03,363 [INFO] [MainThread] Found credentials from IAM Role: transcript-ec2-role
2026-04-29 16:34:03,496 [INFO] [MainThread] === retry_unfinalized starting ===
2026-04-29 16:34:03,497 [INFO] [MainThread] Scanning temp/live-doc-history/ for unfinalized meetings...
2026-04-29 16:34:03,709 [INFO] [MainThread] Found 315 tracked, 307 finalized, 8 need retry
2026-04-29 16:34:03,710 [INFO] [MainThread] Retrying 8 meetings with 20 parallel workers...
2026-04-29 16:35:09,178 [INFO] [MainThread] SKIP  99797818069 — recording not in S3 yet
2026-04-29 16:35:10,426 [INFO] [MainThread] SKIP  93815533612 — recording not in S3 yet
2026-04-29 16:35:11,146 [INFO] [MainThread] SKIP  98233139166 — recording not in S3 yet
2026-04-29 16:35:11,547 [INFO] [MainThread] SKIP  97650087835 — recording not in S3 yet
2026-04-29 16:35:11,548 [INFO] [MainThread] SKIP  92454768034 — recording not in S3 yet
2026-04-29 16:35:11,761 [INFO] [MainThread] SKIP  97430760813 — recording not in S3 yet
2026-04-29 16:35:11,913 [INFO] [MainThread] SKIP  93444513051 — recording not in S3 yet
2026-04-29 16:35:12,125 [INFO] [MainThread] SKIP  96568122007 — recording not in S3 yet
2026-04-29 16:35:12,125 [INFO] [MainThread] 
=== retry_unfinalized complete ===
  Finalized:     0
  No doc.txt:    0
  Still skipped: 8 (recording not in S3 yet)
  Errors:        0

2026-04-29 16:44:03,540 [INFO] [MainThread] Found credentials from IAM Role: transcript-ec2-role
2026-04-29 16:44:03,662 [INFO] [MainThread] === retry_unfinalized starting ===
2026-04-29 16:44:03,662 [INFO] [MainThread] Scanning temp/live-doc-history/ for unfinalized meetings...
2026-04-29 16:44:03,875 [INFO] [MainThread] Found 316 tracked, 310 finalized, 6 need retry
2026-04-29 16:44:03,876 [INFO] [MainThread] Retrying 6 meetings with 20 parallel workers...
2026-04-29 16:44:56,313 [INFO] [MainThread] SKIP  96568122007 — recording not in S3 yet
2026-04-29 16:44:56,528 [INFO] [MainThread] SKIP  97430760813 — recording not in S3 yet
2026-04-29 16:44:56,572 [INFO] [MainThread] SKIP  97650087835 — recording not in S3 yet
2026-04-29 16:44:56,662 [INFO] [MainThread] SKIP  93444513051 — recording not in S3 yet
2026-04-29 16:44:56,890 [INFO] [MainThread] SKIP  93815533612 — recording not in S3 yet
2026-04-29 16:44:57,106 [INFO] [MainThread] SKIP  99797818069 — recording not in S3 yet
2026-04-29 16:44:57,107 [INFO] [MainThread] 
=== retry_unfinalized complete ===
  Finalized:     0
  No doc.txt:    0
  Still skipped: 6 (recording not in S3 yet)
  Errors:        0

2026-04-29 16:55:03,308 [INFO] [MainThread] Found credentials from IAM Role: transcript-ec2-role
2026-04-29 16:55:03,423 [INFO] [MainThread] === retry_unfinalized starting ===
2026-04-29 16:55:03,423 [INFO] [MainThread] Scanning temp/live-doc-history/ for unfinalized meetings...
2026-04-29 16:55:03,676 [INFO] [MainThread] Found 327 tracked, 311 finalized, 16 need retry
2026-04-29 16:55:03,677 [INFO] [MainThread] Retrying 16 meetings with 20 parallel workers...
2026-04-29 16:57:15,453 [WARNING] [retry_15] Connection pool is full, discarding connection: zoom-automation-bucket.s3.amazonaws.com. Connection pool size: 10
2026-04-29 16:57:15,578 [WARNING] [retry_3] Connection pool is full, discarding connection: zoom-automation-bucket.s3.amazonaws.com. Connection pool size: 10
2026-04-29 16:57:15,673 [WARNING] [retry_6] Connection pool is full, discarding connection: zoom-automation-bucket.s3.amazonaws.com. Connection pool size: 10
2026-04-29 16:57:15,723 [WARNING] [retry_0] Connection pool is full, discarding connection: zoom-automation-bucket.s3.amazonaws.com. Connection pool size: 10
2026-04-29 16:57:16,840 [INFO] [MainThread] SKIP  92467621946 — recording not in S3 yet
2026-04-29 16:57:17,216 [INFO] [MainThread] SKIP  97071906281 — recording not in S3 yet
2026-04-29 16:57:18,677 [INFO] [MainThread] SKIP  97243293265 — recording not in S3 yet
2026-04-29 16:57:18,813 [INFO] [MainThread] SKIP  93444513051 — recording not in S3 yet
2026-04-29 16:57:20,041 [INFO] [MainThread] SKIP  96902360274 — recording not in S3 yet
2026-04-29 16:57:20,519 [WARNING] [retry_12] Connection pool is full, discarding connection: zoom-automation-bucket.s3.amazonaws.com. Connection pool size: 10
2026-04-29 16:57:20,848 [INFO] [MainThread] SKIP  92927861318 — recording not in S3 yet
2026-04-29 16:57:20,978 [INFO] [MainThread] SKIP  94519298237 — recording not in S3 yet
2026-04-29 16:57:21,024 [INFO] [MainThread] SKIP  97430760813 — recording not in S3 yet
2026-04-29 16:57:21,083 [INFO] [MainThread] SKIP  96191182457 — recording not in S3 yet
2026-04-29 16:57:21,126 [INFO] [MainThread] SKIP  93515655843 — recording not in S3 yet
2026-04-29 16:57:21,131 [INFO] [MainThread] SKIP  93590847526 — recording not in S3 yet
2026-04-29 16:57:21,152 [WARNING] [retry_7] Connection pool is full, discarding connection: zoom-automation-bucket.s3.amazonaws.com. Connection pool size: 10
2026-04-29 16:57:21,226 [WARNING] [retry_15] Connection pool is full, discarding connection: zoom-automation-bucket.s3.amazonaws.com. Connection pool size: 10
2026-04-29 16:57:21,311 [WARNING] [retry_14] Connection pool is full, discarding connection: zoom-automation-bucket.s3.amazonaws.com. Connection pool size: 10
2026-04-29 16:57:21,338 [WARNING] [retry_13] Connection pool is full, discarding connection: zoom-automation-bucket.s3.amazonaws.com. Connection pool size: 10
2026-04-29 16:57:21,543 [INFO] [MainThread] SKIP  93815533612 — recording not in S3 yet
2026-04-29 16:57:21,551 [INFO] [MainThread] SKIP  95423509063 — recording not in S3 yet
2026-04-29 16:57:21,634 [INFO] [MainThread] SKIP  99797818069 — recording not in S3 yet
2026-04-29 16:57:21,702 [INFO] [MainThread] SKIP  99062775152 — recording not in S3 yet
2026-04-29 16:57:21,703 [INFO] [MainThread] SKIP  97650087835 — recording not in S3 yet
2026-04-29 16:57:21,706 [INFO] [MainThread] 
=== retry_unfinalized complete ===
  Finalized:     0
  No doc.txt:    0
  Still skipped: 16 (recording not in S3 yet)
  Errors:        0

2026-04-29 17:06:03,269 [INFO] [MainThread] Found credentials from IAM Role: transcript-ec2-role
2026-04-29 17:06:03,395 [INFO] [MainThread] === retry_unfinalized starting ===
2026-04-29 17:06:03,395 [INFO] [MainThread] Scanning temp/live-doc-history/ for unfinalized meetings...
2026-04-29 17:06:03,639 [INFO] [MainThread] Found 327 tracked, 314 finalized, 13 need retry
2026-04-29 17:06:03,640 [INFO] [MainThread] Retrying 13 meetings with 20 parallel workers...
2026-04-29 17:07:55,519 [INFO] [MainThread] SKIP  96191182457 — recording not in S3 yet
2026-04-29 17:07:57,778 [INFO] [MainThread] SKIP  99062775152 — recording not in S3 yet
2026-04-29 17:07:59,142 [INFO] [MainThread] SKIP  93444513051 — recording not in S3 yet
2026-04-29 17:07:59,710 [INFO] [MainThread] SKIP  92927861318 — recording not in S3 yet
2026-04-29 17:08:00,031 [INFO] [MainThread] SKIP  94519298237 — recording not in S3 yet
2026-04-29 17:08:00,140 [INFO] [MainThread] SKIP  97071906281 — recording not in S3 yet
2026-04-29 17:08:00,646 [INFO] [MainThread] SKIP  97243293265 — recording not in S3 yet
2026-04-29 17:08:00,663 [INFO] [MainThread] SKIP  99797818069 — recording not in S3 yet
2026-04-29 17:08:00,684 [WARNING] [retry_10] Connection pool is full, discarding connection: zoom-automation-bucket.s3.amazonaws.com. Connection pool size: 10
2026-04-29 17:08:00,705 [WARNING] [retry_0] Connection pool is full, discarding connection: zoom-automation-bucket.s3.amazonaws.com. Connection pool size: 10
2026-04-29 17:08:00,982 [INFO] [MainThread] SKIP  97650087835 — recording not in S3 yet
2026-04-29 17:08:01,201 [INFO] [MainThread] SKIP  93815533612 — recording not in S3 yet
2026-04-29 17:08:01,299 [INFO] [MainThread] SKIP  92467621946 — recording not in S3 yet
2026-04-29 17:08:01,361 [WARNING] [retry_5] Connection pool is full, discarding connection: zoom-automation-bucket.s3.amazonaws.com. Connection pool size: 10
2026-04-29 17:08:01,474 [INFO] [MainThread] SKIP  96902360274 — recording not in S3 yet
2026-04-29 17:08:01,516 [INFO] [MainThread] SKIP  95423509063 — recording not in S3 yet
2026-04-29 17:08:01,518 [INFO] [MainThread] 
=== retry_unfinalized complete ===
  Finalized:     0
  No doc.txt:    0
  Still skipped: 13 (recording not in S3 yet)
  Errors:        0

2026-04-29 17:16:03,288 [INFO] [MainThread] Found credentials from IAM Role: transcript-ec2-role
2026-04-29 17:16:03,405 [INFO] [MainThread] === retry_unfinalized starting ===
2026-04-29 17:16:03,405 [INFO] [MainThread] Scanning temp/live-doc-history/ for unfinalized meetings...
2026-04-29 17:16:03,620 [INFO] [MainThread] Found 329 tracked, 317 finalized, 12 need retry
2026-04-29 17:16:03,621 [INFO] [MainThread] Retrying 12 meetings with 20 parallel workers...
2026-04-29 17:17:51,644 [INFO] [MainThread] SKIP  93815533612 — recording not in S3 yet
2026-04-29 17:17:53,043 [INFO] [MainThread] SKIP  92366283492 — recording not in S3 yet
2026-04-29 17:17:53,059 [INFO] [MainThread] SKIP  97071906281 — recording not in S3 yet
2026-04-29 17:17:53,750 [INFO] [MainThread] SKIP  94519298237 — recording not in S3 yet
2026-04-29 17:17:54,559 [INFO] [MainThread] SKIP  95423509063 — recording not in S3 yet
2026-04-29 17:17:54,871 [INFO] [MainThread] SKIP  96191182457 — recording not in S3 yet
2026-04-29 17:17:55,316 [WARNING] [retry_2] Connection pool is full, discarding connection: zoom-automation-bucket.s3.amazonaws.com. Connection pool size: 10
2026-04-29 17:17:55,367 [INFO] [MainThread] SKIP  97243293265 — recording not in S3 yet
2026-04-29 17:17:55,377 [WARNING] [retry_1] Connection pool is full, discarding connection: zoom-automation-bucket.s3.amazonaws.com. Connection pool size: 10
2026-04-29 17:17:55,450 [INFO] [MainThread] SKIP  97650087835 — recording not in S3 yet
2026-04-29 17:17:55,473 [INFO] [MainThread] SKIP  99062775152 — recording not in S3 yet
2026-04-29 17:17:55,621 [INFO] [MainThread] SKIP  92927861318 — recording not in S3 yet
2026-04-29 17:17:55,801 [INFO] [MainThread] SKIP  96902360274 — recording not in S3 yet
2026-04-29 17:17:55,877 [INFO] [MainThread] SKIP  92467621946 — recording not in S3 yet
2026-04-29 17:17:55,878 [INFO] [MainThread] 
=== retry_unfinalized complete ===
  Finalized:     0
  No doc.txt:    0
  Still skipped: 12 (recording not in S3 yet)
  Errors:        0

2026-04-29 17:27:03,267 [INFO] [MainThread] Found credentials from IAM Role: transcript-ec2-role
2026-04-29 17:27:03,379 [INFO] [MainThread] === retry_unfinalized starting ===
2026-04-29 17:27:03,379 [INFO] [MainThread] Scanning temp/live-doc-history/ for unfinalized meetings...
2026-04-29 17:27:03,600 [INFO] [MainThread] Found 332 tracked, 318 finalized, 14 need retry
2026-04-29 17:27:03,600 [INFO] [MainThread] Retrying 14 meetings with 20 parallel workers...
2026-04-29 17:29:01,579 [INFO] [MainThread] SKIP  99062775152 — recording not in S3 yet
2026-04-29 17:29:02,787 [INFO] [MainThread] SKIP  97071906281 — recording not in S3 yet
2026-04-29 17:29:06,095 [INFO] [MainThread] SKIP  97650087835 — recording not in S3 yet
2026-04-29 17:29:06,141 [INFO] [MainThread] SKIP  92927861318 — recording not in S3 yet
2026-04-29 17:29:06,597 [INFO] [MainThread] SKIP  92366283492 — recording not in S3 yet
2026-04-29 17:29:06,779 [INFO] [MainThread] SKIP  94519298237 — recording not in S3 yet
2026-04-29 17:29:06,872 [INFO] [MainThread] SKIP  96306702623 — recording not in S3 yet
2026-04-29 17:29:07,067 [INFO] [MainThread] SKIP  92467621946 — recording not in S3 yet
2026-04-29 17:29:07,113 [INFO] [MainThread] SKIP  96902360274 — recording not in S3 yet
2026-04-29 17:29:07,147 [WARNING] [retry_5] Connection pool is full, discarding connection: zoom-automation-bucket.s3.amazonaws.com. Connection pool size: 10
2026-04-29 17:29:07,224 [WARNING] [retry_6] Connection pool is full, discarding connection: zoom-automation-bucket.s3.amazonaws.com. Connection pool size: 10
2026-04-29 17:29:07,469 [INFO] [MainThread] SKIP  96191182457 — recording not in S3 yet
2026-04-29 17:29:07,508 [INFO] [MainThread] SKIP  97243293265 — recording not in S3 yet
2026-04-29 17:29:07,518 [WARNING] [retry_2] Connection pool is full, discarding connection: zoom-automation-bucket.s3.amazonaws.com. Connection pool size: 10
2026-04-29 17:29:07,573 [WARNING] [retry_13] Connection pool is full, discarding connection: zoom-automation-bucket.s3.amazonaws.com. Connection pool size: 10
2026-04-29 17:29:07,586 [INFO] [MainThread] SKIP  95423509063 — recording not in S3 yet
2026-04-29 17:29:07,828 [INFO] [MainThread] SKIP  99587662824 — recording not in S3 yet
2026-04-29 17:29:08,029 [INFO] [MainThread] SKIP  92750515456 — recording not in S3 yet
2026-04-29 17:29:08,031 [INFO] [MainThread] 
=== retry_unfinalized complete ===
  Finalized:     0
  No doc.txt:    0
  Still skipped: 14 (recording not in S3 yet)
  Errors:        0

2026-04-29 17:37:03,420 [INFO] [MainThread] Found credentials from IAM Role: transcript-ec2-role
2026-04-29 17:37:03,552 [INFO] [MainThread] === retry_unfinalized starting ===
2026-04-29 17:37:03,553 [INFO] [MainThread] Scanning temp/live-doc-history/ for unfinalized meetings...
2026-04-29 17:37:03,852 [INFO] [MainThread] Found 334 tracked, 323 finalized, 11 need retry
2026-04-29 17:37:03,853 [INFO] [MainThread] Retrying 11 meetings with 20 parallel workers...
2026-04-29 17:38:44,286 [INFO] [MainThread] SKIP  96902360274 — recording not in S3 yet
2026-04-29 17:38:46,988 [INFO] [MainThread] SKIP  99368084835 — recording not in S3 yet
2026-04-29 17:38:46,988 [INFO] [MainThread] SKIP  96306702623 — recording not in S3 yet
2026-04-29 17:38:47,129 [INFO] [MainThread] SKIP  99587662824 — recording not in S3 yet
2026-04-29 17:38:47,613 [INFO] [MainThread] SKIP  93987289384 — recording not in S3 yet
2026-04-29 17:38:47,729 [INFO] [MainThread] SKIP  94519298237 — recording not in S3 yet
2026-04-29 17:38:48,175 [INFO] [MainThread] SKIP  92366283492 — recording not in S3 yet
2026-04-29 17:38:48,235 [INFO] [MainThread] SKIP  92927861318 — recording not in S3 yet
2026-04-29 17:38:48,248 [INFO] [MainThread] SKIP  96191182457 — recording not in S3 yet
2026-04-29 17:38:48,445 [WARNING] [retry_1] Connection pool is full, discarding connection: zoom-automation-bucket.s3.amazonaws.com. Connection pool size: 10
2026-04-29 17:38:48,636 [INFO] [MainThread] SKIP  92750515456 — recording not in S3 yet
2026-04-29 17:38:49,015 [INFO] [MainThread] SKIP  99062775152 — recording not in S3 yet
2026-04-29 17:38:49,017 [INFO] [MainThread] 
=== retry_unfinalized complete ===
  Finalized:     0
  No doc.txt:    0
  Still skipped: 11 (recording not in S3 yet)
  Errors:        0

2026-04-29 17:47:03,541 [INFO] [MainThread] Found credentials from IAM Role: transcript-ec2-role
2026-04-29 17:47:03,682 [INFO] [MainThread] === retry_unfinalized starting ===
2026-04-29 17:47:03,682 [INFO] [MainThread] Scanning temp/live-doc-history/ for unfinalized meetings...
2026-04-29 17:47:03,929 [INFO] [MainThread] Found 338 tracked, 324 finalized, 14 need retry
2026-04-29 17:47:03,929 [INFO] [MainThread] Retrying 14 meetings with 20 parallel workers...
2026-04-29 17:48:16,815 [WARNING] [retry_1] Connection pool is full, discarding connection: zoom-automation-bucket.s3.amazonaws.com. Connection pool size: 10
2026-04-29 17:49:01,852 [INFO] [MainThread] SKIP  92547101539 — recording not in S3 yet
2026-04-29 17:49:06,441 [INFO] [MainThread] SKIP  99368084835 — recording not in S3 yet
2026-04-29 17:49:06,459 [WARNING] [retry_8] Connection pool is full, discarding connection: zoom-automation-bucket.s3.amazonaws.com. Connection pool size: 9
2026-04-29 17:49:06,772 [INFO] [MainThread] SKIP  98408098693 — recording not in S3 yet
2026-04-29 17:49:06,930 [INFO] [MainThread] SKIP  92750515456 — recording not in S3 yet
2026-04-29 17:49:07,015 [INFO] [MainThread] SKIP  96191182457 — recording not in S3 yet
2026-04-29 17:49:07,184 [INFO] [MainThread] SKIP  99587662824 — recording not in S3 yet
2026-04-29 17:49:07,242 [INFO] [MainThread] SKIP  96306702623 — recording not in S3 yet
2026-04-29 17:49:07,527 [WARNING] [retry_3] Connection pool is full, discarding connection: zoom-automation-bucket.s3.amazonaws.com. Connection pool size: 9
2026-04-29 17:49:07,746 [INFO] [MainThread] SKIP  94519298237 — recording not in S3 yet
2026-04-29 17:49:07,751 [INFO] [MainThread] SKIP  98837033711 — recording not in S3 yet
2026-04-29 17:49:08,095 [INFO] [MainThread] SKIP  92366283492 — recording not in S3 yet
2026-04-29 17:49:08,180 [WARNING] [retry_3] Connection pool is full, discarding connection: zoom-automation-bucket.s3.amazonaws.com. Connection pool size: 10
2026-04-29 17:49:08,334 [INFO] [MainThread] SKIP  96902360274 — recording not in S3 yet
2026-04-29 17:49:08,473 [INFO] [MainThread] SKIP  96080662486 — recording not in S3 yet
2026-04-29 17:49:08,605 [INFO] [MainThread] SKIP  93987289384 — recording not in S3 yet
2026-04-29 17:49:08,605 [WARNING] [retry_11] Connection pool is full, discarding connection: zoom-automation-bucket.s3.amazonaws.com. Connection pool size: 10
2026-04-29 17:49:08,684 [INFO] [MainThread] SKIP  99062775152 — recording not in S3 yet
2026-04-29 17:49:08,686 [INFO] [MainThread] 
=== retry_unfinalized complete ===
  Finalized:     0
  No doc.txt:    0
  Still skipped: 14 (recording not in S3 yet)
  Errors:        0

2026-04-29 17:58:03,344 [INFO] [MainThread] Found credentials from IAM Role: transcript-ec2-role
2026-04-29 17:58:03,507 [INFO] [MainThread] === retry_unfinalized starting ===
2026-04-29 17:58:03,507 [INFO] [MainThread] Scanning temp/live-doc-history/ for unfinalized meetings...
2026-04-29 17:58:03,836 [INFO] [MainThread] Found 343 tracked, 327 finalized, 16 need retry
2026-04-29 17:58:03,836 [INFO] [MainThread] Retrying 16 meetings with 20 parallel workers...
2026-04-29 17:58:05,262 [WARNING] [retry_11] Connection pool is full, discarding connection: zoom-automation-bucket.s3.amazonaws.com. Connection pool size: 9
2026-04-29 17:58:05,263 [WARNING] [retry_13] Connection pool is full, discarding connection: zoom-automation-bucket.s3.amazonaws.com. Connection pool size: 9
2026-04-29 18:00:01,916 [WARNING] [retry_6] Connection pool is full, discarding connection: zoom-automation-bucket.s3.amazonaws.com. Connection pool size: 10
2026-04-29 18:00:02,028 [WARNING] [retry_13] Connection pool is full, discarding connection: zoom-automation-bucket.s3.amazonaws.com. Connection pool size: 10
2026-04-29 18:00:15,515 [INFO] [MainThread] SKIP  97676033604 — recording not in S3 yet
2026-04-29 18:00:18,504 [INFO] [MainThread] SKIP  99587662824 — recording not in S3 yet
2026-04-29 18:00:21,583 [INFO] [MainThread] SKIP  98408098693 — recording not in S3 yet
2026-04-29 18:00:21,699 [INFO] [MainThread] SKIP  91441541311 — recording not in S3 yet
2026-04-29 18:00:22,057 [INFO] [MainThread] SKIP  93995851543 — recording not in S3 yet
2026-04-29 18:00:22,138 [INFO] [MainThread] SKIP  99479724897 — recording not in S3 yet
2026-04-29 18:00:22,599 [INFO] [MainThread] SKIP  99368084835 — recording not in S3 yet
2026-04-29 18:00:22,729 [INFO] [MainThread] SKIP  92366283492 — recording not in S3 yet
2026-04-29 18:00:22,814 [INFO] [MainThread] SKIP  93987289384 — recording not in S3 yet
2026-04-29 18:00:23,005 [WARNING] [retry_5] Connection pool is full, discarding connection: zoom-automation-bucket.s3.amazonaws.com. Connection pool size: 10
2026-04-29 18:00:23,192 [WARNING] [retry_12] Connection pool is full, discarding connection: zoom-automation-bucket.s3.amazonaws.com. Connection pool size: 10
2026-04-29 18:00:23,197 [INFO] [MainThread] SKIP  92750515456 — recording not in S3 yet
2026-04-29 18:00:23,213 [INFO] [MainThread] SKIP  98163641523 — recording not in S3 yet
2026-04-29 18:00:23,293 [WARNING] [retry_6] Connection pool is full, discarding connection: zoom-automation-bucket.s3.amazonaws.com. Connection pool size: 10
2026-04-29 18:00:23,331 [INFO] [MainThread] SKIP  94519298237 — recording not in S3 yet
2026-04-29 18:00:23,490 [INFO] [MainThread] SKIP  96080662486 — recording not in S3 yet
2026-04-29 18:00:23,732 [INFO] [MainThread] SKIP  99062775152 — recording not in S3 yet
2026-04-29 18:00:23,811 [INFO] [MainThread] SKIP  96902360274 — recording not in S3 yet
2026-04-29 18:00:23,836 [WARNING] [retry_7] Connection pool is full, discarding connection: zoom-automation-bucket.s3.amazonaws.com. Connection pool size: 10
2026-04-29 18:00:23,913 [INFO] [MainThread] SKIP  96306702623 — recording not in S3 yet
2026-04-29 18:00:23,914 [INFO] [MainThread] 
=== retry_unfinalized complete ===
  Finalized:     0
  No doc.txt:    0
  Still skipped: 16 (recording not in S3 yet)
  Errors:        0

2026-04-29 18:09:03,292 [INFO] [MainThread] Found credentials from IAM Role: transcript-ec2-role
2026-04-29 18:09:03,402 [INFO] [MainThread] === retry_unfinalized starting ===
2026-04-29 18:09:03,402 [INFO] [MainThread] Scanning temp/live-doc-history/ for unfinalized meetings...
2026-04-29 18:09:03,635 [INFO] [MainThread] Found 344 tracked, 331 finalized, 13 need retry
2026-04-29 18:09:03,635 [INFO] [MainThread] Retrying 13 meetings with 20 parallel workers...
2026-04-29 18:10:51,183 [INFO] [MainThread] SKIP  97112287583 — recording not in S3 yet
2026-04-29 18:10:51,505 [INFO] [MainThread] SKIP  93995851543 — recording not in S3 yet
2026-04-29 18:10:51,506 [INFO] [MainThread] SKIP  98408098693 — recording not in S3 yet
2026-04-29 18:10:51,542 [INFO] [MainThread] SKIP  99062775152 — recording not in S3 yet
2026-04-29 18:10:51,911 [INFO] [MainThread] SKIP  99368084835 — recording not in S3 yet
2026-04-29 18:10:51,941 [INFO] [MainThread] SKIP  97676033604 — recording not in S3 yet
2026-04-29 18:10:51,970 [INFO] [MainThread] SKIP  96902360274 — recording not in S3 yet
2026-04-29 18:10:52,044 [WARNING] [retry_0] Connection pool is full, discarding connection: zoom-automation-bucket.s3.amazonaws.com. Connection pool size: 10
2026-04-29 18:10:52,289 [WARNING] [retry_1] Connection pool is full, discarding connection: zoom-automation-bucket.s3.amazonaws.com. Connection pool size: 10
2026-04-29 18:10:52,340 [INFO] [MainThread] SKIP  93987289384 — recording not in S3 yet
2026-04-29 18:10:52,473 [INFO] [MainThread] SKIP  91441541311 — recording not in S3 yet
2026-04-29 18:10:52,552 [INFO] [MainThread] SKIP  92366283492 — recording not in S3 yet
2026-04-29 18:10:52,958 [INFO] [MainThread] SKIP  98163641523 — recording not in S3 yet
2026-04-29 18:10:53,071 [INFO] [MainThread] SKIP  99479724897 — recording not in S3 yet
2026-04-29 18:10:53,109 [WARNING] [retry_4] Connection pool is full, discarding connection: zoom-automation-bucket.s3.amazonaws.com. Connection pool size: 10
2026-04-29 18:10:53,181 [INFO] [MainThread] SKIP  96080662486 — recording not in S3 yet
2026-04-29 18:10:53,182 [INFO] [MainThread] 
=== retry_unfinalized complete ===
  Finalized:     0
  No doc.txt:    0
  Still skipped: 13 (recording not in S3 yet)
  Errors:        0

2026-04-29 18:20:02,433 [INFO] [MainThread] Found credentials from IAM Role: transcript-ec2-role
2026-04-29 18:20:02,559 [INFO] [MainThread] === retry_unfinalized starting ===
2026-04-29 18:20:02,559 [INFO] [MainThread] Scanning temp/live-doc-history/ for unfinalized meetings...
2026-04-29 18:20:02,877 [INFO] [MainThread] Found 346 tracked, 333 finalized, 13 need retry
2026-04-29 18:20:02,877 [INFO] [MainThread] Retrying 13 meetings with 20 parallel workers...
2026-04-29 18:21:47,391 [WARNING] [retry_12] Connection pool is full, discarding connection: zoom-automation-bucket.s3.amazonaws.com. Connection pool size: 10
2026-04-29 18:21:58,307 [INFO] [MainThread] SKIP  92246154074 — recording not in S3 yet
2026-04-29 18:21:58,618 [INFO] [MainThread] SKIP  99479724897 — recording not in S3 yet
2026-04-29 18:21:59,576 [INFO] [MainThread] SKIP  99062775152 — recording not in S3 yet
2026-04-29 18:22:00,105 [INFO] [MainThread] SKIP  97676033604 — recording not in S3 yet
2026-04-29 18:22:00,520 [INFO] [MainThread] SKIP  91441541311 — recording not in S3 yet
2026-04-29 18:22:01,190 [INFO] [MainThread] SKIP  92366283492 — recording not in S3 yet
2026-04-29 18:22:01,400 [INFO] [MainThread] SKIP  98163641523 — recording not in S3 yet
2026-04-29 18:22:01,626 [INFO] [MainThread] SKIP  99576602435 — recording not in S3 yet
2026-04-29 18:22:01,679 [WARNING] [retry_9] Connection pool is full, discarding connection: zoom-automation-bucket.s3.amazonaws.com. Connection pool size: 10
2026-04-29 18:22:02,006 [INFO] [MainThread] SKIP  96080662486 — recording not in S3 yet
2026-04-29 18:22:02,064 [INFO] [MainThread] SKIP  98408098693 — recording not in S3 yet
2026-04-29 18:22:02,069 [INFO] [MainThread] SKIP  97112287583 — recording not in S3 yet
2026-04-29 18:22:02,159 [INFO] [MainThread] SKIP  93995851543 — recording not in S3 yet
2026-04-29 18:22:02,160 [WARNING] [retry_5] Connection pool is full, discarding connection: zoom-automation-bucket.s3.amazonaws.com. Connection pool size: 10
2026-04-29 18:22:02,251 [INFO] [MainThread] SKIP  96902360274 — recording not in S3 yet
2026-04-29 18:22:02,252 [INFO] [MainThread] 
=== retry_unfinalized complete ===
  Finalized:     0
  No doc.txt:    0
  Still skipped: 13 (recording not in S3 yet)
  Errors:        0

2026-04-29 18:30:03,279 [INFO] [MainThread] Found credentials from IAM Role: transcript-ec2-role
2026-04-29 18:30:03,414 [INFO] [MainThread] === retry_unfinalized starting ===
2026-04-29 18:30:03,414 [INFO] [MainThread] Scanning temp/live-doc-history/ for unfinalized meetings...
2026-04-29 18:30:03,707 [INFO] [MainThread] Found 348 tracked, 336 finalized, 12 need retry
2026-04-29 18:30:03,707 [INFO] [MainThread] Retrying 12 meetings with 20 parallel workers...
2026-04-29 18:31:46,613 [INFO] [MainThread] SKIP  97112287583 — recording not in S3 yet
2026-04-29 18:31:46,761 [INFO] [MainThread] SKIP  91441541311 — recording not in S3 yet
2026-04-29 18:31:46,924 [INFO] [MainThread] SKIP  92366283492 — recording not in S3 yet
2026-04-29 18:31:48,149 [INFO] [MainThread] SKIP  98408098693 — recording not in S3 yet
2026-04-29 18:31:48,571 [INFO] [MainThread] SKIP  92246154074 — recording not in S3 yet
2026-04-29 18:31:48,787 [INFO] [MainThread] SKIP  99576602435 — recording not in S3 yet
2026-04-29 18:31:49,140 [INFO] [MainThread] SKIP  97676033604 — recording not in S3 yet
2026-04-29 18:31:49,281 [INFO] [MainThread] SKIP  93995851543 — recording not in S3 yet
2026-04-29 18:31:49,292 [INFO] [MainThread] SKIP  96080662486 — recording not in S3 yet
2026-04-29 18:31:49,292 [WARNING] [retry_3] Connection pool is full, discarding connection: zoom-automation-bucket.s3.amazonaws.com. Connection pool size: 10
2026-04-29 18:31:49,477 [INFO] [MainThread] SKIP  92713267208 — recording not in S3 yet
2026-04-29 18:31:49,478 [INFO] [MainThread] SKIP  99479724897 — recording not in S3 yet
2026-04-29 18:31:49,481 [WARNING] [retry_8] Connection pool is full, discarding connection: zoom-automation-bucket.s3.amazonaws.com. Connection pool size: 10
2026-04-29 18:31:49,598 [INFO] [MainThread] SKIP  97957227067 — recording not in S3 yet
2026-04-29 18:31:49,601 [INFO] [MainThread] 
=== retry_unfinalized complete ===
  Finalized:     0
  No doc.txt:    0
  Still skipped: 12 (recording not in S3 yet)
  Errors:        0

2026-04-29 18:41:03,290 [INFO] [MainThread] Found credentials from IAM Role: transcript-ec2-role
2026-04-29 18:41:03,433 [INFO] [MainThread] === retry_unfinalized starting ===
2026-04-29 18:41:03,433 [INFO] [MainThread] Scanning temp/live-doc-history/ for unfinalized meetings...
2026-04-29 18:41:03,793 [INFO] [MainThread] Found 351 tracked, 338 finalized, 13 need retry
2026-04-29 18:41:03,793 [INFO] [MainThread] Retrying 13 meetings with 20 parallel workers...
2026-04-29 18:41:05,527 [WARNING] [retry_10] Connection pool is full, discarding connection: zoom-automation-bucket.s3.amazonaws.com. Connection pool size: 10
2026-04-29 18:42:52,950 [INFO] [MainThread] SKIP  96810275214 — recording not in S3 yet
2026-04-29 18:42:53,910 [INFO] [MainThread] SKIP  96080662486 — recording not in S3 yet
2026-04-29 18:42:55,371 [INFO] [MainThread] SKIP  92713267208 — recording not in S3 yet
2026-04-29 18:42:55,650 [INFO] [MainThread] SKIP  92246154074 — recording not in S3 yet
2026-04-29 18:42:55,721 [INFO] [MainThread] SKIP  99576602435 — recording not in S3 yet
2026-04-29 18:42:55,801 [INFO] [MainThread] SKIP  99879576966 — recording not in S3 yet
2026-04-29 18:42:55,972 [WARNING] [retry_7] Connection pool is full, discarding connection: zoom-automation-bucket.s3.amazonaws.com. Connection pool size: 10
2026-04-29 18:42:56,169 [INFO] [MainThread] SKIP  99479724897 — recording not in S3 yet
2026-04-29 18:42:56,237 [WARNING] [retry_9] Connection pool is full, discarding connection: zoom-automation-bucket.s3.amazonaws.com. Connection pool size: 10
2026-04-29 18:42:56,326 [INFO] [MainThread] SKIP  92366283492 — recording not in S3 yet
2026-04-29 18:42:56,409 [INFO] [MainThread] SKIP  97676033604 — recording not in S3 yet
2026-04-29 18:42:56,462 [INFO] [MainThread] SKIP  98408098693 — recording not in S3 yet
2026-04-29 18:42:56,614 [INFO] [MainThread] SKIP  97112287583 — recording not in S3 yet
2026-04-29 18:42:56,632 [WARNING] [retry_8] Connection pool is full, discarding connection: zoom-automation-bucket.s3.amazonaws.com. Connection pool size: 10
2026-04-29 18:42:56,789 [INFO] [MainThread] SKIP  91662364856 — recording not in S3 yet
2026-04-29 18:42:56,802 [INFO] [MainThread] SKIP  97957227067 — recording not in S3 yet
2026-04-29 18:42:56,803 [INFO] [MainThread] 
=== retry_unfinalized complete ===
  Finalized:     0
  No doc.txt:    0
  Still skipped: 13 (recording not in S3 yet)
  Errors:        0

2026-04-29 18:52:03,268 [INFO] [MainThread] Found credentials from IAM Role: transcript-ec2-role
2026-04-29 18:52:03,378 [INFO] [MainThread] === retry_unfinalized starting ===
2026-04-29 18:52:03,379 [INFO] [MainThread] Scanning temp/live-doc-history/ for unfinalized meetings...
2026-04-29 18:52:03,639 [INFO] [MainThread] Found 355 tracked, 342 finalized, 13 need retry
2026-04-29 18:52:03,639 [INFO] [MainThread] Retrying 13 meetings with 20 parallel workers...
2026-04-29 18:53:31,389 [WARNING] [retry_5] Connection pool is full, discarding connection: zoom-automation-bucket.s3.amazonaws.com. Connection pool size: 8
2026-04-29 18:54:06,567 [INFO] [MainThread] SKIP  92246154074 — recording not in S3 yet
2026-04-29 18:54:06,731 [INFO] [MainThread] SKIP  97721376762 — recording not in S3 yet
2026-04-29 18:54:07,040 [INFO] [MainThread] SKIP  97676033604 — recording not in S3 yet
2026-04-29 18:54:07,493 [INFO] [MainThread] SKIP  92713267208 — recording not in S3 yet
2026-04-29 18:54:07,593 [INFO] [MainThread] SKIP  98408098693 — recording not in S3 yet
2026-04-29 18:54:07,814 [INFO] [MainThread] SKIP  97957227067 — recording not in S3 yet
2026-04-29 18:54:08,256 [INFO] [MainThread] SKIP  92782186494 — recording not in S3 yet
2026-04-29 18:54:08,552 [INFO] [MainThread] SKIP  93729260019 — recording not in S3 yet
2026-04-29 18:54:08,573 [INFO] [MainThread] SKIP  96152730917 — recording not in S3 yet
2026-04-29 18:54:08,593 [INFO] [MainThread] SKIP  97112287583 — recording not in S3 yet
2026-04-29 18:54:08,668 [WARNING] [retry_12] Connection pool is full, discarding connection: zoom-automation-bucket.s3.amazonaws.com. Connection pool size: 10
2026-04-29 18:54:08,706 [WARNING] [retry_0] Connection pool is full, discarding connection: zoom-automation-bucket.s3.amazonaws.com. Connection pool size: 10
2026-04-29 18:54:08,943 [INFO] [MainThread] SKIP  99576602435 — recording not in S3 yet
2026-04-29 18:54:09,024 [INFO] [MainThread] SKIP  91662364856 — recording not in S3 yet
2026-04-29 18:54:09,273 [INFO] [MainThread] SKIP  99479724897 — recording not in S3 yet
2026-04-29 18:54:09,276 [INFO] [MainThread] 
=== retry_unfinalized complete ===
  Finalized:     0
  No doc.txt:    0
  Still skipped: 13 (recording not in S3 yet)
  Errors:        0

2026-04-29 19:02:03,270 [INFO] [MainThread] Found credentials from IAM Role: transcript-ec2-role
2026-04-29 19:02:03,378 [INFO] [MainThread] === retry_unfinalized starting ===
2026-04-29 19:02:03,378 [INFO] [MainThread] Scanning temp/live-doc-history/ for unfinalized meetings...
2026-04-29 19:02:03,618 [INFO] [MainThread] Found 358 tracked, 344 finalized, 14 need retry
2026-04-29 19:02:03,618 [INFO] [MainThread] Retrying 14 meetings with 20 parallel workers...
2026-04-29 19:03:50,221 [INFO] [MainThread] SKIP  97676033604 — recording not in S3 yet
2026-04-29 19:03:50,398 [INFO] [MainThread] SKIP  93729260019 — recording not in S3 yet
2026-04-29 19:03:51,001 [WARNING] [retry_13] Connection pool is full, discarding connection: zoom-automation-bucket.s3.amazonaws.com. Connection pool size: 10
2026-04-29 19:03:51,154 [WARNING] [retry_0] Connection pool is full, discarding connection: zoom-automation-bucket.s3.amazonaws.com. Connection pool size: 10
2026-04-29 19:03:51,321 [INFO] [MainThread] SKIP  92757680450 — recording not in S3 yet
2026-04-29 19:03:51,462 [INFO] [MainThread] SKIP  96152730917 — recording not in S3 yet
2026-04-29 19:03:52,502 [INFO] [MainThread] SKIP  97721376762 — recording not in S3 yet
2026-04-29 19:03:52,664 [INFO] [MainThread] SKIP  97112287583 — recording not in S3 yet
2026-04-29 19:03:52,960 [INFO] [MainThread] SKIP  99094524231 — recording not in S3 yet
2026-04-29 19:03:53,052 [INFO] [MainThread] SKIP  99479724897 — recording not in S3 yet
2026-04-29 19:03:53,212 [INFO] [MainThread] SKIP  99589744061 — recording not in S3 yet
2026-04-29 19:03:53,320 [INFO] [MainThread] SKIP  92782186494 — recording not in S3 yet
2026-04-29 19:03:53,629 [INFO] [MainThread] SKIP  98408098693 — recording not in S3 yet
2026-04-29 19:03:53,650 [WARNING] [retry_12] Connection pool is full, discarding connection: zoom-automation-bucket.s3.amazonaws.com. Connection pool size: 9
2026-04-29 19:03:53,934 [INFO] [MainThread] SKIP  91662364856 — recording not in S3 yet
2026-04-29 19:03:53,966 [WARNING] [retry_12] Connection pool is full, discarding connection: zoom-automation-bucket.s3.amazonaws.com. Connection pool size: 10
2026-04-29 19:03:54,076 [INFO] [MainThread] SKIP  97957227067 — recording not in S3 yet
2026-04-29 19:03:54,252 [INFO] [MainThread] SKIP  99576602435 — recording not in S3 yet
2026-04-29 19:03:54,253 [INFO] [MainThread] 
=== retry_unfinalized complete ===
  Finalized:     0
  No doc.txt:    0
  Still skipped: 14 (recording not in S3 yet)
  Errors:        0

2026-04-29 19:12:03,458 [INFO] [MainThread] Found credentials from IAM Role: transcript-ec2-role
2026-04-29 19:12:03,568 [INFO] [MainThread] === retry_unfinalized starting ===
2026-04-29 19:12:03,568 [INFO] [MainThread] Scanning temp/live-doc-history/ for unfinalized meetings...
2026-04-29 19:12:03,819 [INFO] [MainThread] Found 359 tracked, 347 finalized, 12 need retry
2026-04-29 19:12:03,820 [INFO] [MainThread] Retrying 12 meetings with 20 parallel workers...
2026-04-29 19:13:35,705 [INFO] [MainThread] SKIP  96152730917 — recording not in S3 yet
2026-04-29 19:13:37,263 [INFO] [MainThread] SKIP  92757680450 — recording not in S3 yet
2026-04-29 19:13:37,533 [INFO] [MainThread] SKIP  93729260019 — recording not in S3 yet
2026-04-29 19:13:37,618 [INFO] [MainThread] SKIP  97721376762 — recording not in S3 yet
2026-04-29 19:13:38,052 [INFO] [MainThread] SKIP  99576602435 — recording not in S3 yet
2026-04-29 19:13:38,305 [WARNING] [retry_6] Connection pool is full, discarding connection: zoom-automation-bucket.s3.amazonaws.com. Connection pool size: 10
2026-04-29 19:13:38,388 [INFO] [MainThread] SKIP  99094524231 — recording not in S3 yet
2026-04-29 19:13:38,522 [INFO] [MainThread] SKIP  99589744061 — recording not in S3 yet
2026-04-29 19:13:38,694 [INFO] [MainThread] SKIP  92782186494 — recording not in S3 yet
2026-04-29 19:13:38,717 [INFO] [MainThread] SKIP  95802460606 — recording not in S3 yet
2026-04-29 19:13:38,741 [INFO] [MainThread] SKIP  99479724897 — recording not in S3 yet
2026-04-29 19:13:38,883 [INFO] [MainThread] SKIP  97957227067 — recording not in S3 yet
2026-04-29 19:13:38,884 [WARNING] [retry_7] Connection pool is full, discarding connection: zoom-automation-bucket.s3.amazonaws.com. Connection pool size: 10
2026-04-29 19:13:38,960 [INFO] [MainThread] SKIP  98408098693 — recording not in S3 yet
2026-04-29 19:13:38,962 [INFO] [MainThread] 
=== retry_unfinalized complete ===
  Finalized:     0
  No doc.txt:    0
  Still skipped: 12 (recording not in S3 yet)
  Errors:        0

2026-04-29 19:23:03,278 [INFO] [MainThread] Found credentials from IAM Role: transcript-ec2-role
2026-04-29 19:23:03,390 [INFO] [MainThread] === retry_unfinalized starting ===
2026-04-29 19:23:03,390 [INFO] [MainThread] Scanning temp/live-doc-history/ for unfinalized meetings...
2026-04-29 19:23:03,635 [INFO] [MainThread] Found 364 tracked, 349 finalized, 15 need retry
2026-04-29 19:23:03,635 [INFO] [MainThread] Retrying 15 meetings with 20 parallel workers...
2026-04-29 19:25:03,690 [INFO] [MainThread] SKIP  98308512402 — recording not in S3 yet
2026-04-29 19:25:04,445 [INFO] [MainThread] SKIP  97721376762 — recording not in S3 yet
2026-04-29 19:25:04,567 [INFO] [MainThread] SKIP  95802460606 — recording not in S3 yet
2026-04-29 19:25:04,670 [INFO] [MainThread] SKIP  95441587233 — recording not in S3 yet
2026-04-29 19:25:04,781 [INFO] [MainThread] SKIP  99576602435 — recording not in S3 yet
2026-04-29 19:25:05,018 [INFO] [MainThread] SKIP  93729260019 — recording not in S3 yet
2026-04-29 19:25:05,309 [WARNING] [retry_11] Connection pool is full, discarding connection: zoom-automation-bucket.s3.amazonaws.com. Connection pool size: 10
2026-04-29 19:25:05,532 [WARNING] [retry_6] Connection pool is full, discarding connection: zoom-automation-bucket.s3.amazonaws.com. Connection pool size: 10
2026-04-29 19:25:05,650 [INFO] [MainThread] SKIP  91228744423 — recording not in S3 yet
2026-04-29 19:25:05,672 [INFO] [MainThread] SKIP  99246993909 — recording not in S3 yet
2026-04-29 19:25:05,744 [INFO] [MainThread] SKIP  97385652030 — recording not in S3 yet
2026-04-29 19:25:05,891 [INFO] [MainThread] SKIP  99094524231 — recording not in S3 yet
2026-04-29 19:25:05,897 [INFO] [MainThread] SKIP  92782186494 — recording not in S3 yet
2026-04-29 19:25:05,919 [WARNING] [retry_10] Connection pool is full, discarding connection: zoom-automation-bucket.s3.amazonaws.com. Connection pool size: 10
2026-04-29 19:25:05,921 [INFO] [MainThread] SKIP  96152730917 — recording not in S3 yet
2026-04-29 19:25:05,921 [WARNING] [retry_1] Connection pool is full, discarding connection: zoom-automation-bucket.s3.amazonaws.com. Connection pool size: 10
2026-04-29 19:25:06,473 [INFO] [MainThread] SKIP  98408098693 — recording not in S3 yet
2026-04-29 19:25:06,567 [INFO] [MainThread] SKIP  92757680450 — recording not in S3 yet
2026-04-29 19:25:06,567 [WARNING] [retry_14] Connection pool is full, discarding connection: zoom-automation-bucket.s3.amazonaws.com. Connection pool size: 10
2026-04-29 19:25:06,682 [INFO] [MainThread] SKIP  99589744061 — recording not in S3 yet
2026-04-29 19:25:06,684 [INFO] [MainThread] 
=== retry_unfinalized complete ===
  Finalized:     0
  No doc.txt:    0
  Still skipped: 15 (recording not in S3 yet)
  Errors:        0

2026-04-29 19:34:03,278 [INFO] [MainThread] Found credentials from IAM Role: transcript-ec2-role
2026-04-29 19:34:03,389 [INFO] [MainThread] === retry_unfinalized starting ===
2026-04-29 19:34:03,389 [INFO] [MainThread] Scanning temp/live-doc-history/ for unfinalized meetings...
2026-04-29 19:34:03,643 [INFO] [MainThread] Found 366 tracked, 352 finalized, 14 need retry
2026-04-29 19:34:03,643 [INFO] [MainThread] Retrying 14 meetings with 20 parallel workers...
2026-04-29 19:35:52,993 [INFO] [MainThread] SKIP  91228744423 — recording not in S3 yet
2026-04-29 19:35:53,014 [INFO] [MainThread] SKIP  99589744061 — recording not in S3 yet
2026-04-29 19:35:54,716 [INFO] [MainThread] SKIP  92782186494 — recording not in S3 yet
2026-04-29 19:35:55,177 [WARNING] [retry_9] Connection pool is full, discarding connection: zoom-automation-bucket.s3.amazonaws.com. Connection pool size: 9
2026-04-29 19:35:55,829 [INFO] [MainThread] SKIP  99246993909 — recording not in S3 yet
2026-04-29 19:35:56,190 [INFO] [MainThread] SKIP  92757680450 — recording not in S3 yet
2026-04-29 19:35:56,401 [INFO] [MainThread] SKIP  97385652030 — recording not in S3 yet
2026-04-29 19:35:56,406 [INFO] [MainThread] SKIP  93729260019 — recording not in S3 yet
2026-04-29 19:35:56,625 [INFO] [MainThread] SKIP  99094524231 — recording not in S3 yet
2026-04-29 19:35:56,693 [WARNING] [retry_5] Connection pool is full, discarding connection: zoom-automation-bucket.s3.amazonaws.com. Connection pool size: 10
2026-04-29 19:35:56,891 [INFO] [MainThread] SKIP  99576602435 — recording not in S3 yet
2026-04-29 19:35:56,996 [INFO] [MainThread] SKIP  96150705265 — recording not in S3 yet
2026-04-29 19:35:57,009 [WARNING] [retry_4] Connection pool is full, discarding connection: zoom-automation-bucket.s3.amazonaws.com. Connection pool size: 10
2026-04-29 19:35:57,015 [WARNING] [retry_8] Connection pool is full, discarding connection: zoom-automation-bucket.s3.amazonaws.com. Connection pool size: 10
2026-04-29 19:35:57,044 [INFO] [MainThread] SKIP  95802460606 — recording not in S3 yet
2026-04-29 19:35:57,229 [INFO] [MainThread] SKIP  95441587233 — recording not in S3 yet
2026-04-29 19:35:57,231 [INFO] [MainThread] SKIP  98308512402 — recording not in S3 yet
2026-04-29 19:35:57,558 [INFO] [MainThread] SKIP  98408098693 — recording not in S3 yet
2026-04-29 19:35:57,560 [INFO] [MainThread] 
=== retry_unfinalized complete ===
  Finalized:     0
  No doc.txt:    0
  Still skipped: 14 (recording not in S3 yet)
  Errors:        0

2026-04-29 19:44:03,333 [INFO] [MainThread] Found credentials from IAM Role: transcript-ec2-role
2026-04-29 19:44:03,446 [INFO] [MainThread] === retry_unfinalized starting ===
2026-04-29 19:44:03,446 [INFO] [MainThread] Scanning temp/live-doc-history/ for unfinalized meetings...
2026-04-29 19:44:03,729 [INFO] [MainThread] Found 368 tracked, 356 finalized, 12 need retry
2026-04-29 19:44:03,729 [INFO] [MainThread] Retrying 12 meetings with 20 parallel workers...
2026-04-29 19:45:36,534 [INFO] [MainThread] SKIP  98408098693 — recording not in S3 yet
2026-04-29 19:45:36,790 [INFO] [MainThread] SKIP  93729260019 — recording not in S3 yet
2026-04-29 19:45:37,538 [INFO] [MainThread] SKIP  99246993909 — recording not in S3 yet
2026-04-29 19:45:37,954 [INFO] [MainThread] SKIP  91228744423 — recording not in S3 yet
2026-04-29 19:45:38,426 [INFO] [MainThread] SKIP  99576602435 — recording not in S3 yet
2026-04-29 19:45:38,770 [INFO] [MainThread] SKIP  97385652030 — recording not in S3 yet
2026-04-29 19:45:38,826 [INFO] [MainThread] SKIP  99075004526 — recording not in S3 yet
2026-04-29 19:45:38,949 [INFO] [MainThread] SKIP  95441587233 — recording not in S3 yet
2026-04-29 19:45:38,965 [INFO] [MainThread] SKIP  95802460606 — recording not in S3 yet
2026-04-29 19:45:39,074 [WARNING] [retry_7] Connection pool is full, discarding connection: zoom-automation-bucket.s3.amazonaws.com. Connection pool size: 10
2026-04-29 19:45:39,155 [INFO] [MainThread] SKIP  96150705265 — recording not in S3 yet
2026-04-29 19:45:39,156 [WARNING] [retry_2] Connection pool is full, discarding connection: zoom-automation-bucket.s3.amazonaws.com. Connection pool size: 10
2026-04-29 19:45:39,200 [INFO] [MainThread] SKIP  98308512402 — recording not in S3 yet
2026-04-29 19:45:39,371 [INFO] [MainThread] SKIP  94178341123 — recording not in S3 yet
2026-04-29 19:45:39,372 [INFO] [MainThread] 
=== retry_unfinalized complete ===
  Finalized:     0
  No doc.txt:    0
  Still skipped: 12 (recording not in S3 yet)
  Errors:        0

2026-04-29 19:54:03,569 [INFO] [MainThread] Found credentials from IAM Role: transcript-ec2-role
2026-04-29 19:54:03,724 [INFO] [MainThread] === retry_unfinalized starting ===
2026-04-29 19:54:03,724 [INFO] [MainThread] Scanning temp/live-doc-history/ for unfinalized meetings...
2026-04-29 19:54:04,057 [INFO] [MainThread] Found 372 tracked, 360 finalized, 12 need retry
2026-04-29 19:54:04,058 [INFO] [MainThread] Retrying 12 meetings with 20 parallel workers...
2026-04-29 19:55:42,524 [INFO] [MainThread] SKIP  99075004526 — recording not in S3 yet
2026-04-29 19:55:43,926 [INFO] [MainThread] SKIP  97385652030 — recording not in S3 yet
2026-04-29 19:55:44,394 [INFO] [MainThread] SKIP  98308512402 — recording not in S3 yet
2026-04-29 19:55:44,501 [INFO] [MainThread] SKIP  91463223268 — recording not in S3 yet
2026-04-29 19:55:44,666 [INFO] [MainThread] SKIP  96150705265 — recording not in S3 yet
2026-04-29 19:55:44,729 [INFO] [MainThread] SKIP  99246993909 — recording not in S3 yet
2026-04-29 19:55:45,039 [INFO] [MainThread] SKIP  95802460606 — recording not in S3 yet
2026-04-29 19:55:45,069 [INFO] [MainThread] SKIP  99096156220 — recording not in S3 yet
2026-04-29 19:55:45,101 [WARNING] [retry_8] Connection pool is full, discarding connection: zoom-automation-bucket.s3.amazonaws.com. Connection pool size: 10
2026-04-29 19:55:45,198 [WARNING] [retry_2] Connection pool is full, discarding connection: zoom-automation-bucket.s3.amazonaws.com. Connection pool size: 10
2026-04-29 19:55:45,199 [INFO] [MainThread] SKIP  97449195588 — recording not in S3 yet
2026-04-29 19:55:45,272 [INFO] [MainThread] SKIP  91228744423 — recording not in S3 yet
2026-04-29 19:55:45,313 [INFO] [MainThread] SKIP  98408098693 — recording not in S3 yet
2026-04-29 19:55:45,457 [INFO] [MainThread] SKIP  93612862639 — recording not in S3 yet
2026-04-29 19:55:45,459 [INFO] [MainThread] 
=== retry_unfinalized complete ===
  Finalized:     0
  No doc.txt:    0
  Still skipped: 12 (recording not in S3 yet)
  Errors:        0

2026-04-29 20:05:03,279 [INFO] [MainThread] Found credentials from IAM Role: transcript-ec2-role
2026-04-29 20:05:03,394 [INFO] [MainThread] === retry_unfinalized starting ===
2026-04-29 20:05:03,394 [INFO] [MainThread] Scanning temp/live-doc-history/ for unfinalized meetings...
2026-04-29 20:05:03,677 [INFO] [MainThread] Found 375 tracked, 364 finalized, 11 need retry
2026-04-29 20:05:03,677 [INFO] [MainThread] Retrying 11 meetings with 20 parallel workers...
2026-04-29 20:06:32,240 [INFO] [MainThread] SKIP  99096156220 — recording not in S3 yet
2026-04-29 20:06:32,458 [INFO] [MainThread] SKIP  92763685145 — recording not in S3 yet
2026-04-29 20:06:33,132 [INFO] [MainThread] SKIP  91228744423 — recording not in S3 yet
2026-04-29 20:06:33,341 [INFO] [MainThread] SKIP  97449195588 — recording not in S3 yet
2026-04-29 20:06:34,383 [INFO] [MainThread] SKIP  97385652030 — recording not in S3 yet
2026-04-29 20:06:34,479 [INFO] [MainThread] SKIP  93612862639 — recording not in S3 yet
2026-04-29 20:06:34,762 [INFO] [MainThread] SKIP  98032268490 — recording not in S3 yet
2026-04-29 20:06:34,901 [INFO] [MainThread] SKIP  96150705265 — recording not in S3 yet
2026-04-29 20:06:34,946 [INFO] [MainThread] SKIP  99246993909 — recording not in S3 yet
2026-04-29 20:06:34,958 [WARNING] [retry_1] Connection pool is full, discarding connection: zoom-automation-bucket.s3.amazonaws.com. Connection pool size: 10
2026-04-29 20:06:35,086 [INFO] [MainThread] SKIP  91463223268 — recording not in S3 yet
2026-04-29 20:06:35,167 [INFO] [MainThread] SKIP  99075004526 — recording not in S3 yet
2026-04-29 20:06:35,169 [INFO] [MainThread] 
=== retry_unfinalized complete ===
  Finalized:     0
  No doc.txt:    0
  Still skipped: 11 (recording not in S3 yet)
  Errors:        0

2026-04-29 20:16:03,271 [INFO] [MainThread] Found credentials from IAM Role: transcript-ec2-role
2026-04-29 20:16:03,382 [INFO] [MainThread] === retry_unfinalized starting ===
2026-04-29 20:16:03,382 [INFO] [MainThread] Scanning temp/live-doc-history/ for unfinalized meetings...
2026-04-29 20:16:03,660 [INFO] [MainThread] Found 376 tracked, 367 finalized, 9 need retry
2026-04-29 20:16:03,660 [INFO] [MainThread] Retrying 9 meetings with 20 parallel workers...
2026-04-29 20:17:11,355 [INFO] [MainThread] SKIP  92763685145 — recording not in S3 yet
2026-04-29 20:17:13,451 [INFO] [MainThread] SKIP  97940150204 — recording not in S3 yet
2026-04-29 20:17:13,758 [INFO] [MainThread] SKIP  97449195588 — recording not in S3 yet
2026-04-29 20:17:13,864 [INFO] [MainThread] SKIP  99096156220 — recording not in S3 yet
2026-04-29 20:17:13,932 [INFO] [MainThread] SKIP  93612862639 — recording not in S3 yet
2026-04-29 20:17:14,245 [INFO] [MainThread] SKIP  99246993909 — recording not in S3 yet
2026-04-29 20:17:14,249 [INFO] [MainThread] SKIP  98032268490 — recording not in S3 yet
2026-04-29 20:17:14,376 [INFO] [MainThread] SKIP  96150705265 — recording not in S3 yet
2026-04-29 20:17:14,461 [INFO] [MainThread] SKIP  99075004526 — recording not in S3 yet
2026-04-29 20:17:14,462 [INFO] [MainThread] 
=== retry_unfinalized complete ===
  Finalized:     0
  No doc.txt:    0
  Still skipped: 9 (recording not in S3 yet)
  Errors:        0

2026-04-29 20:26:03,295 [INFO] [MainThread] Found credentials from IAM Role: transcript-ec2-role
2026-04-29 20:26:03,405 [INFO] [MainThread] === retry_unfinalized starting ===
2026-04-29 20:26:03,405 [INFO] [MainThread] Scanning temp/live-doc-history/ for unfinalized meetings...
2026-04-29 20:26:03,701 [INFO] [MainThread] Found 377 tracked, 369 finalized, 8 need retry
2026-04-29 20:26:03,701 [INFO] [MainThread] Retrying 8 meetings with 20 parallel workers...
2026-04-29 20:27:07,553 [INFO] [MainThread] SKIP  99246993909 — recording not in S3 yet
2026-04-29 20:27:07,889 [INFO] [MainThread] SKIP  99096156220 — recording not in S3 yet
2026-04-29 20:27:08,030 [INFO] [MainThread] SKIP  99075004526 — recording not in S3 yet
2026-04-29 20:27:08,558 [INFO] [MainThread] SKIP  92763685145 — recording not in S3 yet
2026-04-29 20:27:08,735 [INFO] [MainThread] SKIP  96340879785 — recording not in S3 yet
2026-04-29 20:27:09,008 [INFO] [MainThread] SKIP  96150705265 — recording not in S3 yet
2026-04-29 20:27:09,279 [INFO] [MainThread] SKIP  98032268490 — recording not in S3 yet
2026-04-29 20:27:09,516 [INFO] [MainThread] SKIP  93612862639 — recording not in S3 yet
2026-04-29 20:27:09,517 [INFO] [MainThread] 
=== retry_unfinalized complete ===
  Finalized:     0
  No doc.txt:    0
  Still skipped: 8 (recording not in S3 yet)
  Errors:        0

2026-04-29 20:36:03,500 [INFO] [MainThread] Found credentials from IAM Role: transcript-ec2-role
2026-04-29 20:36:03,608 [INFO] [MainThread] === retry_unfinalized starting ===
2026-04-29 20:36:03,608 [INFO] [MainThread] Scanning temp/live-doc-history/ for unfinalized meetings...
2026-04-29 20:36:03,906 [INFO] [MainThread] Found 377 tracked, 372 finalized, 5 need retry
2026-04-29 20:36:03,907 [INFO] [MainThread] Retrying 5 meetings with 20 parallel workers...
2026-04-29 20:36:37,983 [INFO] [MainThread] SKIP  99075004526 — recording not in S3 yet
2026-04-29 20:36:38,863 [INFO] [MainThread] SKIP  96340879785 — recording not in S3 yet
2026-04-29 20:36:39,023 [INFO] [MainThread] SKIP  92763685145 — recording not in S3 yet
2026-04-29 20:36:39,134 [INFO] [MainThread] SKIP  93612862639 — recording not in S3 yet
2026-04-29 20:36:39,232 [INFO] [MainThread] SKIP  99246993909 — recording not in S3 yet
2026-04-29 20:36:39,233 [INFO] [MainThread] 
=== retry_unfinalized complete ===
  Finalized:     0
  No doc.txt:    0
  Still skipped: 5 (recording not in S3 yet)
  Errors:        0

2026-04-29 20:47:03,264 [INFO] [MainThread] Found credentials from IAM Role: transcript-ec2-role
2026-04-29 20:47:03,374 [INFO] [MainThread] === retry_unfinalized starting ===
2026-04-29 20:47:03,374 [INFO] [MainThread] Scanning temp/live-doc-history/ for unfinalized meetings...
2026-04-29 20:47:03,647 [INFO] [MainThread] Found 377 tracked, 373 finalized, 4 need retry
2026-04-29 20:47:03,647 [INFO] [MainThread] Retrying 4 meetings with 20 parallel workers...
2026-04-29 20:47:30,316 [INFO] [MainThread] SKIP  96340879785 — recording not in S3 yet
2026-04-29 20:47:30,689 [INFO] [MainThread] SKIP  92763685145 — recording not in S3 yet
2026-04-29 20:47:30,907 [INFO] [MainThread] SKIP  99246993909 — recording not in S3 yet
2026-04-29 20:47:31,346 [INFO] [MainThread] SKIP  99075004526 — recording not in S3 yet
2026-04-29 20:47:31,347 [INFO] [MainThread] 
=== retry_unfinalized complete ===
  Finalized:     0
  No doc.txt:    0
  Still skipped: 4 (recording not in S3 yet)
  Errors:        0

2026-04-29 20:58:03,359 [INFO] [MainThread] Found credentials from IAM Role: transcript-ec2-role
2026-04-29 20:58:03,504 [INFO] [MainThread] === retry_unfinalized starting ===
2026-04-29 20:58:03,504 [INFO] [MainThread] Scanning temp/live-doc-history/ for unfinalized meetings...
2026-04-29 20:58:04,309 [INFO] [MainThread] Found 380 tracked, 376 finalized, 4 need retry
2026-04-29 20:58:04,309 [INFO] [MainThread] Retrying 4 meetings with 20 parallel workers...
2026-04-29 20:58:32,360 [INFO] [MainThread] SKIP  95131538631 — recording not in S3 yet
2026-04-29 20:58:32,583 [INFO] [MainThread] SKIP  98802328190 — recording not in S3 yet
2026-04-29 20:58:32,884 [INFO] [MainThread] SKIP  99246993909 — recording not in S3 yet
2026-04-29 20:58:32,959 [INFO] [MainThread] SKIP  99075004526 — recording not in S3 yet
2026-04-29 20:58:32,960 [INFO] [MainThread] 
=== retry_unfinalized complete ===
  Finalized:     0
  No doc.txt:    0
  Still skipped: 4 (recording not in S3 yet)
  Errors:        0

2026-04-29 21:08:03,537 [INFO] [MainThread] Found credentials from IAM Role: transcript-ec2-role
2026-04-29 21:08:03,661 [INFO] [MainThread] === retry_unfinalized starting ===
2026-04-29 21:08:03,661 [INFO] [MainThread] Scanning temp/live-doc-history/ for unfinalized meetings...
2026-04-29 21:08:04,032 [INFO] [MainThread] Found 381 tracked, 378 finalized, 3 need retry
2026-04-29 21:08:04,033 [INFO] [MainThread] Retrying 3 meetings with 20 parallel workers...
2026-04-29 21:08:24,160 [INFO] [MainThread] SKIP  95131538631 — recording not in S3 yet
2026-04-29 21:08:24,431 [INFO] [MainThread] SKIP  98802328190 — recording not in S3 yet
2026-04-29 21:08:24,615 [INFO] [MainThread] SKIP  99816070852 — recording not in S3 yet
2026-04-29 21:08:24,615 [INFO] [MainThread] 
=== retry_unfinalized complete ===
  Finalized:     0
  No doc.txt:    0
  Still skipped: 3 (recording not in S3 yet)
  Errors:        0

2026-04-29 21:19:03,337 [INFO] [MainThread] Found credentials from IAM Role: transcript-ec2-role
2026-04-29 21:19:03,448 [INFO] [MainThread] === retry_unfinalized starting ===
2026-04-29 21:19:03,448 [INFO] [MainThread] Scanning temp/live-doc-history/ for unfinalized meetings...
2026-04-29 21:19:03,733 [INFO] [MainThread] Found 382 tracked, 379 finalized, 3 need retry
2026-04-29 21:19:03,734 [INFO] [MainThread] Retrying 3 meetings with 20 parallel workers...
2026-04-29 21:19:26,379 [INFO] [MainThread] SKIP  95867764055 — recording not in S3 yet
2026-04-29 21:19:26,630 [INFO] [MainThread] SKIP  95131538631 — recording not in S3 yet
2026-04-29 21:19:26,871 [INFO] [MainThread] SKIP  99816070852 — recording not in S3 yet
2026-04-29 21:19:26,871 [INFO] [MainThread] 
=== retry_unfinalized complete ===
  Finalized:     0
  No doc.txt:    0
  Still skipped: 3 (recording not in S3 yet)
  Errors:        0

2026-04-29 21:29:03,587 [INFO] [MainThread] Found credentials from IAM Role: transcript-ec2-role
2026-04-29 21:29:03,729 [INFO] [MainThread] === retry_unfinalized starting ===
2026-04-29 21:29:03,729 [INFO] [MainThread] Scanning temp/live-doc-history/ for unfinalized meetings...
2026-04-29 21:29:04,038 [INFO] [MainThread] Found 383 tracked, 379 finalized, 4 need retry
2026-04-29 21:29:04,038 [INFO] [MainThread] Retrying 4 meetings with 20 parallel workers...
2026-04-29 21:29:39,591 [INFO] [MainThread] SKIP  95131538631 — recording not in S3 yet
2026-04-29 21:29:39,679 [INFO] [MainThread] SKIP  95867764055 — recording not in S3 yet
2026-04-29 21:29:40,190 [INFO] [MainThread] SKIP  99816070852 — recording not in S3 yet
2026-04-29 21:29:40,365 [INFO] [MainThread] SKIP  99379155452 — recording not in S3 yet
2026-04-29 21:29:40,367 [INFO] [MainThread] 
=== retry_unfinalized complete ===
  Finalized:     0
  No doc.txt:    0
  Still skipped: 4 (recording not in S3 yet)
  Errors:        0

2026-04-29 21:40:01,571 [INFO] [MainThread] Found credentials from IAM Role: transcript-ec2-role
2026-04-29 21:40:01,718 [INFO] [MainThread] === retry_unfinalized starting ===
2026-04-29 21:40:01,718 [INFO] [MainThread] Scanning temp/live-doc-history/ for unfinalized meetings...
2026-04-29 21:40:02,026 [INFO] [MainThread] Found 383 tracked, 381 finalized, 2 need retry
2026-04-29 21:40:02,027 [INFO] [MainThread] Retrying 2 meetings with 20 parallel workers...
2026-04-29 21:40:15,369 [INFO] [MainThread] SKIP  95867764055 — recording not in S3 yet
2026-04-29 21:40:15,759 [INFO] [MainThread] SKIP  99816070852 — recording not in S3 yet
2026-04-29 21:40:15,761 [INFO] [MainThread] 
=== retry_unfinalized complete ===
  Finalized:     0
  No doc.txt:    0
  Still skipped: 2 (recording not in S3 yet)
  Errors:        0

2026-04-29 21:50:02,146 [INFO] [MainThread] Found credentials from IAM Role: transcript-ec2-role
2026-04-29 21:50:02,293 [INFO] [MainThread] === retry_unfinalized starting ===
2026-04-29 21:50:02,293 [INFO] [MainThread] Scanning temp/live-doc-history/ for unfinalized meetings...
2026-04-29 21:50:02,555 [INFO] [MainThread] Found 384 tracked, 381 finalized, 3 need retry
2026-04-29 21:50:02,555 [INFO] [MainThread] Retrying 3 meetings with 20 parallel workers...
2026-04-29 21:50:22,783 [INFO] [MainThread] SKIP  95867764055 — recording not in S3 yet
2026-04-29 21:50:23,061 [INFO] [MainThread] SKIP  92569109656 — recording not in S3 yet
2026-04-29 21:50:23,228 [INFO] [MainThread] SKIP  99816070852 — recording not in S3 yet
2026-04-29 21:50:23,228 [INFO] [MainThread] 
=== retry_unfinalized complete ===
  Finalized:     0
  No doc.txt:    0
  Still skipped: 3 (recording not in S3 yet)
  Errors:        0

2026-04-29 22:00:03,319 [INFO] [MainThread] Found credentials from IAM Role: transcript-ec2-role
2026-04-29 22:00:03,442 [INFO] [MainThread] === retry_unfinalized starting ===
2026-04-29 22:00:03,442 [INFO] [MainThread] Scanning temp/live-doc-history/ for unfinalized meetings...
2026-04-29 22:00:03,756 [INFO] [MainThread] Found 385 tracked, 382 finalized, 3 need retry
2026-04-29 22:00:03,757 [INFO] [MainThread] Retrying 3 meetings with 20 parallel workers...
2026-04-29 22:00:25,222 [INFO] [MainThread] SKIP  92569109656 — recording not in S3 yet
2026-04-29 22:00:25,681 [INFO] [MainThread] SKIP  95867764055 — recording not in S3 yet
2026-04-29 22:00:25,757 [INFO] [MainThread] SKIP  91633225897 — recording not in S3 yet
2026-04-29 22:00:25,757 [INFO] [MainThread] 
=== retry_unfinalized complete ===
  Finalized:     0
  No doc.txt:    0
  Still skipped: 3 (recording not in S3 yet)
  Errors:        0

2026-04-29 22:11:03,257 [INFO] [MainThread] Found credentials from IAM Role: transcript-ec2-role
2026-04-29 22:11:03,367 [INFO] [MainThread] === retry_unfinalized starting ===
2026-04-29 22:11:03,367 [INFO] [MainThread] Scanning temp/live-doc-history/ for unfinalized meetings...
2026-04-29 22:11:03,649 [INFO] [MainThread] Found 385 tracked, 382 finalized, 3 need retry
2026-04-29 22:11:03,649 [INFO] [MainThread] Retrying 3 meetings with 20 parallel workers...
2026-04-29 22:11:23,742 [INFO] [MainThread] SKIP  92569109656 — recording not in S3 yet
2026-04-29 22:11:24,371 [INFO] [MainThread] SKIP  95867764055 — recording not in S3 yet
2026-04-29 22:11:24,538 [INFO] [MainThread] SKIP  91633225897 — recording not in S3 yet
2026-04-29 22:11:24,539 [INFO] [MainThread] 
=== retry_unfinalized complete ===
  Finalized:     0
  No doc.txt:    0
  Still skipped: 3 (recording not in S3 yet)
  Errors:        0

2026-04-29 22:22:03,281 [INFO] [MainThread] Found credentials from IAM Role: transcript-ec2-role
2026-04-29 22:22:03,389 [INFO] [MainThread] === retry_unfinalized starting ===
2026-04-29 22:22:03,389 [INFO] [MainThread] Scanning temp/live-doc-history/ for unfinalized meetings...
2026-04-29 22:22:03,730 [INFO] [MainThread] Found 385 tracked, 382 finalized, 3 need retry
2026-04-29 22:22:03,730 [INFO] [MainThread] Retrying 3 meetings with 20 parallel workers...
2026-04-29 22:22:25,064 [INFO] [MainThread] SKIP  92569109656 — recording not in S3 yet
2026-04-29 22:22:25,160 [INFO] [MainThread] SKIP  91633225897 — recording not in S3 yet
2026-04-29 22:22:25,233 [INFO] [MainThread] SKIP  95867764055 — recording not in S3 yet
2026-04-29 22:22:25,234 [INFO] [MainThread] 
=== retry_unfinalized complete ===
  Finalized:     0
  No doc.txt:    0
  Still skipped: 3 (recording not in S3 yet)
  Errors:        0

2026-04-29 22:33:03,266 [INFO] [MainThread] Found credentials from IAM Role: transcript-ec2-role
2026-04-29 22:33:03,384 [INFO] [MainThread] === retry_unfinalized starting ===
2026-04-29 22:33:03,385 [INFO] [MainThread] Scanning temp/live-doc-history/ for unfinalized meetings...
2026-04-29 22:33:03,653 [INFO] [MainThread] Found 385 tracked, 382 finalized, 3 need retry
2026-04-29 22:33:03,653 [INFO] [MainThread] Retrying 3 meetings with 20 parallel workers...
2026-04-29 22:33:24,340 [INFO] [MainThread] SKIP  91633225897 — recording not in S3 yet
2026-04-29 22:33:24,814 [INFO] [MainThread] SKIP  95867764055 — recording not in S3 yet
2026-04-29 22:33:24,890 [INFO] [MainThread] SKIP  92569109656 — recording not in S3 yet
2026-04-29 22:33:24,890 [INFO] [MainThread] 
=== retry_unfinalized complete ===
  Finalized:     0
  No doc.txt:    0
  Still skipped: 3 (recording not in S3 yet)
  Errors:        0

2026-04-29 22:44:03,268 [INFO] [MainThread] Found credentials from IAM Role: transcript-ec2-role
2026-04-29 22:44:03,378 [INFO] [MainThread] === retry_unfinalized starting ===
2026-04-29 22:44:03,379 [INFO] [MainThread] Scanning temp/live-doc-history/ for unfinalized meetings...
2026-04-29 22:44:03,654 [INFO] [MainThread] Found 385 tracked, 382 finalized, 3 need retry
2026-04-29 22:44:03,655 [INFO] [MainThread] Retrying 3 meetings with 20 parallel workers...
2026-04-29 22:44:23,696 [INFO] [MainThread] SKIP  92569109656 — recording not in S3 yet
2026-04-29 22:44:23,781 [INFO] [MainThread] SKIP  95867764055 — recording not in S3 yet
2026-04-29 22:44:23,857 [INFO] [MainThread] SKIP  91633225897 — recording not in S3 yet
2026-04-29 22:44:23,859 [INFO] [MainThread] 
=== retry_unfinalized complete ===
  Finalized:     0
  No doc.txt:    0
  Still skipped: 3 (recording not in S3 yet)
  Errors:        0

2026-04-29 22:54:03,451 [INFO] [MainThread] Found credentials from IAM Role: transcript-ec2-role
2026-04-29 22:54:03,558 [INFO] [MainThread] === retry_unfinalized starting ===
2026-04-29 22:54:03,558 [INFO] [MainThread] Scanning temp/live-doc-history/ for unfinalized meetings...
2026-04-29 22:54:03,796 [INFO] [MainThread] Found 385 tracked, 382 finalized, 3 need retry
2026-04-29 22:54:03,797 [INFO] [MainThread] Retrying 3 meetings with 20 parallel workers...
2026-04-29 22:54:22,693 [INFO] [MainThread] SKIP  91633225897 — recording not in S3 yet
2026-04-29 22:54:22,969 [INFO] [MainThread] SKIP  92569109656 — recording not in S3 yet
2026-04-29 22:54:23,130 [INFO] [MainThread] SKIP  95867764055 — recording not in S3 yet
2026-04-29 22:54:23,131 [INFO] [MainThread] 
=== retry_unfinalized complete ===
  Finalized:     0
  No doc.txt:    0
  Still skipped: 3 (recording not in S3 yet)
  Errors:        0

2026-04-29 23:05:03,255 [INFO] [MainThread] Found credentials from IAM Role: transcript-ec2-role
2026-04-29 23:05:03,365 [INFO] [MainThread] === retry_unfinalized starting ===
2026-04-29 23:05:03,365 [INFO] [MainThread] Scanning temp/live-doc-history/ for unfinalized meetings...
2026-04-29 23:05:03,657 [INFO] [MainThread] Found 385 tracked, 382 finalized, 3 need retry
2026-04-29 23:05:03,658 [INFO] [MainThread] Retrying 3 meetings with 20 parallel workers...
2026-04-29 23:05:22,377 [INFO] [MainThread] SKIP  92569109656 — recording not in S3 yet
2026-04-29 23:05:22,831 [INFO] [MainThread] SKIP  95867764055 — recording not in S3 yet
2026-04-29 23:05:23,013 [INFO] [MainThread] SKIP  91633225897 — recording not in S3 yet
2026-04-29 23:05:23,014 [INFO] [MainThread] 
=== retry_unfinalized complete ===
  Finalized:     0
  No doc.txt:    0
  Still skipped: 3 (recording not in S3 yet)
  Errors:        0

2026-04-29 23:16:03,289 [INFO] [MainThread] Found credentials from IAM Role: transcript-ec2-role
2026-04-29 23:16:03,397 [INFO] [MainThread] === retry_unfinalized starting ===
2026-04-29 23:16:03,397 [INFO] [MainThread] Scanning temp/live-doc-history/ for unfinalized meetings...
2026-04-29 23:16:03,700 [INFO] [MainThread] Found 385 tracked, 382 finalized, 3 need retry
2026-04-29 23:16:03,701 [INFO] [MainThread] Retrying 3 meetings with 20 parallel workers...
2026-04-29 23:16:22,059 [INFO] [MainThread] SKIP  91633225897 — recording not in S3 yet
2026-04-29 23:16:22,324 [INFO] [MainThread] SKIP  95867764055 — recording not in S3 yet
2026-04-29 23:16:22,572 [INFO] [MainThread] SKIP  92569109656 — recording not in S3 yet
2026-04-29 23:16:22,572 [INFO] [MainThread] 
=== retry_unfinalized complete ===
  Finalized:     0
  No doc.txt:    0
  Still skipped: 3 (recording not in S3 yet)
  Errors:        0

2026-04-29 23:27:03,273 [INFO] [MainThread] Found credentials from IAM Role: transcript-ec2-role
2026-04-29 23:27:03,382 [INFO] [MainThread] === retry_unfinalized starting ===
2026-04-29 23:27:03,382 [INFO] [MainThread] Scanning temp/live-doc-history/ for unfinalized meetings...
2026-04-29 23:27:03,668 [INFO] [MainThread] Found 385 tracked, 383 finalized, 2 need retry
2026-04-29 23:27:03,669 [INFO] [MainThread] Retrying 2 meetings with 20 parallel workers...
2026-04-29 23:27:15,461 [INFO] [MainThread] SKIP  91633225897 — recording not in S3 yet
2026-04-29 23:27:15,533 [INFO] [MainThread] SKIP  95867764055 — recording not in S3 yet
2026-04-29 23:27:15,534 [INFO] [MainThread] 
=== retry_unfinalized complete ===
  Finalized:     0
  No doc.txt:    0
  Still skipped: 2 (recording not in S3 yet)
  Errors:        0

2026-04-29 23:38:03,255 [INFO] [MainThread] Found credentials from IAM Role: transcript-ec2-role
2026-04-29 23:38:03,359 [INFO] [MainThread] === retry_unfinalized starting ===
2026-04-29 23:38:03,359 [INFO] [MainThread] Scanning temp/live-doc-history/ for unfinalized meetings...
2026-04-29 23:38:03,621 [INFO] [MainThread] Found 385 tracked, 384 finalized, 1 need retry
2026-04-29 23:38:03,621 [INFO] [MainThread] Retrying 1 meetings with 20 parallel workers...
2026-04-29 23:38:14,143 [INFO] [MainThread] SKIP  95867764055 — recording not in S3 yet
2026-04-29 23:38:14,144 [INFO] [MainThread] 
=== retry_unfinalized complete ===
  Finalized:     0
  No doc.txt:    0
  Still skipped: 1 (recording not in S3 yet)
  Errors:        0

2026-04-29 23:49:03,264 [INFO] [MainThread] Found credentials from IAM Role: transcript-ec2-role
2026-04-29 23:49:03,374 [INFO] [MainThread] === retry_unfinalized starting ===
2026-04-29 23:49:03,375 [INFO] [MainThread] Scanning temp/live-doc-history/ for unfinalized meetings...
2026-04-29 23:49:03,658 [INFO] [MainThread] Found 385 tracked, 385 finalized, 0 need retry
2026-04-29 23:49:03,658 [INFO] [MainThread] Nothing to retry. All tracked meetings are finalized.
2026-04-30 00:00:01,409 [INFO] [MainThread] Found credentials from IAM Role: transcript-ec2-role
2026-04-30 00:00:01,522 [INFO] [MainThread] === retry_unfinalized starting ===
2026-04-30 00:00:01,522 [INFO] [MainThread] Scanning temp/live-doc-history/ for unfinalized meetings...
2026-04-30 00:00:01,807 [INFO] [MainThread] Found 385 tracked, 385 finalized, 0 need retry
2026-04-30 00:00:01,807 [INFO] [MainThread] Nothing to retry. All tracked meetings are finalized.
2026-04-30 00:10:01,985 [INFO] [MainThread] Found credentials from IAM Role: transcript-ec2-role
2026-04-30 00:10:02,103 [INFO] [MainThread] === retry_unfinalized starting ===
2026-04-30 00:10:02,103 [INFO] [MainThread] Scanning temp/live-doc-history/ for unfinalized meetings...
2026-04-30 00:10:02,391 [INFO] [MainThread] Found 385 tracked, 385 finalized, 0 need retry
2026-04-30 00:10:02,391 [INFO] [MainThread] Nothing to retry. All tracked meetings are finalized.
2026-04-30 00:20:03,255 [INFO] [MainThread] Found credentials from IAM Role: transcript-ec2-role
2026-04-30 00:20:03,363 [INFO] [MainThread] === retry_unfinalized starting ===
2026-04-30 00:20:03,363 [INFO] [MainThread] Scanning temp/live-doc-history/ for unfinalized meetings...
2026-04-30 00:20:03,637 [INFO] [MainThread] Found 385 tracked, 385 finalized, 0 need retry
2026-04-30 00:20:03,637 [INFO] [MainThread] Nothing to retry. All tracked meetings are finalized.
2026-04-30 00:30:12,541 [INFO] [MainThread] Found credentials from IAM Role: transcript-ec2-role
2026-04-30 00:30:12,650 [INFO] [MainThread] === retry_unfinalized starting ===
2026-04-30 00:30:12,651 [INFO] [MainThread] Scanning temp/live-doc-history/ for unfinalized meetings...
2026-04-30 00:30:12,928 [INFO] [MainThread] Found 385 tracked, 385 finalized, 0 need retry
2026-04-30 00:30:12,928 [INFO] [MainThread] Nothing to retry. All tracked meetings are finalized.
2026-04-30 00:40:12,766 [INFO] [MainThread] Found credentials from IAM Role: transcript-ec2-role
2026-04-30 00:40:12,876 [INFO] [MainThread] === retry_unfinalized starting ===
2026-04-30 00:40:12,876 [INFO] [MainThread] Scanning temp/live-doc-history/ for unfinalized meetings...
2026-04-30 00:40:13,203 [INFO] [MainThread] Found 386 tracked, 386 finalized, 0 need retry
2026-04-30 00:40:13,203 [INFO] [MainThread] Nothing to retry. All tracked meetings are finalized.
2026-04-30 00:51:03,254 [INFO] [MainThread] Found credentials from IAM Role: transcript-ec2-role
2026-04-30 00:51:03,363 [INFO] [MainThread] === retry_unfinalized starting ===
2026-04-30 00:51:03,364 [INFO] [MainThread] Scanning temp/live-doc-history/ for unfinalized meetings...
2026-04-30 00:51:03,651 [INFO] [MainThread] Found 386 tracked, 386 finalized, 0 need retry
2026-04-30 00:51:03,652 [INFO] [MainThread] Nothing to retry. All tracked meetings are finalized.
2026-04-30 01:01:08,313 [INFO] [MainThread] Found credentials from IAM Role: transcript-ec2-role
2026-04-30 01:01:08,421 [INFO] [MainThread] === retry_unfinalized starting ===
2026-04-30 01:01:08,421 [INFO] [MainThread] Scanning temp/live-doc-history/ for unfinalized meetings...
2026-04-30 01:01:08,700 [INFO] [MainThread] Found 386 tracked, 386 finalized, 0 need retry
2026-04-30 01:01:08,700 [INFO] [MainThread] Nothing to retry. All tracked meetings are finalized.
2026-04-30 01:12:03,258 [INFO] [MainThread] Found credentials from IAM Role: transcript-ec2-role
2026-04-30 01:12:03,366 [INFO] [MainThread] === retry_unfinalized starting ===
2026-04-30 01:12:03,366 [INFO] [MainThread] Scanning temp/live-doc-history/ for unfinalized meetings...
2026-04-30 01:12:03,689 [INFO] [MainThread] Found 386 tracked, 386 finalized, 0 need retry
2026-04-30 01:12:03,689 [INFO] [MainThread] Nothing to retry. All tracked meetings are finalized.
2026-04-30 01:23:03,282 [INFO] [MainThread] Found credentials from IAM Role: transcript-ec2-role
2026-04-30 01:23:03,392 [INFO] [MainThread] === retry_unfinalized starting ===
2026-04-30 01:23:03,392 [INFO] [MainThread] Scanning temp/live-doc-history/ for unfinalized meetings...
2026-04-30 01:23:03,753 [INFO] [MainThread] Found 386 tracked, 386 finalized, 0 need retry
2026-04-30 01:23:03,754 [INFO] [MainThread] Nothing to retry. All tracked meetings are finalized.
2026-04-30 01:34:03,268 [INFO] [MainThread] Found credentials from IAM Role: transcript-ec2-role
2026-04-30 01:34:03,379 [INFO] [MainThread] === retry_unfinalized starting ===
2026-04-30 01:34:03,379 [INFO] [MainThread] Scanning temp/live-doc-history/ for unfinalized meetings...
2026-04-30 01:34:03,681 [INFO] [MainThread] Found 386 tracked, 386 finalized, 0 need retry
2026-04-30 01:34:03,681 [INFO] [MainThread] Nothing to retry. All tracked meetings are finalized.
2026-04-30 01:45:03,284 [INFO] [MainThread] Found credentials from IAM Role: transcript-ec2-role
2026-04-30 01:45:03,392 [INFO] [MainThread] === retry_unfinalized starting ===
2026-04-30 01:45:03,393 [INFO] [MainThread] Scanning temp/live-doc-history/ for unfinalized meetings...
2026-04-30 01:45:03,691 [INFO] [MainThread] Found 386 tracked, 386 finalized, 0 need retry
2026-04-30 01:45:03,692 [INFO] [MainThread] Nothing to retry. All tracked meetings are finalized.
2026-04-30 01:56:03,265 [INFO] [MainThread] Found credentials from IAM Role: transcript-ec2-role
2026-04-30 01:56:03,373 [INFO] [MainThread] === retry_unfinalized starting ===
2026-04-30 01:56:03,373 [INFO] [MainThread] Scanning temp/live-doc-history/ for unfinalized meetings...
2026-04-30 01:56:03,689 [INFO] [MainThread] Found 386 tracked, 386 finalized, 0 need retry
2026-04-30 01:56:03,689 [INFO] [MainThread] Nothing to retry. All tracked meetings are finalized.
2026-04-30 02:07:03,270 [INFO] [MainThread] Found credentials from IAM Role: transcript-ec2-role
2026-04-30 02:07:03,374 [INFO] [MainThread] === retry_unfinalized starting ===
2026-04-30 02:07:03,374 [INFO] [MainThread] Scanning temp/live-doc-history/ for unfinalized meetings...
2026-04-30 02:07:03,646 [INFO] [MainThread] Found 386 tracked, 386 finalized, 0 need retry
2026-04-30 02:07:03,646 [INFO] [MainThread] Nothing to retry. All tracked meetings are finalized.
2026-04-30 02:18:03,273 [INFO] [MainThread] Found credentials from IAM Role: transcript-ec2-role
2026-04-30 02:18:03,383 [INFO] [MainThread] === retry_unfinalized starting ===
2026-04-30 02:18:03,383 [INFO] [MainThread] Scanning temp/live-doc-history/ for unfinalized meetings...
2026-04-30 02:18:03,670 [INFO] [MainThread] Found 386 tracked, 386 finalized, 0 need retry
2026-04-30 02:18:03,671 [INFO] [MainThread] Nothing to retry. All tracked meetings are finalized.
2026-04-30 02:29:03,260 [INFO] [MainThread] Found credentials from IAM Role: transcript-ec2-role
2026-04-30 02:29:03,367 [INFO] [MainThread] === retry_unfinalized starting ===
2026-04-30 02:29:03,367 [INFO] [MainThread] Scanning temp/live-doc-history/ for unfinalized meetings...
2026-04-30 02:29:03,623 [INFO] [MainThread] Found 386 tracked, 386 finalized, 0 need retry
2026-04-30 02:29:03,624 [INFO] [MainThread] Nothing to retry. All tracked meetings are finalized.
2026-04-30 02:40:02,103 [INFO] [MainThread] Found credentials from IAM Role: transcript-ec2-role
2026-04-30 02:40:02,242 [INFO] [MainThread] === retry_unfinalized starting ===
2026-04-30 02:40:02,242 [INFO] [MainThread] Scanning temp/live-doc-history/ for unfinalized meetings...
2026-04-30 02:40:02,543 [INFO] [MainThread] Found 386 tracked, 386 finalized, 0 need retry
2026-04-30 02:40:02,543 [INFO] [MainThread] Nothing to retry. All tracked meetings are finalized.
2026-04-30 02:50:03,263 [INFO] [MainThread] Found credentials from IAM Role: transcript-ec2-role
2026-04-30 02:50:03,377 [INFO] [MainThread] === retry_unfinalized starting ===
2026-04-30 02:50:03,377 [INFO] [MainThread] Scanning temp/live-doc-history/ for unfinalized meetings...
2026-04-30 02:50:03,688 [INFO] [MainThread] Found 386 tracked, 386 finalized, 0 need retry
2026-04-30 02:50:03,688 [INFO] [MainThread] Nothing to retry. All tracked meetings are finalized.
2026-04-30 03:00:12,777 [INFO] [MainThread] Found credentials from IAM Role: transcript-ec2-role
2026-04-30 03:00:12,891 [INFO] [MainThread] === retry_unfinalized starting ===
2026-04-30 03:00:12,891 [INFO] [MainThread] Scanning temp/live-doc-history/ for unfinalized meetings...
2026-04-30 03:00:13,166 [INFO] [MainThread] Found 386 tracked, 386 finalized, 0 need retry
2026-04-30 03:00:13,167 [INFO] [MainThread] Nothing to retry. All tracked meetings are finalized.
2026-04-30 03:11:03,269 [INFO] [MainThread] Found credentials from IAM Role: transcript-ec2-role
2026-04-30 03:11:03,382 [INFO] [MainThread] === retry_unfinalized starting ===
2026-04-30 03:11:03,382 [INFO] [MainThread] Scanning temp/live-doc-history/ for unfinalized meetings...
2026-04-30 03:11:03,644 [INFO] [MainThread] Found 386 tracked, 386 finalized, 0 need retry
2026-04-30 03:11:03,644 [INFO] [MainThread] Nothing to retry. All tracked meetings are finalized.
2026-04-30 03:22:03,264 [INFO] [MainThread] Found credentials from IAM Role: transcript-ec2-role
2026-04-30 03:22:03,373 [INFO] [MainThread] === retry_unfinalized starting ===
2026-04-30 03:22:03,373 [INFO] [MainThread] Scanning temp/live-doc-history/ for unfinalized meetings...
2026-04-30 03:22:03,690 [INFO] [MainThread] Found 386 tracked, 386 finalized, 0 need retry
2026-04-30 03:22:03,690 [INFO] [MainThread] Nothing to retry. All tracked meetings are finalized.
2026-04-30 03:33:03,264 [INFO] [MainThread] Found credentials from IAM Role: transcript-ec2-role
2026-04-30 03:33:03,371 [INFO] [MainThread] === retry_unfinalized starting ===
2026-04-30 03:33:03,371 [INFO] [MainThread] Scanning temp/live-doc-history/ for unfinalized meetings...
2026-04-30 03:33:03,634 [INFO] [MainThread] Found 386 tracked, 386 finalized, 0 need retry
2026-04-30 03:33:03,635 [INFO] [MainThread] Nothing to retry. All tracked meetings are finalized.
2026-04-30 03:44:03,263 [INFO] [MainThread] Found credentials from IAM Role: transcript-ec2-role
2026-04-30 03:44:03,372 [INFO] [MainThread] === retry_unfinalized starting ===
2026-04-30 03:44:03,372 [INFO] [MainThread] Scanning temp/live-doc-history/ for unfinalized meetings...
2026-04-30 03:44:03,644 [INFO] [MainThread] Found 386 tracked, 386 finalized, 0 need retry
2026-04-30 03:44:03,644 [INFO] [MainThread] Nothing to retry. All tracked meetings are finalized.
2026-04-30 03:54:57,316 [INFO] [MainThread] Found credentials from IAM Role: transcript-ec2-role
2026-04-30 03:54:57,435 [INFO] [MainThread] === retry_unfinalized starting ===
2026-04-30 03:54:57,435 [INFO] [MainThread] Scanning temp/live-doc-history/ for unfinalized meetings...
2026-04-30 03:54:57,694 [INFO] [MainThread] Found 386 tracked, 386 finalized, 0 need retry
2026-04-30 03:54:57,695 [INFO] [MainThread] Nothing to retry. All tracked meetings are finalized.
2026-04-30 04:05:03,255 [INFO] [MainThread] Found credentials from IAM Role: transcript-ec2-role
2026-04-30 04:05:03,366 [INFO] [MainThread] === retry_unfinalized starting ===
2026-04-30 04:05:03,366 [INFO] [MainThread] Scanning temp/live-doc-history/ for unfinalized meetings...
2026-04-30 04:05:03,680 [INFO] [MainThread] Found 386 tracked, 386 finalized, 0 need retry
2026-04-30 04:05:03,680 [INFO] [MainThread] Nothing to retry. All tracked meetings are finalized.
2026-04-30 04:16:03,264 [INFO] [MainThread] Found credentials from IAM Role: transcript-ec2-role
2026-04-30 04:16:03,378 [INFO] [MainThread] === retry_unfinalized starting ===
2026-04-30 04:16:03,378 [INFO] [MainThread] Scanning temp/live-doc-history/ for unfinalized meetings...
2026-04-30 04:16:03,664 [INFO] [MainThread] Found 386 tracked, 386 finalized, 0 need retry
2026-04-30 04:16:03,664 [INFO] [MainThread] Nothing to retry. All tracked meetings are finalized.
2026-04-30 04:27:03,281 [INFO] [MainThread] Found credentials from IAM Role: transcript-ec2-role
2026-04-30 04:27:03,391 [INFO] [MainThread] === retry_unfinalized starting ===
2026-04-30 04:27:03,391 [INFO] [MainThread] Scanning temp/live-doc-history/ for unfinalized meetings...
2026-04-30 04:27:03,654 [INFO] [MainThread] Found 386 tracked, 386 finalized, 0 need retry
2026-04-30 04:27:03,654 [INFO] [MainThread] Nothing to retry. All tracked meetings are finalized.
2026-04-30 04:38:03,290 [INFO] [MainThread] Found credentials from IAM Role: transcript-ec2-role
2026-04-30 04:38:03,399 [INFO] [MainThread] === retry_unfinalized starting ===
2026-04-30 04:38:03,399 [INFO] [MainThread] Scanning temp/live-doc-history/ for unfinalized meetings...
2026-04-30 04:38:03,654 [INFO] [MainThread] Found 386 tracked, 386 finalized, 0 need retry
2026-04-30 04:38:03,654 [INFO] [MainThread] Nothing to retry. All tracked meetings are finalized.
2026-04-30 04:49:03,270 [INFO] [MainThread] Found credentials from IAM Role: transcript-ec2-role
2026-04-30 04:49:03,378 [INFO] [MainThread] === retry_unfinalized starting ===
2026-04-30 04:49:03,379 [INFO] [MainThread] Scanning temp/live-doc-history/ for unfinalized meetings...
2026-04-30 04:49:03,663 [INFO] [MainThread] Found 386 tracked, 386 finalized, 0 need retry
2026-04-30 04:49:03,663 [INFO] [MainThread] Nothing to retry. All tracked meetings are finalized.
2026-04-30 05:00:02,136 [INFO] [MainThread] Found credentials from IAM Role: transcript-ec2-role
2026-04-30 05:00:02,250 [INFO] [MainThread] === retry_unfinalized starting ===
2026-04-30 05:00:02,250 [INFO] [MainThread] Scanning temp/live-doc-history/ for unfinalized meetings...
2026-04-30 05:00:02,504 [INFO] [MainThread] Found 386 tracked, 386 finalized, 0 need retry
2026-04-30 05:00:02,504 [INFO] [MainThread] Nothing to retry. All tracked meetings are finalized.
2026-04-30 05:10:02,225 [INFO] [MainThread] Found credentials from IAM Role: transcript-ec2-role
2026-04-30 05:10:02,337 [INFO] [MainThread] === retry_unfinalized starting ===
2026-04-30 05:10:02,337 [INFO] [MainThread] Scanning temp/live-doc-history/ for unfinalized meetings...
2026-04-30 05:10:02,659 [INFO] [MainThread] Found 386 tracked, 386 finalized, 0 need retry
2026-04-30 05:10:02,660 [INFO] [MainThread] Nothing to retry. All tracked meetings are finalized.
2026-04-30 05:20:02,298 [INFO] [MainThread] Found credentials from IAM Role: transcript-ec2-role
2026-04-30 05:20:02,417 [INFO] [MainThread] === retry_unfinalized starting ===
2026-04-30 05:20:02,417 [INFO] [MainThread] Scanning temp/live-doc-history/ for unfinalized meetings...
2026-04-30 05:20:02,748 [INFO] [MainThread] Found 386 tracked, 386 finalized, 0 need retry
2026-04-30 05:20:02,749 [INFO] [MainThread] Nothing to retry. All tracked meetings are finalized.
2026-04-30 05:30:03,259 [INFO] [MainThread] Found credentials from IAM Role: transcript-ec2-role
2026-04-30 05:30:03,369 [INFO] [MainThread] === retry_unfinalized starting ===
2026-04-30 05:30:03,370 [INFO] [MainThread] Scanning temp/live-doc-history/ for unfinalized meetings...
2026-04-30 05:30:03,660 [INFO] [MainThread] Found 386 tracked, 386 finalized, 0 need retry
2026-04-30 05:30:03,661 [INFO] [MainThread] Nothing to retry. All tracked meetings are finalized.
2026-04-30 05:40:13,011 [INFO] [MainThread] Found credentials from IAM Role: transcript-ec2-role
2026-04-30 05:40:13,121 [INFO] [MainThread] === retry_unfinalized starting ===
2026-04-30 05:40:13,121 [INFO] [MainThread] Scanning temp/live-doc-history/ for unfinalized meetings...
2026-04-30 05:40:13,412 [INFO] [MainThread] Found 386 tracked, 386 finalized, 0 need retry
2026-04-30 05:40:13,412 [INFO] [MainThread] Nothing to retry. All tracked meetings are finalized.
2026-04-30 05:51:03,247 [INFO] [MainThread] Found credentials from IAM Role: transcript-ec2-role
2026-04-30 05:51:03,351 [INFO] [MainThread] === retry_unfinalized starting ===
2026-04-30 05:51:03,351 [INFO] [MainThread] Scanning temp/live-doc-history/ for unfinalized meetings...
2026-04-30 05:51:03,620 [INFO] [MainThread] Found 386 tracked, 386 finalized, 0 need retry
2026-04-30 05:51:03,620 [INFO] [MainThread] Nothing to retry. All tracked meetings are finalized.
2026-04-30 06:02:02,599 [INFO] [MainThread] Found credentials from IAM Role: transcript-ec2-role
2026-04-30 06:02:02,712 [INFO] [MainThread] === retry_unfinalized starting ===
2026-04-30 06:02:02,712 [INFO] [MainThread] Scanning temp/live-doc-history/ for unfinalized meetings...
2026-04-30 06:02:02,995 [INFO] [MainThread] Found 386 tracked, 386 finalized, 0 need retry
2026-04-30 06:02:02,995 [INFO] [MainThread] Nothing to retry. All tracked meetings are finalized.
2026-04-30 06:12:03,263 [INFO] [MainThread] Found credentials from IAM Role: transcript-ec2-role
2026-04-30 06:12:03,374 [INFO] [MainThread] === retry_unfinalized starting ===
2026-04-30 06:12:03,374 [INFO] [MainThread] Scanning temp/live-doc-history/ for unfinalized meetings...
2026-04-30 06:12:03,661 [INFO] [MainThread] Found 386 tracked, 386 finalized, 0 need retry
2026-04-30 06:12:03,661 [INFO] [MainThread] Nothing to retry. All tracked meetings are finalized.
2026-04-30 06:22:03,477 [INFO] [MainThread] Found credentials from IAM Role: transcript-ec2-role
2026-04-30 06:22:03,580 [INFO] [MainThread] === retry_unfinalized starting ===
2026-04-30 06:22:03,581 [INFO] [MainThread] Scanning temp/live-doc-history/ for unfinalized meetings...
2026-04-30 06:22:03,832 [INFO] [MainThread] Found 386 tracked, 386 finalized, 0 need retry
2026-04-30 06:22:03,832 [INFO] [MainThread] Nothing to retry. All tracked meetings are finalized.
2026-04-30 06:32:57,389 [INFO] [MainThread] Found credentials from IAM Role: transcript-ec2-role
2026-04-30 06:32:57,496 [INFO] [MainThread] === retry_unfinalized starting ===
2026-04-30 06:32:57,496 [INFO] [MainThread] Scanning temp/live-doc-history/ for unfinalized meetings...
2026-04-30 06:32:57,759 [INFO] [MainThread] Found 386 tracked, 386 finalized, 0 need retry
2026-04-30 06:32:57,759 [INFO] [MainThread] Nothing to retry. All tracked meetings are finalized.
2026-04-30 06:43:03,269 [INFO] [MainThread] Found credentials from IAM Role: transcript-ec2-role
2026-04-30 06:43:03,376 [INFO] [MainThread] === retry_unfinalized starting ===
2026-04-30 06:43:03,377 [INFO] [MainThread] Scanning temp/live-doc-history/ for unfinalized meetings...
2026-04-30 06:43:03,669 [INFO] [MainThread] Found 386 tracked, 386 finalized, 0 need retry
2026-04-30 06:43:03,669 [INFO] [MainThread] Nothing to retry. All tracked meetings are finalized.
2026-04-30 06:54:03,274 [INFO] [MainThread] Found credentials from IAM Role: transcript-ec2-role
2026-04-30 06:54:03,387 [INFO] [MainThread] === retry_unfinalized starting ===
2026-04-30 06:54:03,387 [INFO] [MainThread] Scanning temp/live-doc-history/ for unfinalized meetings...
2026-04-30 06:54:03,652 [INFO] [MainThread] Found 386 tracked, 386 finalized, 0 need retry
2026-04-30 06:54:03,652 [INFO] [MainThread] Nothing to retry. All tracked meetings are finalized.
2026-04-30 07:05:03,264 [INFO] [MainThread] Found credentials from IAM Role: transcript-ec2-role
2026-04-30 07:05:03,375 [INFO] [MainThread] === retry_unfinalized starting ===
2026-04-30 07:05:03,375 [INFO] [MainThread] Scanning temp/live-doc-history/ for unfinalized meetings...
2026-04-30 07:05:03,629 [INFO] [MainThread] Found 386 tracked, 386 finalized, 0 need retry
2026-04-30 07:05:03,629 [INFO] [MainThread] Nothing to retry. All tracked meetings are finalized.
2026-04-30 07:16:03,289 [INFO] [MainThread] Found credentials from IAM Role: transcript-ec2-role
2026-04-30 07:16:03,397 [INFO] [MainThread] === retry_unfinalized starting ===
2026-04-30 07:16:03,397 [INFO] [MainThread] Scanning temp/live-doc-history/ for unfinalized meetings...
2026-04-30 07:16:03,798 [INFO] [MainThread] Found 386 tracked, 386 finalized, 0 need retry
2026-04-30 07:16:03,798 [INFO] [MainThread] Nothing to retry. All tracked meetings are finalized.
2026-04-30 07:27:03,260 [INFO] [MainThread] Found credentials from IAM Role: transcript-ec2-role
2026-04-30 07:27:03,369 [INFO] [MainThread] === retry_unfinalized starting ===
2026-04-30 07:27:03,370 [INFO] [MainThread] Scanning temp/live-doc-history/ for unfinalized meetings...
2026-04-30 07:27:03,638 [INFO] [MainThread] Found 386 tracked, 386 finalized, 0 need retry
2026-04-30 07:27:03,638 [INFO] [MainThread] Nothing to retry. All tracked meetings are finalized.
2026-04-30 07:38:03,259 [INFO] [MainThread] Found credentials from IAM Role: transcript-ec2-role
2026-04-30 07:38:03,367 [INFO] [MainThread] === retry_unfinalized starting ===
2026-04-30 07:38:03,367 [INFO] [MainThread] Scanning temp/live-doc-history/ for unfinalized meetings...
2026-04-30 07:38:03,660 [INFO] [MainThread] Found 386 tracked, 386 finalized, 0 need retry
2026-04-30 07:38:03,660 [INFO] [MainThread] Nothing to retry. All tracked meetings are finalized.
2026-04-30 07:49:03,286 [INFO] [MainThread] Found credentials from IAM Role: transcript-ec2-role
2026-04-30 07:49:03,394 [INFO] [MainThread] === retry_unfinalized starting ===
2026-04-30 07:49:03,394 [INFO] [MainThread] Scanning temp/live-doc-history/ for unfinalized meetings...
2026-04-30 07:49:03,652 [INFO] [MainThread] Found 386 tracked, 386 finalized, 0 need retry
2026-04-30 07:49:03,652 [INFO] [MainThread] Nothing to retry. All tracked meetings are finalized.
2026-04-30 08:00:01,983 [INFO] [MainThread] Found credentials from IAM Role: transcript-ec2-role
2026-04-30 08:00:02,120 [INFO] [MainThread] === retry_unfinalized starting ===
2026-04-30 08:00:02,120 [INFO] [MainThread] Scanning temp/live-doc-history/ for unfinalized meetings...
2026-04-30 08:00:02,439 [INFO] [MainThread] Found 386 tracked, 386 finalized, 0 need retry
2026-04-30 08:00:02,439 [INFO] [MainThread] Nothing to retry. All tracked meetings are finalized.
2026-04-30 08:10:03,267 [INFO] [MainThread] Found credentials from IAM Role: transcript-ec2-role
2026-04-30 08:10:03,379 [INFO] [MainThread] === retry_unfinalized starting ===
2026-04-30 08:10:03,379 [INFO] [MainThread] Scanning temp/live-doc-history/ for unfinalized meetings...
2026-04-30 08:10:03,653 [INFO] [MainThread] Found 386 tracked, 386 finalized, 0 need retry
2026-04-30 08:10:03,653 [INFO] [MainThread] Nothing to retry. All tracked meetings are finalized.
2026-04-30 08:20:12,755 [INFO] [MainThread] Found credentials from IAM Role: transcript-ec2-role
2026-04-30 08:20:12,868 [INFO] [MainThread] === retry_unfinalized starting ===
2026-04-30 08:20:12,868 [INFO] [MainThread] Scanning temp/live-doc-history/ for unfinalized meetings...
2026-04-30 08:20:13,177 [INFO] [MainThread] Found 386 tracked, 386 finalized, 0 need retry
2026-04-30 08:20:13,177 [INFO] [MainThread] Nothing to retry. All tracked meetings are finalized.
2026-04-30 08:31:03,271 [INFO] [MainThread] Found credentials from IAM Role: transcript-ec2-role
2026-04-30 08:31:03,380 [INFO] [MainThread] === retry_unfinalized starting ===
2026-04-30 08:31:03,380 [INFO] [MainThread] Scanning temp/live-doc-history/ for unfinalized meetings...
2026-04-30 08:31:03,659 [INFO] [MainThread] Found 386 tracked, 386 finalized, 0 need retry
2026-04-30 08:31:03,659 [INFO] [MainThread] Nothing to retry. All tracked meetings are finalized.
2026-04-30 08:42:03,260 [INFO] [MainThread] Found credentials from IAM Role: transcript-ec2-role
2026-04-30 08:42:03,365 [INFO] [MainThread] === retry_unfinalized starting ===
2026-04-30 08:42:03,365 [INFO] [MainThread] Scanning temp/live-doc-history/ for unfinalized meetings...
2026-04-30 08:42:03,670 [INFO] [MainThread] Found 386 tracked, 386 finalized, 0 need retry
2026-04-30 08:42:03,670 [INFO] [MainThread] Nothing to retry. All tracked meetings are finalized.
2026-04-30 08:53:03,327 [INFO] [MainThread] Found credentials from IAM Role: transcript-ec2-role
2026-04-30 08:53:03,454 [INFO] [MainThread] === retry_unfinalized starting ===
2026-04-30 08:53:03,454 [INFO] [MainThread] Scanning temp/live-doc-history/ for unfinalized meetings...
2026-04-30 08:53:03,747 [INFO] [MainThread] Found 386 tracked, 386 finalized, 0 need retry
2026-04-30 08:53:03,747 [INFO] [MainThread] Nothing to retry. All tracked meetings are finalized.
2026-04-30 09:04:03,272 [INFO] [MainThread] Found credentials from IAM Role: transcript-ec2-role
2026-04-30 09:04:03,381 [INFO] [MainThread] === retry_unfinalized starting ===
2026-04-30 09:04:03,381 [INFO] [MainThread] Scanning temp/live-doc-history/ for unfinalized meetings...
2026-04-30 09:04:03,664 [INFO] [MainThread] Found 386 tracked, 386 finalized, 0 need retry
2026-04-30 09:04:03,664 [INFO] [MainThread] Nothing to retry. All tracked meetings are finalized.
2026-04-30 09:15:03,291 [INFO] [MainThread] Found credentials from IAM Role: transcript-ec2-role
2026-04-30 09:15:03,401 [INFO] [MainThread] === retry_unfinalized starting ===
2026-04-30 09:15:03,401 [INFO] [MainThread] Scanning temp/live-doc-history/ for unfinalized meetings...
2026-04-30 09:15:03,696 [INFO] [MainThread] Found 386 tracked, 386 finalized, 0 need retry
2026-04-30 09:15:03,696 [INFO] [MainThread] Nothing to retry. All tracked meetings are finalized.
2026-04-30 09:26:03,293 [INFO] [MainThread] Found credentials from IAM Role: transcript-ec2-role
2026-04-30 09:26:03,400 [INFO] [MainThread] === retry_unfinalized starting ===
2026-04-30 09:26:03,400 [INFO] [MainThread] Scanning temp/live-doc-history/ for unfinalized meetings...
2026-04-30 09:26:03,681 [INFO] [MainThread] Found 386 tracked, 386 finalized, 0 need retry
2026-04-30 09:26:03,681 [INFO] [MainThread] Nothing to retry. All tracked meetings are finalized.
2026-04-30 09:37:03,272 [INFO] [MainThread] Found credentials from IAM Role: transcript-ec2-role
2026-04-30 09:37:03,380 [INFO] [MainThread] === retry_unfinalized starting ===
2026-04-30 09:37:03,380 [INFO] [MainThread] Scanning temp/live-doc-history/ for unfinalized meetings...
2026-04-30 09:37:03,669 [INFO] [MainThread] Found 386 tracked, 386 finalized, 0 need retry
2026-04-30 09:37:03,669 [INFO] [MainThread] Nothing to retry. All tracked meetings are finalized.
2026-04-30 09:48:03,261 [INFO] [MainThread] Found credentials from IAM Role: transcript-ec2-role
2026-04-30 09:48:03,370 [INFO] [MainThread] === retry_unfinalized starting ===
2026-04-30 09:48:03,370 [INFO] [MainThread] Scanning temp/live-doc-history/ for unfinalized meetings...
2026-04-30 09:48:03,633 [INFO] [MainThread] Found 386 tracked, 386 finalized, 0 need retry
2026-04-30 09:48:03,634 [INFO] [MainThread] Nothing to retry. All tracked meetings are finalized.
2026-04-30 09:58:58,761 [INFO] [MainThread] Found credentials from IAM Role: transcript-ec2-role
2026-04-30 09:58:58,870 [INFO] [MainThread] === retry_unfinalized starting ===
2026-04-30 09:58:58,870 [INFO] [MainThread] Scanning temp/live-doc-history/ for unfinalized meetings...
2026-04-30 09:58:59,179 [INFO] [MainThread] Found 386 tracked, 386 finalized, 0 need retry
2026-04-30 09:58:59,180 [INFO] [MainThread] Nothing to retry. All tracked meetings are finalized.
2026-04-30 10:09:03,254 [INFO] [MainThread] Found credentials from IAM Role: transcript-ec2-role
2026-04-30 10:09:03,365 [INFO] [MainThread] === retry_unfinalized starting ===
2026-04-30 10:09:03,365 [INFO] [MainThread] Scanning temp/live-doc-history/ for unfinalized meetings...
2026-04-30 10:09:03,648 [INFO] [MainThread] Found 386 tracked, 386 finalized, 0 need retry
2026-04-30 10:09:03,648 [INFO] [MainThread] Nothing to retry. All tracked meetings are finalized.
2026-04-30 10:19:03,269 [INFO] [MainThread] Found credentials from IAM Role: transcript-ec2-role
2026-04-30 10:19:03,376 [INFO] [MainThread] === retry_unfinalized starting ===
2026-04-30 10:19:03,376 [INFO] [MainThread] Scanning temp/live-doc-history/ for unfinalized meetings...
2026-04-30 10:19:03,649 [INFO] [MainThread] Found 386 tracked, 386 finalized, 0 need retry
2026-04-30 10:19:03,649 [INFO] [MainThread] Nothing to retry. All tracked meetings are finalized.
2026-04-30 10:30:00,717 [INFO] [MainThread] Found credentials from IAM Role: transcript-ec2-role
2026-04-30 10:30:00,824 [INFO] [MainThread] === retry_unfinalized starting ===
2026-04-30 10:30:00,824 [INFO] [MainThread] Scanning temp/live-doc-history/ for unfinalized meetings...
2026-04-30 10:30:01,084 [INFO] [MainThread] Found 386 tracked, 386 finalized, 0 need retry
2026-04-30 10:30:01,085 [INFO] [MainThread] Nothing to retry. All tracked meetings are finalized.
2026-04-30 10:40:01,466 [INFO] [MainThread] Found credentials from IAM Role: transcript-ec2-role
2026-04-30 10:40:01,585 [INFO] [MainThread] === retry_unfinalized starting ===
2026-04-30 10:40:01,585 [INFO] [MainThread] Scanning temp/live-doc-history/ for unfinalized meetings...
2026-04-30 10:40:01,856 [INFO] [MainThread] Found 386 tracked, 386 finalized, 0 need retry
2026-04-30 10:40:01,857 [INFO] [MainThread] Nothing to retry. All tracked meetings are finalized.
2026-04-30 10:50:01,872 [INFO] [MainThread] Found credentials from IAM Role: transcript-ec2-role
2026-04-30 10:50:01,992 [INFO] [MainThread] === retry_unfinalized starting ===
2026-04-30 10:50:01,992 [INFO] [MainThread] Scanning temp/live-doc-history/ for unfinalized meetings...
2026-04-30 10:50:02,252 [INFO] [MainThread] Found 386 tracked, 386 finalized, 0 need retry
2026-04-30 10:50:02,252 [INFO] [MainThread] Nothing to retry. All tracked meetings are finalized.
2026-04-30 11:00:02,288 [INFO] [MainThread] Found credentials from IAM Role: transcript-ec2-role
2026-04-30 11:00:02,412 [INFO] [MainThread] === retry_unfinalized starting ===
2026-04-30 11:00:02,412 [INFO] [MainThread] Scanning temp/live-doc-history/ for unfinalized meetings...
2026-04-30 11:00:02,678 [INFO] [MainThread] Found 386 tracked, 386 finalized, 0 need retry
2026-04-30 11:00:02,678 [INFO] [MainThread] Nothing to retry. All tracked meetings are finalized.
2026-04-30 11:10:03,256 [INFO] [MainThread] Found credentials from IAM Role: transcript-ec2-role
2026-04-30 11:10:03,362 [INFO] [MainThread] === retry_unfinalized starting ===
2026-04-30 11:10:03,362 [INFO] [MainThread] Scanning temp/live-doc-history/ for unfinalized meetings...
2026-04-30 11:10:03,627 [INFO] [MainThread] Found 386 tracked, 386 finalized, 0 need retry
2026-04-30 11:10:03,627 [INFO] [MainThread] Nothing to retry. All tracked meetings are finalized.
2026-04-30 11:20:12,785 [INFO] [MainThread] Found credentials from IAM Role: transcript-ec2-role
2026-04-30 11:20:12,902 [INFO] [MainThread] === retry_unfinalized starting ===
2026-04-30 11:20:12,902 [INFO] [MainThread] Scanning temp/live-doc-history/ for unfinalized meetings...
2026-04-30 11:20:13,177 [INFO] [MainThread] Found 386 tracked, 386 finalized, 0 need retry
2026-04-30 11:20:13,177 [INFO] [MainThread] Nothing to retry. All tracked meetings are finalized.
2026-04-30 11:30:57,149 [INFO] [MainThread] Found credentials from IAM Role: transcript-ec2-role
2026-04-30 11:30:57,260 [INFO] [MainThread] === retry_unfinalized starting ===
2026-04-30 11:30:57,260 [INFO] [MainThread] Scanning temp/live-doc-history/ for unfinalized meetings...
2026-04-30 11:30:57,530 [INFO] [MainThread] Found 386 tracked, 386 finalized, 0 need retry
2026-04-30 11:30:57,530 [INFO] [MainThread] Nothing to retry. All tracked meetings are finalized.
2026-04-30 11:41:03,259 [INFO] [MainThread] Found credentials from IAM Role: transcript-ec2-role
2026-04-30 11:41:03,365 [INFO] [MainThread] === retry_unfinalized starting ===
2026-04-30 11:41:03,365 [INFO] [MainThread] Scanning temp/live-doc-history/ for unfinalized meetings...
2026-04-30 11:41:03,629 [INFO] [MainThread] Found 386 tracked, 386 finalized, 0 need retry
2026-04-30 11:41:03,629 [INFO] [MainThread] Nothing to retry. All tracked meetings are finalized.
2026-04-30 11:52:03,261 [INFO] [MainThread] Found credentials from IAM Role: transcript-ec2-role
2026-04-30 11:52:03,368 [INFO] [MainThread] === retry_unfinalized starting ===
2026-04-30 11:52:03,368 [INFO] [MainThread] Scanning temp/live-doc-history/ for unfinalized meetings...
2026-04-30 11:52:03,622 [INFO] [MainThread] Found 386 tracked, 386 finalized, 0 need retry
2026-04-30 11:52:03,623 [INFO] [MainThread] Nothing to retry. All tracked meetings are finalized.
2026-04-30 12:02:59,167 [INFO] [MainThread] Found credentials from IAM Role: transcript-ec2-role
2026-04-30 12:02:59,275 [INFO] [MainThread] === retry_unfinalized starting ===
2026-04-30 12:02:59,275 [INFO] [MainThread] Scanning temp/live-doc-history/ for unfinalized meetings...
2026-04-30 12:02:59,597 [INFO] [MainThread] Found 386 tracked, 386 finalized, 0 need retry
2026-04-30 12:02:59,597 [INFO] [MainThread] Nothing to retry. All tracked meetings are finalized.
2026-04-30 12:13:03,263 [INFO] [MainThread] Found credentials from IAM Role: transcript-ec2-role
2026-04-30 12:13:03,369 [INFO] [MainThread] === retry_unfinalized starting ===
2026-04-30 12:13:03,369 [INFO] [MainThread] Scanning temp/live-doc-history/ for unfinalized meetings...
2026-04-30 12:13:03,644 [INFO] [MainThread] Found 386 tracked, 386 finalized, 0 need retry
2026-04-30 12:13:03,644 [INFO] [MainThread] Nothing to retry. All tracked meetings are finalized.
2026-04-30 12:24:03,260 [INFO] [MainThread] Found credentials from IAM Role: transcript-ec2-role
2026-04-30 12:24:03,372 [INFO] [MainThread] === retry_unfinalized starting ===
2026-04-30 12:24:03,373 [INFO] [MainThread] Scanning temp/live-doc-history/ for unfinalized meetings...
2026-04-30 12:24:03,625 [INFO] [MainThread] Found 386 tracked, 386 finalized, 0 need retry
2026-04-30 12:24:03,626 [INFO] [MainThread] Nothing to retry. All tracked meetings are finalized.
2026-04-30 12:35:03,271 [INFO] [MainThread] Found credentials from IAM Role: transcript-ec2-role
2026-04-30 12:35:03,378 [INFO] [MainThread] === retry_unfinalized starting ===
2026-04-30 12:35:03,378 [INFO] [MainThread] Scanning temp/live-doc-history/ for unfinalized meetings...
2026-04-30 12:35:03,674 [INFO] [MainThread] Found 386 tracked, 386 finalized, 0 need retry
2026-04-30 12:35:03,674 [INFO] [MainThread] Nothing to retry. All tracked meetings are finalized.
2026-04-30 12:46:03,264 [INFO] [MainThread] Found credentials from IAM Role: transcript-ec2-role
2026-04-30 12:46:03,372 [INFO] [MainThread] === retry_unfinalized starting ===
2026-04-30 12:46:03,372 [INFO] [MainThread] Scanning temp/live-doc-history/ for unfinalized meetings...
2026-04-30 12:46:03,664 [INFO] [MainThread] Found 386 tracked, 386 finalized, 0 need retry
2026-04-30 12:46:03,664 [INFO] [MainThread] Nothing to retry. All tracked meetings are finalized.
2026-04-30 12:57:03,263 [INFO] [MainThread] Found credentials from IAM Role: transcript-ec2-role
2026-04-30 12:57:03,371 [INFO] [MainThread] === retry_unfinalized starting ===
2026-04-30 12:57:03,371 [INFO] [MainThread] Scanning temp/live-doc-history/ for unfinalized meetings...
2026-04-30 12:57:03,648 [INFO] [MainThread] Found 386 tracked, 386 finalized, 0 need retry
2026-04-30 12:57:03,649 [INFO] [MainThread] Nothing to retry. All tracked meetings are finalized.
2026-04-30 13:08:03,263 [INFO] [MainThread] Found credentials from IAM Role: transcript-ec2-role
2026-04-30 13:08:03,371 [INFO] [MainThread] === retry_unfinalized starting ===
2026-04-30 13:08:03,371 [INFO] [MainThread] Scanning temp/live-doc-history/ for unfinalized meetings...
2026-04-30 13:08:03,670 [INFO] [MainThread] Found 386 tracked, 386 finalized, 0 need retry
2026-04-30 13:08:03,670 [INFO] [MainThread] Nothing to retry. All tracked meetings are finalized.
2026-04-30 13:19:03,283 [INFO] [MainThread] Found credentials from IAM Role: transcript-ec2-role
2026-04-30 13:19:03,394 [INFO] [MainThread] === retry_unfinalized starting ===
2026-04-30 13:19:03,394 [INFO] [MainThread] Scanning temp/live-doc-history/ for unfinalized meetings...
2026-04-30 13:19:03,662 [INFO] [MainThread] Found 387 tracked, 386 finalized, 1 need retry
2026-04-30 13:19:03,663 [INFO] [MainThread] Retrying 1 meetings with 20 parallel workers...
2026-04-30 13:19:13,889 [INFO] [MainThread] SKIP  93308280756 — recording not in S3 yet
2026-04-30 13:19:13,889 [INFO] [MainThread] 
=== retry_unfinalized complete ===
  Finalized:     0
  No doc.txt:    0
  Still skipped: 1 (recording not in S3 yet)
  Errors:        0

2026-04-30 13:30:02,322 [INFO] [MainThread] Found credentials from IAM Role: transcript-ec2-role
2026-04-30 13:30:02,432 [INFO] [MainThread] === retry_unfinalized starting ===
2026-04-30 13:30:02,433 [INFO] [MainThread] Scanning temp/live-doc-history/ for unfinalized meetings...
2026-04-30 13:30:02,748 [INFO] [MainThread] Found 387 tracked, 386 finalized, 1 need retry
2026-04-30 13:30:02,749 [INFO] [MainThread] Retrying 1 meetings with 20 parallel workers...
2026-04-30 13:30:15,459 [INFO] [MainThread] SKIP  93308280756 — recording not in S3 yet
2026-04-30 13:30:15,459 [INFO] [MainThread] 
=== retry_unfinalized complete ===
  Finalized:     0
  No doc.txt:    0
  Still skipped: 1 (recording not in S3 yet)
  Errors:        0

2026-04-30 13:40:03,252 [INFO] [MainThread] Found credentials from IAM Role: transcript-ec2-role
2026-04-30 13:40:03,361 [INFO] [MainThread] === retry_unfinalized starting ===
2026-04-30 13:40:03,362 [INFO] [MainThread] Scanning temp/live-doc-history/ for unfinalized meetings...
2026-04-30 13:40:03,688 [INFO] [MainThread] Found 387 tracked, 386 finalized, 1 need retry
2026-04-30 13:40:03,688 [INFO] [MainThread] Retrying 1 meetings with 20 parallel workers...
2026-04-30 13:40:15,184 [INFO] [MainThread] SKIP  93308280756 — recording not in S3 yet
2026-04-30 13:40:15,184 [INFO] [MainThread] 
=== retry_unfinalized complete ===
  Finalized:     0
  No doc.txt:    0
  Still skipped: 1 (recording not in S3 yet)
  Errors:        0

2026-04-30 13:50:04,310 [INFO] [MainThread] Found credentials from IAM Role: transcript-ec2-role
2026-04-30 13:50:04,416 [INFO] [MainThread] === retry_unfinalized starting ===
2026-04-30 13:50:04,416 [INFO] [MainThread] Scanning temp/live-doc-history/ for unfinalized meetings...
2026-04-30 13:50:04,732 [INFO] [MainThread] Found 389 tracked, 386 finalized, 3 need retry
2026-04-30 13:50:04,732 [INFO] [MainThread] Retrying 3 meetings with 20 parallel workers...
2026-04-30 13:50:23,838 [INFO] [MainThread] SKIP  99715183879 — recording not in S3 yet
2026-04-30 13:50:23,985 [INFO] [MainThread] SKIP  93308280756 — recording not in S3 yet
2026-04-30 13:50:24,024 [INFO] [MainThread] SKIP  96867254783 — recording not in S3 yet
2026-04-30 13:50:24,025 [INFO] [MainThread] 
=== retry_unfinalized complete ===
  Finalized:     0
  No doc.txt:    0
  Still skipped: 3 (recording not in S3 yet)
  Errors:        0

2026-04-30 14:00:12,531 [INFO] [MainThread] Found credentials from IAM Role: transcript-ec2-role
2026-04-30 14:00:12,648 [INFO] [MainThread] === retry_unfinalized starting ===
2026-04-30 14:00:12,648 [INFO] [MainThread] Scanning temp/live-doc-history/ for unfinalized meetings...
2026-04-30 14:00:12,951 [INFO] [MainThread] Found 389 tracked, 387 finalized, 2 need retry
2026-04-30 14:00:12,951 [INFO] [MainThread] Retrying 2 meetings with 20 parallel workers...
2026-04-30 14:00:25,445 [INFO] [MainThread] SKIP  96867254783 — recording not in S3 yet
2026-04-30 14:00:25,520 [INFO] [MainThread] SKIP  99715183879 — recording not in S3 yet
2026-04-30 14:00:25,521 [INFO] [MainThread] 
=== retry_unfinalized complete ===
  Finalized:     0
  No doc.txt:    0
  Still skipped: 2 (recording not in S3 yet)
  Errors:        0

2026-04-30 14:11:03,263 [INFO] [MainThread] Found credentials from IAM Role: transcript-ec2-role
2026-04-30 14:11:03,372 [INFO] [MainThread] === retry_unfinalized starting ===
2026-04-30 14:11:03,372 [INFO] [MainThread] Scanning temp/live-doc-history/ for unfinalized meetings...
2026-04-30 14:11:03,635 [INFO] [MainThread] Found 389 tracked, 387 finalized, 2 need retry
2026-04-30 14:11:03,635 [INFO] [MainThread] Retrying 2 meetings with 20 parallel workers...
2026-04-30 14:11:16,437 [INFO] [MainThread] SKIP  96867254783 — recording not in S3 yet
2026-04-30 14:11:16,510 [INFO] [MainThread] SKIP  99715183879 — recording not in S3 yet
2026-04-30 14:11:16,510 [INFO] [MainThread] 
=== retry_unfinalized complete ===
  Finalized:     0
  No doc.txt:    0
  Still skipped: 2 (recording not in S3 yet)
  Errors:        0

2026-04-30 14:22:03,325 [INFO] [MainThread] Found credentials from IAM Role: transcript-ec2-role
2026-04-30 14:22:03,442 [INFO] [MainThread] === retry_unfinalized starting ===
2026-04-30 14:22:03,442 [INFO] [MainThread] Scanning temp/live-doc-history/ for unfinalized meetings...
2026-04-30 14:22:03,720 [INFO] [MainThread] Found 390 tracked, 387 finalized, 3 need retry
2026-04-30 14:22:03,721 [INFO] [MainThread] Retrying 3 meetings with 20 parallel workers...
2026-04-30 14:22:22,867 [INFO] [MainThread] SKIP  92963230695 — recording not in S3 yet
2026-04-30 14:22:22,977 [INFO] [MainThread] SKIP  96867254783 — recording not in S3 yet
2026-04-30 14:22:23,053 [INFO] [MainThread] SKIP  99715183879 — recording not in S3 yet
2026-04-30 14:22:23,054 [INFO] [MainThread] 
=== retry_unfinalized complete ===
  Finalized:     0
  No doc.txt:    0
  Still skipped: 3 (recording not in S3 yet)
  Errors:        0

2026-04-30 14:33:03,300 [INFO] [MainThread] Found credentials from IAM Role: transcript-ec2-role
2026-04-30 14:33:03,413 [INFO] [MainThread] === retry_unfinalized starting ===
2026-04-30 14:33:03,413 [INFO] [MainThread] Scanning temp/live-doc-history/ for unfinalized meetings...
2026-04-30 14:33:03,736 [INFO] [MainThread] Found 391 tracked, 387 finalized, 4 need retry
2026-04-30 14:33:03,736 [INFO] [MainThread] Retrying 4 meetings with 20 parallel workers...
2026-04-30 14:33:30,458 [INFO] [MainThread] SKIP  92963230695 — recording not in S3 yet
2026-04-30 14:33:30,920 [INFO] [MainThread] SKIP  91943404602 — recording not in S3 yet
2026-04-30 14:33:31,068 [INFO] [MainThread] SKIP  96867254783 — recording not in S3 yet
2026-04-30 14:33:31,141 [INFO] [MainThread] SKIP  99715183879 — recording not in S3 yet
2026-04-30 14:33:31,141 [INFO] [MainThread] 
=== retry_unfinalized complete ===
  Finalized:     0
  No doc.txt:    0
  Still skipped: 4 (recording not in S3 yet)
  Errors:        0

2026-04-30 14:44:03,283 [INFO] [MainThread] Found credentials from IAM Role: transcript-ec2-role
2026-04-30 14:44:03,393 [INFO] [MainThread] === retry_unfinalized starting ===
2026-04-30 14:44:03,393 [INFO] [MainThread] Scanning temp/live-doc-history/ for unfinalized meetings...
2026-04-30 14:44:03,698 [INFO] [MainThread] Found 392 tracked, 389 finalized, 3 need retry
2026-04-30 14:44:03,698 [INFO] [MainThread] Retrying 3 meetings with 20 parallel workers...
2026-04-30 14:44:22,461 [INFO] [MainThread] SKIP  92963230695 — recording not in S3 yet
2026-04-30 14:44:22,814 [INFO] [MainThread] SKIP  98697279276 — recording not in S3 yet
2026-04-30 14:44:22,908 [INFO] [MainThread] SKIP  96867254783 — recording not in S3 yet
2026-04-30 14:44:22,909 [INFO] [MainThread] 
=== retry_unfinalized complete ===
  Finalized:     0
  No doc.txt:    0
  Still skipped: 3 (recording not in S3 yet)
  Errors:        0

2026-04-30 14:55:03,272 [INFO] [MainThread] Found credentials from IAM Role: transcript-ec2-role
2026-04-30 14:55:03,386 [INFO] [MainThread] === retry_unfinalized starting ===
2026-04-30 14:55:03,386 [INFO] [MainThread] Scanning temp/live-doc-history/ for unfinalized meetings...
2026-04-30 14:55:03,661 [INFO] [MainThread] Found 396 tracked, 391 finalized, 5 need retry
2026-04-30 14:55:03,662 [INFO] [MainThread] Retrying 5 meetings with 20 parallel workers...
2026-04-30 14:55:37,666 [INFO] [MainThread] SKIP  95316977937 — recording not in S3 yet
2026-04-30 14:55:38,181 [INFO] [MainThread] SKIP  91921619836 — recording not in S3 yet
2026-04-30 14:55:38,573 [INFO] [MainThread] SKIP  99849715056 — recording not in S3 yet
2026-04-30 14:55:38,614 [INFO] [MainThread] SKIP  98989692085 — recording not in S3 yet
2026-04-30 14:55:38,782 [INFO] [MainThread] SKIP  92963230695 — recording not in S3 yet
2026-04-30 14:55:38,783 [INFO] [MainThread] 
=== retry_unfinalized complete ===
  Finalized:     0
  No doc.txt:    0
  Still skipped: 5 (recording not in S3 yet)
  Errors:        0

2026-04-30 15:06:03,260 [INFO] [MainThread] Found credentials from IAM Role: transcript-ec2-role
2026-04-30 15:06:03,369 [INFO] [MainThread] === retry_unfinalized starting ===
2026-04-30 15:06:03,369 [INFO] [MainThread] Scanning temp/live-doc-history/ for unfinalized meetings...
2026-04-30 15:06:03,761 [INFO] [MainThread] Found 397 tracked, 391 finalized, 6 need retry
2026-04-30 15:06:03,761 [INFO] [MainThread] Retrying 6 meetings with 20 parallel workers...
2026-04-30 15:06:44,349 [INFO] [MainThread] SKIP  95316977937 — recording not in S3 yet
2026-04-30 15:06:45,173 [INFO] [MainThread] SKIP  91921619836 — recording not in S3 yet
2026-04-30 15:06:45,511 [INFO] [MainThread] SKIP  96960860093 — recording not in S3 yet
2026-04-30 15:06:45,551 [INFO] [MainThread] SKIP  98989692085 — recording not in S3 yet
2026-04-30 15:06:45,663 [INFO] [MainThread] SKIP  99849715056 — recording not in S3 yet
2026-04-30 15:06:45,767 [INFO] [MainThread] SKIP  92963230695 — recording not in S3 yet
2026-04-30 15:06:45,767 [INFO] [MainThread] 
=== retry_unfinalized complete ===
  Finalized:     0
  No doc.txt:    0
  Still skipped: 6 (recording not in S3 yet)
  Errors:        0

2026-04-30 15:17:03,275 [INFO] [MainThread] Found credentials from IAM Role: transcript-ec2-role
2026-04-30 15:17:03,404 [INFO] [MainThread] === retry_unfinalized starting ===
2026-04-30 15:17:03,404 [INFO] [MainThread] Scanning temp/live-doc-history/ for unfinalized meetings...
2026-04-30 15:17:03,662 [INFO] [MainThread] Found 399 tracked, 392 finalized, 7 need retry
2026-04-30 15:17:03,663 [INFO] [MainThread] Retrying 7 meetings with 20 parallel workers...
2026-04-30 15:17:53,503 [INFO] [MainThread] SKIP  96960860093 — recording not in S3 yet
2026-04-30 15:17:53,928 [INFO] [MainThread] SKIP  95316977937 — recording not in S3 yet
2026-04-30 15:17:53,980 [INFO] [MainThread] SKIP  99849715056 — recording not in S3 yet
2026-04-30 15:17:54,204 [INFO] [MainThread] SKIP  94921999817 — recording not in S3 yet
2026-04-30 15:17:54,274 [INFO] [MainThread] SKIP  91921619836 — recording not in S3 yet
2026-04-30 15:17:54,341 [INFO] [MainThread] SKIP  91826692739 — recording not in S3 yet
2026-04-30 15:17:54,415 [INFO] [MainThread] SKIP  98989692085 — recording not in S3 yet
2026-04-30 15:17:54,415 [INFO] [MainThread] 
=== retry_unfinalized complete ===
  Finalized:     0
  No doc.txt:    0
  Still skipped: 7 (recording not in S3 yet)
  Errors:        0

2026-04-30 15:27:56,580 [INFO] [MainThread] Found credentials from IAM Role: transcript-ec2-role
2026-04-30 15:27:56,691 [INFO] [MainThread] === retry_unfinalized starting ===
2026-04-30 15:27:56,691 [INFO] [MainThread] Scanning temp/live-doc-history/ for unfinalized meetings...
2026-04-30 15:27:56,959 [INFO] [MainThread] Found 401 tracked, 394 finalized, 7 need retry
2026-04-30 15:27:56,960 [INFO] [MainThread] Retrying 7 meetings with 20 parallel workers...
2026-04-30 15:28:45,602 [INFO] [MainThread] SKIP  91826692739 — recording not in S3 yet
2026-04-30 15:28:46,300 [INFO] [MainThread] SKIP  99849715056 — recording not in S3 yet
2026-04-30 15:28:46,588 [INFO] [MainThread] SKIP  99629424010 — recording not in S3 yet
2026-04-30 15:28:46,604 [INFO] [MainThread] SKIP  91921619836 — recording not in S3 yet
2026-04-30 15:28:46,644 [INFO] [MainThread] SKIP  94921999817 — recording not in S3 yet
2026-04-30 15:28:46,722 [INFO] [MainThread] SKIP  96660011720 — recording not in S3 yet
2026-04-30 15:28:46,814 [INFO] [MainThread] SKIP  96960860093 — recording not in S3 yet
2026-04-30 15:28:46,815 [INFO] [MainThread] 
=== retry_unfinalized complete ===
  Finalized:     0
  No doc.txt:    0
  Still skipped: 7 (recording not in S3 yet)
  Errors:        0

2026-04-30 15:38:03,252 [INFO] [MainThread] Found credentials from IAM Role: transcript-ec2-role
2026-04-30 15:38:03,360 [INFO] [MainThread] === retry_unfinalized starting ===
2026-04-30 15:38:03,360 [INFO] [MainThread] Scanning temp/live-doc-history/ for unfinalized meetings...
2026-04-30 15:38:03,636 [INFO] [MainThread] Found 402 tracked, 397 finalized, 5 need retry
2026-04-30 15:38:03,637 [INFO] [MainThread] Retrying 5 meetings with 20 parallel workers...
2026-04-30 15:38:37,207 [INFO] [MainThread] SKIP  96660011720 — recording not in S3 yet
2026-04-30 15:38:37,585 [INFO] [MainThread] SKIP  94921999817 — recording not in S3 yet
2026-04-30 15:38:37,751 [INFO] [MainThread] SKIP  91826692739 — recording not in S3 yet
2026-04-30 15:38:37,995 [INFO] [MainThread] SKIP  99629424010 — recording not in S3 yet
2026-04-30 15:38:38,159 [INFO] [MainThread] SKIP  93734502483 — recording not in S3 yet
2026-04-30 15:38:38,160 [INFO] [MainThread] 
=== retry_unfinalized complete ===
  Finalized:     0
  No doc.txt:    0
  Still skipped: 5 (recording not in S3 yet)
  Errors:        0

2026-04-30 15:49:03,309 [INFO] [MainThread] Found credentials from IAM Role: transcript-ec2-role
2026-04-30 15:49:03,429 [INFO] [MainThread] === retry_unfinalized starting ===
2026-04-30 15:49:03,429 [INFO] [MainThread] Scanning temp/live-doc-history/ for unfinalized meetings...
2026-04-30 15:49:03,718 [INFO] [MainThread] Found 406 tracked, 397 finalized, 9 need retry
2026-04-30 15:49:03,718 [INFO] [MainThread] Retrying 9 meetings with 20 parallel workers...
2026-04-30 15:50:07,331 [INFO] [MainThread] SKIP  94432416347 — recording not in S3 yet
2026-04-30 15:50:08,606 [INFO] [MainThread] SKIP  91826692739 — recording not in S3 yet
2026-04-30 15:50:09,010 [INFO] [MainThread] SKIP  94921999817 — recording not in S3 yet
2026-04-30 15:50:09,380 [INFO] [MainThread] SKIP  93734502483 — recording not in S3 yet
2026-04-30 15:50:09,470 [INFO] [MainThread] SKIP  96660011720 — recording not in S3 yet
2026-04-30 15:50:09,504 [INFO] [MainThread] SKIP  92361731568 — recording not in S3 yet
2026-04-30 15:50:09,612 [INFO] [MainThread] SKIP  98943469331 — recording not in S3 yet
2026-04-30 15:50:09,689 [INFO] [MainThread] SKIP  93900893437 — recording not in S3 yet
2026-04-30 15:50:09,798 [INFO] [MainThread] SKIP  99629424010 — recording not in S3 yet
2026-04-30 15:50:09,799 [INFO] [MainThread] 
=== retry_unfinalized complete ===
  Finalized:     0
  No doc.txt:    0
  Still skipped: 9 (recording not in S3 yet)
  Errors:        0

2026-04-30 16:00:01,477 [INFO] [MainThread] Found credentials from IAM Role: transcript-ec2-role
2026-04-30 16:00:01,591 [INFO] [MainThread] === retry_unfinalized starting ===
2026-04-30 16:00:01,591 [INFO] [MainThread] Scanning temp/live-doc-history/ for unfinalized meetings...
2026-04-30 16:00:01,925 [INFO] [MainThread] Found 411 tracked, 400 finalized, 11 need retry
2026-04-30 16:00:01,925 [INFO] [MainThread] Retrying 11 meetings with 20 parallel workers...
2026-04-30 16:01:22,035 [INFO] [MainThread] SKIP  94432416347 — recording not in S3 yet
2026-04-30 16:01:22,220 [INFO] [MainThread] SKIP  98331583844 — recording not in S3 yet
2026-04-30 16:01:22,573 [INFO] [MainThread] SKIP  96660011720 — recording not in S3 yet
2026-04-30 16:01:22,720 [INFO] [MainThread] SKIP  93655773925 — recording not in S3 yet
2026-04-30 16:01:23,363 [INFO] [MainThread] SKIP  94921999817 — recording not in S3 yet
2026-04-30 16:01:23,833 [INFO] [MainThread] SKIP  92361731568 — recording not in S3 yet
2026-04-30 16:01:24,220 [INFO] [MainThread] SKIP  92048211699 — recording not in S3 yet
2026-04-30 16:01:24,431 [INFO] [MainThread] SKIP  99295273278 — recording not in S3 yet
2026-04-30 16:01:24,561 [INFO] [MainThread] SKIP  98943469331 — recording not in S3 yet
2026-04-30 16:01:24,646 [INFO] [MainThread] SKIP  93734502483 — recording not in S3 yet
2026-04-30 16:01:24,646 [WARNING] [retry_4] Connection pool is full, discarding connection: zoom-automation-bucket.s3.amazonaws.com. Connection pool size: 10
2026-04-30 16:01:24,726 [INFO] [MainThread] SKIP  93900893437 — recording not in S3 yet
2026-04-30 16:01:24,728 [INFO] [MainThread] 
=== retry_unfinalized complete ===
  Finalized:     0
  No doc.txt:    0
  Still skipped: 11 (recording not in S3 yet)
  Errors:        0

2026-04-30 16:10:02,044 [INFO] [MainThread] Found credentials from IAM Role: transcript-ec2-role
2026-04-30 16:10:02,161 [INFO] [MainThread] === retry_unfinalized starting ===
2026-04-30 16:10:02,162 [INFO] [MainThread] Scanning temp/live-doc-history/ for unfinalized meetings...
2026-04-30 16:10:02,559 [INFO] [MainThread] Found 412 tracked, 400 finalized, 12 need retry
2026-04-30 16:10:02,559 [INFO] [MainThread] Retrying 12 meetings with 20 parallel workers...
2026-04-30 16:11:28,072 [INFO] [MainThread] SKIP  93734502483 — recording not in S3 yet
2026-04-30 16:11:28,771 [INFO] [MainThread] SKIP  92048211699 — recording not in S3 yet
2026-04-30 16:11:30,200 [INFO] [MainThread] SKIP  92361731568 — recording not in S3 yet
2026-04-30 16:11:30,452 [INFO] [MainThread] SKIP  94432416347 — recording not in S3 yet
2026-04-30 16:11:30,462 [INFO] [MainThread] SKIP  98943469331 — recording not in S3 yet
2026-04-30 16:11:30,666 [INFO] [MainThread] SKIP  93900893437 — recording not in S3 yet
2026-04-30 16:11:30,844 [INFO] [MainThread] SKIP  94921999817 — recording not in S3 yet
2026-04-30 16:11:30,865 [INFO] [MainThread] SKIP  99295273278 — recording not in S3 yet
2026-04-30 16:11:31,047 [INFO] [MainThread] SKIP  93655773925 — recording not in S3 yet
2026-04-30 16:11:31,049 [INFO] [MainThread] SKIP  96660011720 — recording not in S3 yet
2026-04-30 16:11:31,050 [WARNING] [retry_9] Connection pool is full, discarding connection: zoom-automation-bucket.s3.amazonaws.com. Connection pool size: 10
2026-04-30 16:11:31,308 [WARNING] [retry_9] Connection pool is full, discarding connection: zoom-automation-bucket.s3.amazonaws.com. Connection pool size: 10
2026-04-30 16:11:31,518 [INFO] [MainThread] SKIP  98331583844 — recording not in S3 yet
2026-04-30 16:11:31,591 [INFO] [MainThread] SKIP  93061703615 — recording not in S3 yet
2026-04-30 16:11:31,593 [INFO] [MainThread] 
=== retry_unfinalized complete ===
  Finalized:     0
  No doc.txt:    0
  Still skipped: 12 (recording not in S3 yet)
  Errors:        0

2026-04-30 16:20:03,266 [INFO] [MainThread] Found credentials from IAM Role: transcript-ec2-role
2026-04-30 16:20:03,375 [INFO] [MainThread] === retry_unfinalized starting ===
2026-04-30 16:20:03,375 [INFO] [MainThread] Scanning temp/live-doc-history/ for unfinalized meetings...
2026-04-30 16:20:03,688 [INFO] [MainThread] Found 412 tracked, 402 finalized, 10 need retry
2026-04-30 16:20:03,689 [INFO] [MainThread] Retrying 10 meetings with 20 parallel workers...
2026-04-30 16:21:16,319 [INFO] [MainThread] SKIP  93655773925 — recording not in S3 yet
2026-04-30 16:21:16,345 [INFO] [MainThread] SKIP  98943469331 — recording not in S3 yet
2026-04-30 16:21:16,405 [INFO] [MainThread] SKIP  96660011720 — recording not in S3 yet
2026-04-30 16:21:17,361 [INFO] [MainThread] SKIP  92361731568 — recording not in S3 yet
2026-04-30 16:21:17,535 [INFO] [MainThread] SKIP  93061703615 — recording not in S3 yet
2026-04-30 16:21:17,638 [INFO] [MainThread] SKIP  94921999817 — recording not in S3 yet
2026-04-30 16:21:17,907 [INFO] [MainThread] SKIP  92048211699 — recording not in S3 yet
2026-04-30 16:21:18,002 [INFO] [MainThread] SKIP  98331583844 — recording not in S3 yet
2026-04-30 16:21:18,095 [INFO] [MainThread] SKIP  99295273278 — recording not in S3 yet
2026-04-30 16:21:18,311 [INFO] [MainThread] SKIP  93900893437 — recording not in S3 yet
2026-04-30 16:21:18,312 [INFO] [MainThread] 
=== retry_unfinalized complete ===
  Finalized:     0
  No doc.txt:    0
  Still skipped: 10 (recording not in S3 yet)
  Errors:        0

2026-04-30 16:30:12,540 [INFO] [MainThread] Found credentials from IAM Role: transcript-ec2-role
2026-04-30 16:30:12,651 [INFO] [MainThread] === retry_unfinalized starting ===
2026-04-30 16:30:12,651 [INFO] [MainThread] Scanning temp/live-doc-history/ for unfinalized meetings...
2026-04-30 16:30:12,992 [INFO] [MainThread] Found 412 tracked, 408 finalized, 4 need retry
2026-04-30 16:30:12,992 [INFO] [MainThread] Retrying 4 meetings with 20 parallel workers...
2026-04-30 16:30:38,889 [INFO] [MainThread] SKIP  98943469331 — recording not in S3 yet
2026-04-30 16:30:39,122 [INFO] [MainThread] SKIP  92048211699 — recording not in S3 yet
2026-04-30 16:30:39,256 [INFO] [MainThread] SKIP  93061703615 — recording not in S3 yet
2026-04-30 16:30:39,428 [INFO] [MainThread] SKIP  94921999817 — recording not in S3 yet
2026-04-30 16:30:39,428 [INFO] [MainThread] 
=== retry_unfinalized complete ===
  Finalized:     0
  No doc.txt:    0
  Still skipped: 4 (recording not in S3 yet)
  Errors:        0

2026-04-30 16:40:34,639 [INFO] [MainThread] Found credentials from IAM Role: transcript-ec2-role
2026-04-30 16:40:34,751 [INFO] [MainThread] === retry_unfinalized starting ===
2026-04-30 16:40:34,751 [INFO] [MainThread] Scanning temp/live-doc-history/ for unfinalized meetings...
2026-04-30 16:40:35,086 [INFO] [MainThread] Found 413 tracked, 408 finalized, 5 need retry
2026-04-30 16:40:35,086 [INFO] [MainThread] Retrying 5 meetings with 20 parallel workers...
2026-04-30 16:41:09,702 [INFO] [MainThread] SKIP  94473332654 — recording not in S3 yet
2026-04-30 16:41:09,994 [INFO] [MainThread] SKIP  93061703615 — recording not in S3 yet
2026-04-30 16:41:10,109 [INFO] [MainThread] SKIP  92048211699 — recording not in S3 yet
2026-04-30 16:41:10,524 [INFO] [MainThread] SKIP  98943469331 — recording not in S3 yet
2026-04-30 16:41:10,610 [INFO] [MainThread] SKIP  94921999817 — recording not in S3 yet
2026-04-30 16:41:10,611 [INFO] [MainThread] 
=== retry_unfinalized complete ===
  Finalized:     0
  No doc.txt:    0
  Still skipped: 5 (recording not in S3 yet)
  Errors:        0

2026-04-30 16:51:03,260 [INFO] [MainThread] Found credentials from IAM Role: transcript-ec2-role
2026-04-30 16:51:03,371 [INFO] [MainThread] === retry_unfinalized starting ===
2026-04-30 16:51:03,372 [INFO] [MainThread] Scanning temp/live-doc-history/ for unfinalized meetings...
2026-04-30 16:51:03,660 [INFO] [MainThread] Found 417 tracked, 411 finalized, 6 need retry
2026-04-30 16:51:03,660 [INFO] [MainThread] Retrying 6 meetings with 20 parallel workers...
2026-04-30 16:51:46,740 [INFO] [MainThread] SKIP  91852872916 — recording not in S3 yet
2026-04-30 16:51:47,047 [INFO] [MainThread] SKIP  93061703615 — recording not in S3 yet
2026-04-30 16:51:47,104 [INFO] [MainThread] SKIP  96313070283 — recording not in S3 yet
2026-04-30 16:51:47,733 [INFO] [MainThread] SKIP  94473332654 — recording not in S3 yet
2026-04-30 16:51:47,901 [INFO] [MainThread] SKIP  92667368338 — recording not in S3 yet
2026-04-30 16:51:47,924 [INFO] [MainThread] SKIP  99005895293 — recording not in S3 yet
2026-04-30 16:51:47,925 [INFO] [MainThread] 
=== retry_unfinalized complete ===
  Finalized:     0
  No doc.txt:    0
  Still skipped: 6 (recording not in S3 yet)
  Errors:        0

2026-04-30 17:02:03,277 [INFO] [MainThread] Found credentials from IAM Role: transcript-ec2-role
2026-04-30 17:02:03,388 [INFO] [MainThread] === retry_unfinalized starting ===
2026-04-30 17:02:03,388 [INFO] [MainThread] Scanning temp/live-doc-history/ for unfinalized meetings...
2026-04-30 17:02:03,725 [INFO] [MainThread] Found 421 tracked, 413 finalized, 8 need retry
2026-04-30 17:02:03,726 [INFO] [MainThread] Retrying 8 meetings with 20 parallel workers...
2026-04-30 17:03:01,335 [INFO] [MainThread] SKIP  92015555705 — recording not in S3 yet
2026-04-30 17:03:01,397 [INFO] [MainThread] SKIP  96313070283 — recording not in S3 yet
2026-04-30 17:03:01,548 [INFO] [MainThread] SKIP  94301566020 — recording not in S3 yet
2026-04-30 17:03:01,597 [INFO] [MainThread] SKIP  99633876491 — recording not in S3 yet
2026-04-30 17:03:01,825 [INFO] [MainThread] SKIP  91852872916 — recording not in S3 yet
2026-04-30 17:03:01,929 [INFO] [MainThread] SKIP  92667368338 — recording not in S3 yet
2026-04-30 17:03:02,041 [INFO] [MainThread] SKIP  96872101658 — recording not in S3 yet
2026-04-30 17:03:02,226 [INFO] [MainThread] SKIP  99005895293 — recording not in S3 yet
2026-04-30 17:03:02,227 [INFO] [MainThread] 
=== retry_unfinalized complete ===
  Finalized:     0
  No doc.txt:    0
  Still skipped: 8 (recording not in S3 yet)
  Errors:        0

2026-04-30 17:13:03,279 [INFO] [MainThread] Found credentials from IAM Role: transcript-ec2-role
2026-04-30 17:13:03,393 [INFO] [MainThread] === retry_unfinalized starting ===
2026-04-30 17:13:03,394 [INFO] [MainThread] Scanning temp/live-doc-history/ for unfinalized meetings...
2026-04-30 17:13:03,760 [INFO] [MainThread] Found 422 tracked, 413 finalized, 9 need retry
2026-04-30 17:13:03,761 [INFO] [MainThread] Retrying 9 meetings with 20 parallel workers...
2026-04-30 17:14:09,197 [INFO] [MainThread] SKIP  94301566020 — recording not in S3 yet
2026-04-30 17:14:09,365 [INFO] [MainThread] SKIP  91852872916 — recording not in S3 yet
2026-04-30 17:14:09,367 [INFO] [MainThread] SKIP  95068387131 — recording not in S3 yet
2026-04-30 17:14:09,927 [INFO] [MainThread] SKIP  92667368338 — recording not in S3 yet
2026-04-30 17:14:09,927 [INFO] [MainThread] SKIP  96313070283 — recording not in S3 yet
2026-04-30 17:14:10,030 [INFO] [MainThread] SKIP  99005895293 — recording not in S3 yet
2026-04-30 17:14:10,120 [INFO] [MainThread] SKIP  92015555705 — recording not in S3 yet
2026-04-30 17:14:10,271 [INFO] [MainThread] SKIP  96872101658 — recording not in S3 yet
2026-04-30 17:14:10,368 [INFO] [MainThread] SKIP  99633876491 — recording not in S3 yet
2026-04-30 17:14:10,370 [INFO] [MainThread] 
=== retry_unfinalized complete ===
  Finalized:     0
  No doc.txt:    0
  Still skipped: 9 (recording not in S3 yet)
  Errors:        0

2026-04-30 17:24:03,276 [INFO] [MainThread] Found credentials from IAM Role: transcript-ec2-role
2026-04-30 17:24:03,387 [INFO] [MainThread] === retry_unfinalized starting ===
2026-04-30 17:24:03,388 [INFO] [MainThread] Scanning temp/live-doc-history/ for unfinalized meetings...
2026-04-30 17:24:03,677 [INFO] [MainThread] Found 423 tracked, 417 finalized, 6 need retry
2026-04-30 17:24:03,677 [INFO] [MainThread] Retrying 6 meetings with 20 parallel workers...
2026-04-30 17:24:48,757 [INFO] [MainThread] SKIP  92015555705 — recording not in S3 yet
2026-04-30 17:24:49,246 [INFO] [MainThread] SKIP  96313070283 — recording not in S3 yet
2026-04-30 17:24:49,569 [INFO] [MainThread] SKIP  91852872916 — recording not in S3 yet
2026-04-30 17:24:49,801 [INFO] [MainThread] SKIP  97031245206 — recording not in S3 yet
2026-04-30 17:24:49,962 [INFO] [MainThread] SKIP  94301566020 — recording not in S3 yet
2026-04-30 17:24:50,035 [INFO] [MainThread] SKIP  92667368338 — recording not in S3 yet
2026-04-30 17:24:50,036 [INFO] [MainThread] 
=== retry_unfinalized complete ===
  Finalized:     0
  No doc.txt:    0
  Still skipped: 6 (recording not in S3 yet)
  Errors:        0

2026-04-30 17:35:03,272 [INFO] [MainThread] Found credentials from IAM Role: transcript-ec2-role
2026-04-30 17:35:03,381 [INFO] [MainThread] === retry_unfinalized starting ===
2026-04-30 17:35:03,381 [INFO] [MainThread] Scanning temp/live-doc-history/ for unfinalized meetings...
2026-04-30 17:35:03,644 [INFO] [MainThread] Found 426 tracked, 418 finalized, 8 need retry
2026-04-30 17:35:03,645 [INFO] [MainThread] Retrying 8 meetings with 20 parallel workers...
2026-04-30 17:36:00,538 [INFO] [MainThread] SKIP  96313070283 — recording not in S3 yet
2026-04-30 17:36:00,561 [INFO] [MainThread] SKIP  92310155550 — recording not in S3 yet
2026-04-30 17:36:00,582 [INFO] [MainThread] SKIP  92015555705 — recording not in S3 yet
2026-04-30 17:36:01,070 [INFO] [MainThread] SKIP  94301566020 — recording not in S3 yet
2026-04-30 17:36:01,373 [INFO] [MainThread] SKIP  92667368338 — recording not in S3 yet
2026-04-30 17:36:01,458 [INFO] [MainThread] SKIP  98180589999 — recording not in S3 yet
2026-04-30 17:36:01,539 [INFO] [MainThread] SKIP  97031245206 — recording not in S3 yet
2026-04-30 17:36:01,614 [INFO] [MainThread] SKIP  94365281114 — recording not in S3 yet
2026-04-30 17:36:01,615 [INFO] [MainThread] 
=== retry_unfinalized complete ===
  Finalized:     0
  No doc.txt:    0
  Still skipped: 8 (recording not in S3 yet)
  Errors:        0

2026-04-30 17:45:54,389 [INFO] [MainThread] Found credentials from IAM Role: transcript-ec2-role
2026-04-30 17:45:54,496 [INFO] [MainThread] === retry_unfinalized starting ===
2026-04-30 17:45:54,496 [INFO] [MainThread] Scanning temp/live-doc-history/ for unfinalized meetings...
2026-04-30 17:45:54,796 [INFO] [MainThread] Found 426 tracked, 420 finalized, 6 need retry
2026-04-30 17:45:54,796 [INFO] [MainThread] Retrying 6 meetings with 20 parallel workers...
2026-04-30 17:46:37,627 [INFO] [MainThread] SKIP  94365281114 — recording not in S3 yet
2026-04-30 17:46:37,862 [INFO] [MainThread] SKIP  97031245206 — recording not in S3 yet
2026-04-30 17:46:37,919 [INFO] [MainThread] SKIP  92310155550 — recording not in S3 yet
2026-04-30 17:46:38,398 [INFO] [MainThread] SKIP  94301566020 — recording not in S3 yet
2026-04-30 17:46:38,497 [INFO] [MainThread] SKIP  98180589999 — recording not in S3 yet
2026-04-30 17:46:38,606 [INFO] [MainThread] SKIP  96313070283 — recording not in S3 yet
2026-04-30 17:46:38,607 [INFO] [MainThread] 
=== retry_unfinalized complete ===
  Finalized:     0
  No doc.txt:    0
  Still skipped: 6 (recording not in S3 yet)
  Errors:        0

2026-04-30 17:56:03,283 [INFO] [MainThread] Found credentials from IAM Role: transcript-ec2-role
2026-04-30 17:56:03,426 [INFO] [MainThread] === retry_unfinalized starting ===
2026-04-30 17:56:03,427 [INFO] [MainThread] Scanning temp/live-doc-history/ for unfinalized meetings...
2026-04-30 17:56:03,720 [INFO] [MainThread] Found 433 tracked, 423 finalized, 10 need retry
2026-04-30 17:56:03,721 [INFO] [MainThread] Retrying 10 meetings with 20 parallel workers...
2026-04-30 17:57:14,847 [INFO] [MainThread] SKIP  98074126305 — recording not in S3 yet
2026-04-30 17:57:16,611 [INFO] [MainThread] SKIP  96313070283 — recording not in S3 yet
2026-04-30 17:57:16,811 [INFO] [MainThread] SKIP  91907260797 — recording not in S3 yet
2026-04-30 17:57:17,868 [INFO] [MainThread] SKIP  92310155550 — recording not in S3 yet
2026-04-30 17:57:18,103 [INFO] [MainThread] SKIP  97150439446 — recording not in S3 yet
2026-04-30 17:57:18,131 [INFO] [MainThread] SKIP  94301566020 — recording not in S3 yet
2026-04-30 17:57:18,202 [INFO] [MainThread] SKIP  99056026161 — recording not in S3 yet
2026-04-30 17:57:18,448 [INFO] [MainThread] SKIP  99762707181 — recording not in S3 yet
2026-04-30 17:57:18,493 [INFO] [MainThread] SKIP  98523227823 — recording not in S3 yet
2026-04-30 17:57:18,678 [INFO] [MainThread] SKIP  97031245206 — recording not in S3 yet
2026-04-30 17:57:18,679 [INFO] [MainThread] 
=== retry_unfinalized complete ===
  Finalized:     0
  No doc.txt:    0
  Still skipped: 10 (recording not in S3 yet)
  Errors:        0

2026-04-30 18:07:03,298 [INFO] [MainThread] Found credentials from IAM Role: transcript-ec2-role
2026-04-30 18:07:03,410 [INFO] [MainThread] === retry_unfinalized starting ===
2026-04-30 18:07:03,410 [INFO] [MainThread] Scanning temp/live-doc-history/ for unfinalized meetings...
2026-04-30 18:07:03,734 [INFO] [MainThread] Found 433 tracked, 425 finalized, 8 need retry
2026-04-30 18:07:03,734 [INFO] [MainThread] Retrying 8 meetings with 20 parallel workers...
2026-04-30 18:08:01,207 [INFO] [MainThread] SKIP  99056026161 — recording not in S3 yet
2026-04-30 18:08:02,401 [INFO] [MainThread] SKIP  99762707181 — recording not in S3 yet
2026-04-30 18:08:02,577 [INFO] [MainThread] SKIP  94301566020 — recording not in S3 yet
2026-04-30 18:08:03,036 [INFO] [MainThread] SKIP  96313070283 — recording not in S3 yet
2026-04-30 18:08:03,120 [INFO] [MainThread] SKIP  92310155550 — recording not in S3 yet
2026-04-30 18:08:03,166 [INFO] [MainThread] SKIP  91907260797 — recording not in S3 yet
2026-04-30 18:08:03,247 [INFO] [MainThread] SKIP  97150439446 — recording not in S3 yet
2026-04-30 18:08:03,567 [INFO] [MainThread] SKIP  98523227823 — recording not in S3 yet
2026-04-30 18:08:03,568 [INFO] [MainThread] 
=== retry_unfinalized complete ===
  Finalized:     0
  No doc.txt:    0
  Still skipped: 8 (recording not in S3 yet)
  Errors:        0

2026-04-30 18:18:03,303 [INFO] [MainThread] Found credentials from IAM Role: transcript-ec2-role
2026-04-30 18:18:03,414 [INFO] [MainThread] === retry_unfinalized starting ===
2026-04-30 18:18:03,414 [INFO] [MainThread] Scanning temp/live-doc-history/ for unfinalized meetings...
2026-04-30 18:18:03,742 [INFO] [MainThread] Found 436 tracked, 426 finalized, 10 need retry
2026-04-30 18:18:03,742 [INFO] [MainThread] Retrying 10 meetings with 20 parallel workers...
2026-04-30 18:19:18,172 [INFO] [MainThread] SKIP  97150439446 — recording not in S3 yet
2026-04-30 18:19:18,184 [INFO] [MainThread] SKIP  99056026161 — recording not in S3 yet
2026-04-30 18:19:18,514 [INFO] [MainThread] SKIP  95010905029 — recording not in S3 yet
2026-04-30 18:19:18,681 [INFO] [MainThread] SKIP  96313070283 — recording not in S3 yet
2026-04-30 18:19:18,700 [INFO] [MainThread] SKIP  92310155550 — recording not in S3 yet
2026-04-30 18:19:18,933 [INFO] [MainThread] SKIP  99762707181 — recording not in S3 yet
2026-04-30 18:19:19,051 [INFO] [MainThread] SKIP  93719329009 — recording not in S3 yet
2026-04-30 18:19:19,137 [INFO] [MainThread] SKIP  98523227823 — recording not in S3 yet
2026-04-30 18:19:19,216 [INFO] [MainThread] SKIP  91907260797 — recording not in S3 yet
2026-04-30 18:19:19,289 [INFO] [MainThread] SKIP  94668563260 — recording not in S3 yet
2026-04-30 18:19:19,290 [INFO] [MainThread] 
=== retry_unfinalized complete ===
  Finalized:     0
  No doc.txt:    0
  Still skipped: 10 (recording not in S3 yet)
  Errors:        0

2026-04-30 18:29:03,274 [INFO] [MainThread] Found credentials from IAM Role: transcript-ec2-role
2026-04-30 18:29:03,386 [INFO] [MainThread] === retry_unfinalized starting ===
2026-04-30 18:29:03,386 [INFO] [MainThread] Scanning temp/live-doc-history/ for unfinalized meetings...
2026-04-30 18:29:03,768 [INFO] [MainThread] Found 438 tracked, 428 finalized, 10 need retry
2026-04-30 18:29:03,769 [INFO] [MainThread] Retrying 10 meetings with 20 parallel workers...
2026-04-30 18:30:16,230 [INFO] [MainThread] SKIP  91536824320 — recording not in S3 yet
2026-04-30 18:30:16,878 [INFO] [MainThread] SKIP  97150439446 — recording not in S3 yet
2026-04-30 18:30:17,182 [INFO] [MainThread] SKIP  99056026161 — recording not in S3 yet
2026-04-30 18:30:17,715 [INFO] [MainThread] SKIP  98523227823 — recording not in S3 yet
2026-04-30 18:30:17,864 [INFO] [MainThread] SKIP  91907260797 — recording not in S3 yet
2026-04-30 18:30:18,036 [INFO] [MainThread] SKIP  96313070283 — recording not in S3 yet
2026-04-30 18:30:18,111 [INFO] [MainThread] SKIP  93719329009 — recording not in S3 yet
2026-04-30 18:30:18,287 [INFO] [MainThread] SKIP  92310155550 — recording not in S3 yet
2026-04-30 18:30:18,440 [INFO] [MainThread] SKIP  96378612539 — recording not in S3 yet
2026-04-30 18:30:18,514 [INFO] [MainThread] SKIP  94668563260 — recording not in S3 yet
2026-04-30 18:30:18,516 [INFO] [MainThread] 
=== retry_unfinalized complete ===
  Finalized:     0
  No doc.txt:    0
  Still skipped: 10 (recording not in S3 yet)
  Errors:        0

2026-04-30 18:40:01,959 [INFO] [MainThread] Found credentials from IAM Role: transcript-ec2-role
2026-04-30 18:40:02,089 [INFO] [MainThread] === retry_unfinalized starting ===
2026-04-30 18:40:02,089 [INFO] [MainThread] Scanning temp/live-doc-history/ for unfinalized meetings...
2026-04-30 18:40:02,411 [INFO] [MainThread] Found 439 tracked, 428 finalized, 11 need retry
2026-04-30 18:40:02,411 [INFO] [MainThread] Retrying 11 meetings with 20 parallel workers...
2026-04-30 18:41:21,721 [INFO] [MainThread] SKIP  92310155550 — recording not in S3 yet
2026-04-30 18:41:22,701 [INFO] [MainThread] SKIP  96378612539 — recording not in S3 yet
2026-04-30 18:41:23,127 [INFO] [MainThread] SKIP  93719329009 — recording not in S3 yet
2026-04-30 18:41:23,213 [INFO] [MainThread] SKIP  94668563260 — recording not in S3 yet
2026-04-30 18:41:23,876 [INFO] [MainThread] SKIP  97693563124 — recording not in S3 yet
2026-04-30 18:41:23,966 [INFO] [MainThread] SKIP  97150439446 — recording not in S3 yet
2026-04-30 18:41:24,095 [INFO] [MainThread] SKIP  99056026161 — recording not in S3 yet
2026-04-30 18:41:24,287 [INFO] [MainThread] SKIP  91907260797 — recording not in S3 yet
2026-04-30 18:41:24,292 [INFO] [MainThread] SKIP  96313070283 — recording not in S3 yet
2026-04-30 18:41:24,430 [INFO] [MainThread] SKIP  98523227823 — recording not in S3 yet
2026-04-30 18:41:24,431 [WARNING] [retry_0] Connection pool is full, discarding connection: zoom-automation-bucket.s3.amazonaws.com. Connection pool size: 10
2026-04-30 18:41:24,609 [INFO] [MainThread] SKIP  91536824320 — recording not in S3 yet
2026-04-30 18:41:24,610 [INFO] [MainThread] 
=== retry_unfinalized complete ===
  Finalized:     0
  No doc.txt:    0
  Still skipped: 11 (recording not in S3 yet)
  Errors:        0

2026-04-30 18:50:03,263 [INFO] [MainThread] Found credentials from IAM Role: transcript-ec2-role
2026-04-30 18:50:03,372 [INFO] [MainThread] === retry_unfinalized starting ===
2026-04-30 18:50:03,372 [INFO] [MainThread] Scanning temp/live-doc-history/ for unfinalized meetings...
2026-04-30 18:50:03,668 [INFO] [MainThread] Found 440 tracked, 430 finalized, 10 need retry
2026-04-30 18:50:03,668 [INFO] [MainThread] Retrying 10 meetings with 20 parallel workers...
2026-04-30 18:51:13,516 [INFO] [MainThread] SKIP  92310155550 — recording not in S3 yet
2026-04-30 18:51:15,143 [INFO] [MainThread] SKIP  91907260797 — recording not in S3 yet
2026-04-30 18:51:15,160 [INFO] [MainThread] SKIP  96378612539 — recording not in S3 yet
2026-04-30 18:51:15,224 [INFO] [MainThread] SKIP  91536824320 — recording not in S3 yet
2026-04-30 18:51:15,647 [INFO] [MainThread] SKIP  93719329009 — recording not in S3 yet
2026-04-30 18:51:15,652 [INFO] [MainThread] SKIP  94818293151 — recording not in S3 yet
2026-04-30 18:51:15,791 [INFO] [MainThread] SKIP  97693563124 — recording not in S3 yet
2026-04-30 18:51:16,039 [INFO] [MainThread] SKIP  94668563260 — recording not in S3 yet
2026-04-30 18:51:16,312 [INFO] [MainThread] SKIP  97150439446 — recording not in S3 yet
2026-04-30 18:51:16,385 [INFO] [MainThread] SKIP  96313070283 — recording not in S3 yet
2026-04-30 18:51:16,386 [INFO] [MainThread] 
=== retry_unfinalized complete ===
  Finalized:     0
  No doc.txt:    0
  Still skipped: 10 (recording not in S3 yet)
  Errors:        0

2026-04-30 19:00:12,515 [INFO] [MainThread] Found credentials from IAM Role: transcript-ec2-role
2026-04-30 19:00:12,628 [INFO] [MainThread] === retry_unfinalized starting ===
2026-04-30 19:00:12,628 [INFO] [MainThread] Scanning temp/live-doc-history/ for unfinalized meetings...
2026-04-30 19:00:13,021 [INFO] [MainThread] Found 442 tracked, 434 finalized, 8 need retry
2026-04-30 19:00:13,022 [INFO] [MainThread] Retrying 8 meetings with 20 parallel workers...
2026-04-30 19:01:10,319 [INFO] [MainThread] SKIP  94818293151 — recording not in S3 yet
2026-04-30 19:01:10,534 [INFO] [MainThread] SKIP  91536824320 — recording not in S3 yet
2026-04-30 19:01:10,979 [INFO] [MainThread] SKIP  92310155550 — recording not in S3 yet
2026-04-30 19:01:11,105 [INFO] [MainThread] SKIP  95673736523 — recording not in S3 yet
2026-04-30 19:01:11,224 [INFO] [MainThread] SKIP  96378612539 — recording not in S3 yet
2026-04-30 19:01:11,398 [INFO] [MainThread] SKIP  97150439446 — recording not in S3 yet
2026-04-30 19:01:11,428 [INFO] [MainThread] SKIP  93719329009 — recording not in S3 yet
2026-04-30 19:01:11,502 [INFO] [MainThread] SKIP  97693563124 — recording not in S3 yet
2026-04-30 19:01:11,503 [INFO] [MainThread] 
=== retry_unfinalized complete ===
  Finalized:     0
  No doc.txt:    0
  Still skipped: 8 (recording not in S3 yet)
  Errors:        0

2026-04-30 19:10:12,777 [INFO] [MainThread] Found credentials from IAM Role: transcript-ec2-role
2026-04-30 19:10:12,892 [INFO] [MainThread] === retry_unfinalized starting ===
2026-04-30 19:10:12,893 [INFO] [MainThread] Scanning temp/live-doc-history/ for unfinalized meetings...
2026-04-30 19:10:13,210 [INFO] [MainThread] Found 442 tracked, 435 finalized, 7 need retry
2026-04-30 19:10:13,211 [INFO] [MainThread] Retrying 7 meetings with 20 parallel workers...
2026-04-30 19:11:01,601 [INFO] [MainThread] SKIP  91536824320 — recording not in S3 yet
2026-04-30 19:11:01,886 [INFO] [MainThread] SKIP  97150439446 — recording not in S3 yet
2026-04-30 19:11:01,995 [INFO] [MainThread] SKIP  94818293151 — recording not in S3 yet
2026-04-30 19:11:02,768 [INFO] [MainThread] SKIP  97693563124 — recording not in S3 yet
2026-04-30 19:11:02,954 [INFO] [MainThread] SKIP  93719329009 — recording not in S3 yet
2026-04-30 19:11:02,977 [INFO] [MainThread] SKIP  95673736523 — recording not in S3 yet
2026-04-30 19:11:03,088 [INFO] [MainThread] SKIP  96378612539 — recording not in S3 yet
2026-04-30 19:11:03,089 [INFO] [MainThread] 
=== retry_unfinalized complete ===
  Finalized:     0
  No doc.txt:    0
  Still skipped: 7 (recording not in S3 yet)
  Errors:        0

2026-04-30 19:20:12,838 [INFO] [MainThread] Found credentials from IAM Role: transcript-ec2-role
2026-04-30 19:20:12,945 [INFO] [MainThread] === retry_unfinalized starting ===
2026-04-30 19:20:12,946 [INFO] [MainThread] Scanning temp/live-doc-history/ for unfinalized meetings...
2026-04-30 19:20:13,252 [INFO] [MainThread] Found 443 tracked, 439 finalized, 4 need retry
2026-04-30 19:20:13,252 [INFO] [MainThread] Retrying 4 meetings with 20 parallel workers...
2026-04-30 19:20:40,930 [INFO] [MainThread] SKIP  97693563124 — recording not in S3 yet
2026-04-30 19:20:41,285 [INFO] [MainThread] SKIP  94818293151 — recording not in S3 yet
2026-04-30 19:20:41,364 [INFO] [MainThread] SKIP  95673736523 — recording not in S3 yet
2026-04-30 19:20:41,437 [INFO] [MainThread] SKIP  92427572237 — recording not in S3 yet
2026-04-30 19:20:41,438 [INFO] [MainThread] 
=== retry_unfinalized complete ===
  Finalized:     0
  No doc.txt:    0
  Still skipped: 4 (recording not in S3 yet)
  Errors:        0

2026-04-30 19:31:03,263 [INFO] [MainThread] Found credentials from IAM Role: transcript-ec2-role
2026-04-30 19:31:03,372 [INFO] [MainThread] === retry_unfinalized starting ===
2026-04-30 19:31:03,372 [INFO] [MainThread] Scanning temp/live-doc-history/ for unfinalized meetings...
2026-04-30 19:31:03,692 [INFO] [MainThread] Found 447 tracked, 442 finalized, 5 need retry
2026-04-30 19:31:03,692 [INFO] [MainThread] Retrying 5 meetings with 20 parallel workers...
2026-04-30 19:31:37,947 [INFO] [MainThread] SKIP  95673736523 — recording not in S3 yet
2026-04-30 19:31:38,421 [INFO] [MainThread] SKIP  99142876974 — recording not in S3 yet
2026-04-30 19:31:38,471 [INFO] [MainThread] SKIP  99707703693 — recording not in S3 yet
2026-04-30 19:31:38,999 [INFO] [MainThread] SKIP  97693563124 — recording not in S3 yet
2026-04-30 19:31:39,086 [INFO] [MainThread] SKIP  94818293151 — recording not in S3 yet
2026-04-30 19:31:39,087 [INFO] [MainThread] 
=== retry_unfinalized complete ===
  Finalized:     0
  No doc.txt:    0
  Still skipped: 5 (recording not in S3 yet)
  Errors:        0

2026-04-30 19:41:55,683 [INFO] [MainThread] Found credentials from IAM Role: transcript-ec2-role
2026-04-30 19:41:55,791 [INFO] [MainThread] === retry_unfinalized starting ===
2026-04-30 19:41:55,791 [INFO] [MainThread] Scanning temp/live-doc-history/ for unfinalized meetings...
2026-04-30 19:41:56,104 [INFO] [MainThread] Found 448 tracked, 443 finalized, 5 need retry
2026-04-30 19:41:56,104 [INFO] [MainThread] Retrying 5 meetings with 20 parallel workers...
2026-04-30 19:42:31,060 [INFO] [MainThread] SKIP  95673736523 — recording not in S3 yet
2026-04-30 19:42:31,246 [INFO] [MainThread] SKIP  97693563124 — recording not in S3 yet
2026-04-30 19:42:31,365 [INFO] [MainThread] SKIP  99142876974 — recording not in S3 yet
2026-04-30 19:42:31,474 [INFO] [MainThread] SKIP  96419483727 — recording not in S3 yet
2026-04-30 19:42:31,555 [INFO] [MainThread] SKIP  99707703693 — recording not in S3 yet
2026-04-30 19:42:31,556 [INFO] [MainThread] 
=== retry_unfinalized complete ===
  Finalized:     0
  No doc.txt:    0
  Still skipped: 5 (recording not in S3 yet)
  Errors:        0

2026-04-30 19:52:03,254 [INFO] [MainThread] Found credentials from IAM Role: transcript-ec2-role
2026-04-30 19:52:03,362 [INFO] [MainThread] === retry_unfinalized starting ===
2026-04-30 19:52:03,362 [INFO] [MainThread] Scanning temp/live-doc-history/ for unfinalized meetings...
2026-04-30 19:52:03,663 [INFO] [MainThread] Found 452 tracked, 447 finalized, 5 need retry
2026-04-30 19:52:03,663 [INFO] [MainThread] Retrying 5 meetings with 20 parallel workers...
2026-04-30 19:52:38,582 [INFO] [MainThread] SKIP  99142876974 — recording not in S3 yet
2026-04-30 19:52:38,781 [INFO] [MainThread] SKIP  91097583793 — recording not in S3 yet
2026-04-30 19:52:38,827 [INFO] [MainThread] SKIP  97693563124 — recording not in S3 yet
2026-04-30 19:52:38,901 [INFO] [MainThread] SKIP  92123967773 — recording not in S3 yet
2026-04-30 19:52:38,975 [INFO] [MainThread] SKIP  96419483727 — recording not in S3 yet
2026-04-30 19:52:38,976 [INFO] [MainThread] 
=== retry_unfinalized complete ===
  Finalized:     0
  No doc.txt:    0
  Still skipped: 5 (recording not in S3 yet)
  Errors:        0

2026-04-30 20:03:03,278 [INFO] [MainThread] Found credentials from IAM Role: transcript-ec2-role
2026-04-30 20:03:03,390 [INFO] [MainThread] === retry_unfinalized starting ===
2026-04-30 20:03:03,390 [INFO] [MainThread] Scanning temp/live-doc-history/ for unfinalized meetings...
2026-04-30 20:03:03,715 [INFO] [MainThread] Found 456 tracked, 447 finalized, 9 need retry
2026-04-30 20:03:03,715 [INFO] [MainThread] Retrying 9 meetings with 20 parallel workers...
2026-04-30 20:04:08,478 [INFO] [MainThread] SKIP  95045483352 — recording not in S3 yet
2026-04-30 20:04:08,802 [INFO] [MainThread] SKIP  97693563124 — recording not in S3 yet
2026-04-30 20:04:09,048 [INFO] [MainThread] SKIP  99142876974 — recording not in S3 yet
2026-04-30 20:04:09,232 [INFO] [MainThread] SKIP  92289904267 — recording not in S3 yet
2026-04-30 20:04:09,259 [INFO] [MainThread] SKIP  96419483727 — recording not in S3 yet
2026-04-30 20:04:09,373 [INFO] [MainThread] SKIP  96342121701 — recording not in S3 yet
2026-04-30 20:04:09,458 [INFO] [MainThread] SKIP  94958535260 — recording not in S3 yet
2026-04-30 20:04:09,526 [INFO] [MainThread] SKIP  91097583793 — recording not in S3 yet
2026-04-30 20:04:09,639 [INFO] [MainThread] SKIP  92123967773 — recording not in S3 yet
2026-04-30 20:04:09,640 [INFO] [MainThread] 
=== retry_unfinalized complete ===
  Finalized:     0
  No doc.txt:    0
  Still skipped: 9 (recording not in S3 yet)
  Errors:        0

2026-04-30 20:14:03,269 [INFO] [MainThread] Found credentials from IAM Role: transcript-ec2-role
2026-04-30 20:14:03,381 [INFO] [MainThread] === retry_unfinalized starting ===
2026-04-30 20:14:03,381 [INFO] [MainThread] Scanning temp/live-doc-history/ for unfinalized meetings...
2026-04-30 20:14:03,676 [INFO] [MainThread] Found 457 tracked, 449 finalized, 8 need retry
2026-04-30 20:14:03,676 [INFO] [MainThread] Retrying 8 meetings with 20 parallel workers...
2026-04-30 20:14:58,911 [INFO] [MainThread] SKIP  96419483727 — recording not in S3 yet
2026-04-30 20:15:00,154 [INFO] [MainThread] SKIP  92289904267 — recording not in S3 yet
2026-04-30 20:15:00,314 [INFO] [MainThread] SKIP  91097583793 — recording not in S3 yet
2026-04-30 20:15:00,692 [INFO] [MainThread] SKIP  95045483352 — recording not in S3 yet
2026-04-30 20:15:00,698 [INFO] [MainThread] SKIP  92123967773 — recording not in S3 yet
2026-04-30 20:15:00,750 [INFO] [MainThread] SKIP  94958535260 — recording not in S3 yet
2026-04-30 20:15:00,876 [INFO] [MainThread] SKIP  96119272322 — recording not in S3 yet
2026-04-30 20:15:00,950 [INFO] [MainThread] SKIP  99142876974 — recording not in S3 yet
2026-04-30 20:15:00,951 [INFO] [MainThread] 
=== retry_unfinalized complete ===
  Finalized:     0
  No doc.txt:    0
  Still skipped: 8 (recording not in S3 yet)
  Errors:        0

2026-04-30 20:25:03,291 [INFO] [MainThread] Found credentials from IAM Role: transcript-ec2-role
2026-04-30 20:25:03,401 [INFO] [MainThread] === retry_unfinalized starting ===
2026-04-30 20:25:03,402 [INFO] [MainThread] Scanning temp/live-doc-history/ for unfinalized meetings...
2026-04-30 20:25:03,691 [INFO] [MainThread] Found 459 tracked, 450 finalized, 9 need retry
2026-04-30 20:25:03,692 [INFO] [MainThread] Retrying 9 meetings with 20 parallel workers...
2026-04-30 20:26:08,003 [INFO] [MainThread] SKIP  94958535260 — recording not in S3 yet
2026-04-30 20:26:09,281 [INFO] [MainThread] SKIP  92289904267 — recording not in S3 yet
2026-04-30 20:26:09,313 [INFO] [MainThread] SKIP  91097583793 — recording not in S3 yet
2026-04-30 20:26:09,381 [INFO] [MainThread] SKIP  92123967773 — recording not in S3 yet
2026-04-30 20:26:09,588 [INFO] [MainThread] SKIP  96419483727 — recording not in S3 yet
2026-04-30 20:26:09,682 [INFO] [MainThread] SKIP  98828279590 — recording not in S3 yet
2026-04-30 20:26:09,828 [INFO] [MainThread] SKIP  99142876974 — recording not in S3 yet
2026-04-30 20:26:09,910 [INFO] [MainThread] SKIP  98486088679 — recording not in S3 yet
2026-04-30 20:26:10,020 [INFO] [MainThread] SKIP  95045483352 — recording not in S3 yet
2026-04-30 20:26:10,021 [INFO] [MainThread] 
=== retry_unfinalized complete ===
  Finalized:     0
  No doc.txt:    0
  Still skipped: 9 (recording not in S3 yet)
  Errors:        0

2026-04-30 20:36:03,282 [INFO] [MainThread] Found credentials from IAM Role: transcript-ec2-role
2026-04-30 20:36:03,390 [INFO] [MainThread] === retry_unfinalized starting ===
2026-04-30 20:36:03,390 [INFO] [MainThread] Scanning temp/live-doc-history/ for unfinalized meetings...
2026-04-30 20:36:03,739 [INFO] [MainThread] Found 459 tracked, 452 finalized, 7 need retry
2026-04-30 20:36:03,739 [INFO] [MainThread] Retrying 7 meetings with 20 parallel workers...
2026-04-30 20:36:53,877 [INFO] [MainThread] SKIP  98828279590 — recording not in S3 yet
2026-04-30 20:36:53,961 [INFO] [MainThread] SKIP  91097583793 — recording not in S3 yet
2026-04-30 20:36:54,202 [INFO] [MainThread] SKIP  99142876974 — recording not in S3 yet
2026-04-30 20:36:54,393 [INFO] [MainThread] SKIP  98486088679 — recording not in S3 yet
2026-04-30 20:36:54,570 [INFO] [MainThread] SKIP  92289904267 — recording not in S3 yet
2026-04-30 20:36:54,648 [INFO] [MainThread] SKIP  92123967773 — recording not in S3 yet
2026-04-30 20:36:54,722 [INFO] [MainThread] SKIP  96419483727 — recording not in S3 yet
2026-04-30 20:36:54,723 [INFO] [MainThread] 
=== retry_unfinalized complete ===
  Finalized:     0
  No doc.txt:    0
  Still skipped: 7 (recording not in S3 yet)
  Errors:        0

2026-04-30 20:47:03,266 [INFO] [MainThread] Found credentials from IAM Role: transcript-ec2-role
2026-04-30 20:47:03,380 [INFO] [MainThread] === retry_unfinalized starting ===
2026-04-30 20:47:03,380 [INFO] [MainThread] Scanning temp/live-doc-history/ for unfinalized meetings...
2026-04-30 20:47:03,705 [INFO] [MainThread] Found 459 tracked, 452 finalized, 7 need retry
2026-04-30 20:47:03,706 [INFO] [MainThread] Retrying 7 meetings with 20 parallel workers...
2026-04-30 20:47:52,519 [INFO] [MainThread] SKIP  92123967773 — recording not in S3 yet
2026-04-30 20:47:52,683 [INFO] [MainThread] SKIP  98486088679 — recording not in S3 yet
2026-04-30 20:47:52,969 [INFO] [MainThread] SKIP  92289904267 — recording not in S3 yet
2026-04-30 20:47:53,015 [INFO] [MainThread] SKIP  98828279590 — recording not in S3 yet
2026-04-30 20:47:53,020 [INFO] [MainThread] SKIP  99142876974 — recording not in S3 yet
2026-04-30 20:47:53,069 [INFO] [MainThread] SKIP  96419483727 — recording not in S3 yet
2026-04-30 20:47:53,129 [INFO] [MainThread] SKIP  91097583793 — recording not in S3 yet
2026-04-30 20:47:53,129 [INFO] [MainThread] 
=== retry_unfinalized complete ===
  Finalized:     0
  No doc.txt:    0
  Still skipped: 7 (recording not in S3 yet)
  Errors:        0

2026-04-30 20:58:03,301 [INFO] [MainThread] Found credentials from IAM Role: transcript-ec2-role
2026-04-30 20:58:03,414 [INFO] [MainThread] === retry_unfinalized starting ===
2026-04-30 20:58:03,414 [INFO] [MainThread] Scanning temp/live-doc-history/ for unfinalized meetings...
2026-04-30 20:58:03,770 [INFO] [MainThread] Found 460 tracked, 454 finalized, 6 need retry
2026-04-30 20:58:03,771 [INFO] [MainThread] Retrying 6 meetings with 20 parallel workers...
2026-04-30 20:58:46,283 [INFO] [MainThread] SKIP  91097583793 — recording not in S3 yet
2026-04-30 20:58:46,643 [INFO] [MainThread] SKIP  99601546366 — recording not in S3 yet
2026-04-30 20:58:46,878 [INFO] [MainThread] SKIP  96419483727 — recording not in S3 yet
2026-04-30 20:58:47,209 [INFO] [MainThread] SKIP  92123967773 — recording not in S3 yet
2026-04-30 20:58:47,235 [INFO] [MainThread] SKIP  99142876974 — recording not in S3 yet
2026-04-30 20:58:47,311 [INFO] [MainThread] SKIP  92289904267 — recording not in S3 yet
2026-04-30 20:58:47,312 [INFO] [MainThread] 
=== retry_unfinalized complete ===
  Finalized:     0
  No doc.txt:    0
  Still skipped: 6 (recording not in S3 yet)
  Errors:        0

2026-04-30 21:09:03,275 [INFO] [MainThread] Found credentials from IAM Role: transcript-ec2-role
2026-04-30 21:09:03,383 [INFO] [MainThread] === retry_unfinalized starting ===
2026-04-30 21:09:03,383 [INFO] [MainThread] Scanning temp/live-doc-history/ for unfinalized meetings...
2026-04-30 21:09:03,864 [INFO] [MainThread] Found 462 tracked, 457 finalized, 5 need retry
2026-04-30 21:09:03,864 [INFO] [MainThread] Retrying 5 meetings with 20 parallel workers...
2026-04-30 21:09:37,952 [INFO] [MainThread] SKIP  96419483727 — recording not in S3 yet
2026-04-30 21:09:37,989 [INFO] [MainThread] SKIP  99601546366 — recording not in S3 yet
2026-04-30 21:09:38,328 [INFO] [MainThread] SKIP  91097583793 — recording not in S3 yet
2026-04-30 21:09:38,445 [INFO] [MainThread] SKIP  98367889188 — recording not in S3 yet
2026-04-30 21:09:38,521 [INFO] [MainThread] SKIP  92123967773 — recording not in S3 yet
2026-04-30 21:09:38,521 [INFO] [MainThread] 
=== retry_unfinalized complete ===
  Finalized:     0
  No doc.txt:    0
  Still skipped: 5 (recording not in S3 yet)
  Errors:        0

2026-04-30 21:20:01,851 [INFO] [MainThread] Found credentials from IAM Role: transcript-ec2-role
2026-04-30 21:20:01,973 [INFO] [MainThread] === retry_unfinalized starting ===
2026-04-30 21:20:01,973 [INFO] [MainThread] Scanning temp/live-doc-history/ for unfinalized meetings...
2026-04-30 21:20:02,289 [INFO] [MainThread] Found 463 tracked, 458 finalized, 5 need retry
2026-04-30 21:20:02,290 [INFO] [MainThread] Retrying 5 meetings with 20 parallel workers...
2026-04-30 21:20:36,238 [INFO] [MainThread] SKIP  91097583793 — recording not in S3 yet
2026-04-30 21:20:36,548 [INFO] [MainThread] SKIP  92123967773 — recording not in S3 yet
2026-04-30 21:20:36,705 [INFO] [MainThread] SKIP  96419483727 — recording not in S3 yet
2026-04-30 21:20:36,757 [INFO] [MainThread] SKIP  99814687629 — recording not in S3 yet
2026-04-30 21:20:37,069 [INFO] [MainThread] SKIP  98367889188 — recording not in S3 yet
2026-04-30 21:20:37,070 [INFO] [MainThread] 
=== retry_unfinalized complete ===
  Finalized:     0
  No doc.txt:    0
  Still skipped: 5 (recording not in S3 yet)
  Errors:        0

2026-04-30 21:30:02,342 [INFO] [MainThread] Found credentials from IAM Role: transcript-ec2-role
2026-04-30 21:30:02,461 [INFO] [MainThread] === retry_unfinalized starting ===
2026-04-30 21:30:02,461 [INFO] [MainThread] Scanning temp/live-doc-history/ for unfinalized meetings...
2026-04-30 21:30:02,785 [INFO] [MainThread] Found 463 tracked, 461 finalized, 2 need retry
2026-04-30 21:30:02,785 [INFO] [MainThread] Retrying 2 meetings with 20 parallel workers...
2026-04-30 21:30:15,196 [INFO] [MainThread] SKIP  99814687629 — recording not in S3 yet
2026-04-30 21:30:15,303 [INFO] [MainThread] SKIP  98367889188 — recording not in S3 yet
2026-04-30 21:30:15,304 [INFO] [MainThread] 
=== retry_unfinalized complete ===
  Finalized:     0
  No doc.txt:    0
  Still skipped: 2 (recording not in S3 yet)
  Errors:        0

2026-04-30 21:40:03,253 [INFO] [MainThread] Found credentials from IAM Role: transcript-ec2-role
2026-04-30 21:40:03,362 [INFO] [MainThread] === retry_unfinalized starting ===
2026-04-30 21:40:03,362 [INFO] [MainThread] Scanning temp/live-doc-history/ for unfinalized meetings...
2026-04-30 21:40:03,688 [INFO] [MainThread] Found 465 tracked, 462 finalized, 3 need retry
2026-04-30 21:40:03,688 [INFO] [MainThread] Retrying 3 meetings with 20 parallel workers...
2026-04-30 21:40:24,597 [INFO] [MainThread] SKIP  95595277393 — recording not in S3 yet
2026-04-30 21:40:24,668 [INFO] [MainThread] SKIP  98498005572 — recording not in S3 yet
2026-04-30 21:40:24,871 [INFO] [MainThread] SKIP  99814687629 — recording not in S3 yet
2026-04-30 21:40:24,872 [INFO] [MainThread] 
=== retry_unfinalized complete ===
  Finalized:     0
  No doc.txt:    0
  Still skipped: 3 (recording not in S3 yet)
  Errors:        0

2026-04-30 21:50:03,274 [INFO] [MainThread] Found credentials from IAM Role: transcript-ec2-role
2026-04-30 21:50:03,380 [INFO] [MainThread] === retry_unfinalized starting ===
2026-04-30 21:50:03,380 [INFO] [MainThread] Scanning temp/live-doc-history/ for unfinalized meetings...
2026-04-30 21:50:03,709 [INFO] [MainThread] Found 465 tracked, 463 finalized, 2 need retry
2026-04-30 21:50:03,710 [INFO] [MainThread] Retrying 2 meetings with 20 parallel workers...
2026-04-30 21:50:16,034 [INFO] [MainThread] SKIP  95595277393 — recording not in S3 yet
2026-04-30 21:50:16,273 [INFO] [MainThread] SKIP  98498005572 — recording not in S3 yet
2026-04-30 21:50:16,274 [INFO] [MainThread] 
=== retry_unfinalized complete ===
  Finalized:     0
  No doc.txt:    0
  Still skipped: 2 (recording not in S3 yet)
  Errors:        0

2026-04-30 22:00:12,284 [INFO] [MainThread] Found credentials from IAM Role: transcript-ec2-role
2026-04-30 22:00:12,399 [INFO] [MainThread] === retry_unfinalized starting ===
2026-04-30 22:00:12,399 [INFO] [MainThread] Scanning temp/live-doc-history/ for unfinalized meetings...
2026-04-30 22:00:12,712 [INFO] [MainThread] Found 466 tracked, 463 finalized, 3 need retry
2026-04-30 22:00:12,713 [INFO] [MainThread] Retrying 3 meetings with 20 parallel workers...
2026-04-30 22:00:31,597 [INFO] [MainThread] SKIP  95595277393 — recording not in S3 yet
2026-04-30 22:00:31,778 [INFO] [MainThread] SKIP  97058169473 — recording not in S3 yet
2026-04-30 22:00:32,100 [INFO] [MainThread] SKIP  98498005572 — recording not in S3 yet
2026-04-30 22:00:32,100 [INFO] [MainThread] 
=== retry_unfinalized complete ===
  Finalized:     0
  No doc.txt:    0
  Still skipped: 3 (recording not in S3 yet)
  Errors:        0

2026-04-30 22:10:12,509 [INFO] [MainThread] Found credentials from IAM Role: transcript-ec2-role
2026-04-30 22:10:12,621 [INFO] [MainThread] === retry_unfinalized starting ===
2026-04-30 22:10:12,621 [INFO] [MainThread] Scanning temp/live-doc-history/ for unfinalized meetings...
2026-04-30 22:10:12,917 [INFO] [MainThread] Found 466 tracked, 463 finalized, 3 need retry
2026-04-30 22:10:12,917 [INFO] [MainThread] Retrying 3 meetings with 20 parallel workers...
2026-04-30 22:10:32,015 [INFO] [MainThread] SKIP  95595277393 — recording not in S3 yet
2026-04-30 22:10:32,291 [INFO] [MainThread] SKIP  98498005572 — recording not in S3 yet
2026-04-30 22:10:32,365 [INFO] [MainThread] SKIP  97058169473 — recording not in S3 yet
2026-04-30 22:10:32,366 [INFO] [MainThread] 
=== retry_unfinalized complete ===
  Finalized:     0
  No doc.txt:    0
  Still skipped: 3 (recording not in S3 yet)
  Errors:        0

2026-04-30 22:21:03,291 [INFO] [MainThread] Found credentials from IAM Role: transcript-ec2-role
2026-04-30 22:21:03,403 [INFO] [MainThread] === retry_unfinalized starting ===
2026-04-30 22:21:03,404 [INFO] [MainThread] Scanning temp/live-doc-history/ for unfinalized meetings...
2026-04-30 22:21:03,716 [INFO] [MainThread] Found 466 tracked, 463 finalized, 3 need retry
2026-04-30 22:21:03,716 [INFO] [MainThread] Retrying 3 meetings with 20 parallel workers...
2026-04-30 22:21:23,183 [INFO] [MainThread] SKIP  95595277393 — recording not in S3 yet
2026-04-30 22:21:23,347 [INFO] [MainThread] SKIP  97058169473 — recording not in S3 yet
2026-04-30 22:21:23,353 [INFO] [MainThread] SKIP  98498005572 — recording not in S3 yet
2026-04-30 22:21:23,354 [INFO] [MainThread] 
=== retry_unfinalized complete ===
  Finalized:     0
  No doc.txt:    0
  Still skipped: 3 (recording not in S3 yet)
  Errors:        0

2026-04-30 22:32:03,302 [INFO] [MainThread] Found credentials from IAM Role: transcript-ec2-role
2026-04-30 22:32:03,412 [INFO] [MainThread] === retry_unfinalized starting ===
2026-04-30 22:32:03,412 [INFO] [MainThread] Scanning temp/live-doc-history/ for unfinalized meetings...
2026-04-30 22:32:03,700 [INFO] [MainThread] Found 466 tracked, 465 finalized, 1 need retry
2026-04-30 22:32:03,700 [INFO] [MainThread] Retrying 1 meetings with 20 parallel workers...
2026-04-30 22:32:13,378 [INFO] [MainThread] SKIP  97058169473 — recording not in S3 yet
2026-04-30 22:32:13,379 [INFO] [MainThread] 
=== retry_unfinalized complete ===
  Finalized:     0
  No doc.txt:    0
  Still skipped: 1 (recording not in S3 yet)
  Errors:        0

2026-04-30 22:43:03,294 [INFO] [MainThread] Found credentials from IAM Role: transcript-ec2-role
2026-04-30 22:43:03,410 [INFO] [MainThread] === retry_unfinalized starting ===
2026-04-30 22:43:03,410 [INFO] [MainThread] Scanning temp/live-doc-history/ for unfinalized meetings...
2026-04-30 22:43:03,744 [INFO] [MainThread] Found 466 tracked, 465 finalized, 1 need retry
2026-04-30 22:43:03,744 [INFO] [MainThread] Retrying 1 meetings with 20 parallel workers...
2026-04-30 22:43:15,228 [INFO] [MainThread] SKIP  97058169473 — recording not in S3 yet
2026-04-30 22:43:15,228 [INFO] [MainThread] 
=== retry_unfinalized complete ===
  Finalized:     0
  No doc.txt:    0
  Still skipped: 1 (recording not in S3 yet)
  Errors:        0

2026-04-30 22:54:03,272 [INFO] [MainThread] Found credentials from IAM Role: transcript-ec2-role
2026-04-30 22:54:03,381 [INFO] [MainThread] === retry_unfinalized starting ===
2026-04-30 22:54:03,382 [INFO] [MainThread] Scanning temp/live-doc-history/ for unfinalized meetings...
2026-04-30 22:54:03,702 [INFO] [MainThread] Found 466 tracked, 465 finalized, 1 need retry
2026-04-30 22:54:03,702 [INFO] [MainThread] Retrying 1 meetings with 20 parallel workers...
2026-04-30 22:54:15,252 [INFO] [MainThread] SKIP  97058169473 — recording not in S3 yet
2026-04-30 22:54:15,252 [INFO] [MainThread] 
=== retry_unfinalized complete ===
  Finalized:     0
  No doc.txt:    0
  Still skipped: 1 (recording not in S3 yet)
  Errors:        0

2026-04-30 23:05:03,260 [INFO] [MainThread] Found credentials from IAM Role: transcript-ec2-role
2026-04-30 23:05:03,366 [INFO] [MainThread] === retry_unfinalized starting ===
2026-04-30 23:05:03,366 [INFO] [MainThread] Scanning temp/live-doc-history/ for unfinalized meetings...
2026-04-30 23:05:03,692 [INFO] [MainThread] Found 466 tracked, 465 finalized, 1 need retry
2026-04-30 23:05:03,693 [INFO] [MainThread] Retrying 1 meetings with 20 parallel workers...
2026-04-30 23:05:14,974 [INFO] [MainThread] SKIP  97058169473 — recording not in S3 yet
2026-04-30 23:05:14,974 [INFO] [MainThread] 
=== retry_unfinalized complete ===
  Finalized:     0
  No doc.txt:    0
  Still skipped: 1 (recording not in S3 yet)
  Errors:        0

2026-04-30 23:15:58,828 [INFO] [MainThread] Found credentials from IAM Role: transcript-ec2-role
2026-04-30 23:15:58,935 [INFO] [MainThread] === retry_unfinalized starting ===
2026-04-30 23:15:58,935 [INFO] [MainThread] Scanning temp/live-doc-history/ for unfinalized meetings...
2026-04-30 23:15:59,266 [INFO] [MainThread] Found 466 tracked, 466 finalized, 0 need retry
2026-04-30 23:15:59,266 [INFO] [MainThread] Nothing to retry. All tracked meetings are finalized.
2026-04-30 23:26:03,282 [INFO] [MainThread] Found credentials from IAM Role: transcript-ec2-role
2026-04-30 23:26:03,389 [INFO] [MainThread] === retry_unfinalized starting ===
2026-04-30 23:26:03,389 [INFO] [MainThread] Scanning temp/live-doc-history/ for unfinalized meetings...
2026-04-30 23:26:03,717 [INFO] [MainThread] Found 466 tracked, 466 finalized, 0 need retry
2026-04-30 23:26:03,717 [INFO] [MainThread] Nothing to retry. All tracked meetings are finalized.
2026-04-30 23:37:03,267 [INFO] [MainThread] Found credentials from IAM Role: transcript-ec2-role
2026-04-30 23:37:03,375 [INFO] [MainThread] === retry_unfinalized starting ===
2026-04-30 23:37:03,375 [INFO] [MainThread] Scanning temp/live-doc-history/ for unfinalized meetings...
2026-04-30 23:37:03,668 [INFO] [MainThread] Found 466 tracked, 466 finalized, 0 need retry
2026-04-30 23:37:03,668 [INFO] [MainThread] Nothing to retry. All tracked meetings are finalized.
2026-04-30 23:48:03,262 [INFO] [MainThread] Found credentials from IAM Role: transcript-ec2-role
2026-04-30 23:48:03,372 [INFO] [MainThread] === retry_unfinalized starting ===
2026-04-30 23:48:03,372 [INFO] [MainThread] Scanning temp/live-doc-history/ for unfinalized meetings...
2026-04-30 23:48:03,688 [INFO] [MainThread] Found 466 tracked, 466 finalized, 0 need retry
2026-04-30 23:48:03,688 [INFO] [MainThread] Nothing to retry. All tracked meetings are finalized.
2026-04-30 23:59:03,273 [INFO] [MainThread] Found credentials from IAM Role: transcript-ec2-role
2026-04-30 23:59:03,382 [INFO] [MainThread] === retry_unfinalized starting ===
2026-04-30 23:59:03,382 [INFO] [MainThread] Scanning temp/live-doc-history/ for unfinalized meetings...
2026-04-30 23:59:03,673 [INFO] [MainThread] Found 466 tracked, 466 finalized, 0 need retry
2026-04-30 23:59:03,673 [INFO] [MainThread] Nothing to retry. All tracked meetings are finalized.
2026-05-01 00:10:01,745 [INFO] [MainThread] Found credentials from IAM Role: transcript-ec2-role
2026-05-01 00:10:01,866 [INFO] [MainThread] === retry_unfinalized starting ===
2026-05-01 00:10:01,866 [INFO] [MainThread] Scanning temp/live-doc-history/ for unfinalized meetings...
2026-05-01 00:10:02,216 [INFO] [MainThread] Found 466 tracked, 466 finalized, 0 need retry
2026-05-01 00:10:02,216 [INFO] [MainThread] Nothing to retry. All tracked meetings are finalized.
2026-05-01 00:20:02,304 [INFO] [MainThread] Found credentials from IAM Role: transcript-ec2-role
2026-05-01 00:20:02,425 [INFO] [MainThread] === retry_unfinalized starting ===
2026-05-01 00:20:02,425 [INFO] [MainThread] Scanning temp/live-doc-history/ for unfinalized meetings...
2026-05-01 00:20:02,845 [INFO] [MainThread] Found 466 tracked, 466 finalized, 0 need retry
2026-05-01 00:20:02,845 [INFO] [MainThread] Nothing to retry. All tracked meetings are finalized.
2026-05-01 00:30:03,249 [INFO] [MainThread] Found credentials from IAM Role: transcript-ec2-role
2026-05-01 00:30:03,356 [INFO] [MainThread] === retry_unfinalized starting ===
2026-05-01 00:30:03,356 [INFO] [MainThread] Scanning temp/live-doc-history/ for unfinalized meetings...
2026-05-01 00:30:03,664 [INFO] [MainThread] Found 466 tracked, 466 finalized, 0 need retry
2026-05-01 00:30:03,665 [INFO] [MainThread] Nothing to retry. All tracked meetings are finalized.
2026-05-01 00:40:12,767 [INFO] [MainThread] Found credentials from IAM Role: transcript-ec2-role
2026-05-01 00:40:12,877 [INFO] [MainThread] === retry_unfinalized starting ===
2026-05-01 00:40:12,877 [INFO] [MainThread] Scanning temp/live-doc-history/ for unfinalized meetings...
2026-05-01 00:40:13,227 [INFO] [MainThread] Found 466 tracked, 466 finalized, 0 need retry
2026-05-01 00:40:13,228 [INFO] [MainThread] Nothing to retry. All tracked meetings are finalized.
2026-05-01 00:51:03,254 [INFO] [MainThread] Found credentials from IAM Role: transcript-ec2-role
2026-05-01 00:51:03,360 [INFO] [MainThread] === retry_unfinalized starting ===
2026-05-01 00:51:03,360 [INFO] [MainThread] Scanning temp/live-doc-history/ for unfinalized meetings...
2026-05-01 00:51:03,641 [INFO] [MainThread] Found 466 tracked, 466 finalized, 0 need retry
2026-05-01 00:51:03,642 [INFO] [MainThread] Nothing to retry. All tracked meetings are finalized.
2026-05-01 01:02:03,270 [INFO] [MainThread] Found credentials from IAM Role: transcript-ec2-role
2026-05-01 01:02:03,376 [INFO] [MainThread] === retry_unfinalized starting ===
2026-05-01 01:02:03,376 [INFO] [MainThread] Scanning temp/live-doc-history/ for unfinalized meetings...
2026-05-01 01:02:03,686 [INFO] [MainThread] Found 466 tracked, 466 finalized, 0 need retry
2026-05-01 01:02:03,686 [INFO] [MainThread] Nothing to retry. All tracked meetings are finalized.
2026-05-01 01:13:03,265 [INFO] [MainThread] Found credentials from IAM Role: transcript-ec2-role
2026-05-01 01:13:03,374 [INFO] [MainThread] === retry_unfinalized starting ===
2026-05-01 01:13:03,374 [INFO] [MainThread] Scanning temp/live-doc-history/ for unfinalized meetings...
2026-05-01 01:13:03,682 [INFO] [MainThread] Found 466 tracked, 466 finalized, 0 need retry
2026-05-01 01:13:03,683 [INFO] [MainThread] Nothing to retry. All tracked meetings are finalized.
2026-05-01 01:23:03,278 [INFO] [MainThread] Found credentials from IAM Role: transcript-ec2-role
2026-05-01 01:23:03,387 [INFO] [MainThread] === retry_unfinalized starting ===
2026-05-01 01:23:03,387 [INFO] [MainThread] Scanning temp/live-doc-history/ for unfinalized meetings...
2026-05-01 01:23:03,712 [INFO] [MainThread] Found 466 tracked, 466 finalized, 0 need retry
2026-05-01 01:23:03,712 [INFO] [MainThread] Nothing to retry. All tracked meetings are finalized.
2026-05-01 01:33:04,511 [INFO] [MainThread] Found credentials from IAM Role: transcript-ec2-role
2026-05-01 01:33:04,618 [INFO] [MainThread] === retry_unfinalized starting ===
2026-05-01 01:33:04,619 [INFO] [MainThread] Scanning temp/live-doc-history/ for unfinalized meetings...
2026-05-01 01:33:04,960 [INFO] [MainThread] Found 466 tracked, 466 finalized, 0 need retry
2026-05-01 01:33:04,960 [INFO] [MainThread] Nothing to retry. All tracked meetings are finalized.
2026-05-01 01:44:03,268 [INFO] [MainThread] Found credentials from IAM Role: transcript-ec2-role
2026-05-01 01:44:03,379 [INFO] [MainThread] === retry_unfinalized starting ===
2026-05-01 01:44:03,379 [INFO] [MainThread] Scanning temp/live-doc-history/ for unfinalized meetings...
2026-05-01 01:44:03,730 [INFO] [MainThread] Found 466 tracked, 466 finalized, 0 need retry
2026-05-01 01:44:03,731 [INFO] [MainThread] Nothing to retry. All tracked meetings are finalized.
2026-05-01 01:54:03,278 [INFO] [MainThread] Found credentials from IAM Role: transcript-ec2-role
2026-05-01 01:54:03,388 [INFO] [MainThread] === retry_unfinalized starting ===
2026-05-01 01:54:03,388 [INFO] [MainThread] Scanning temp/live-doc-history/ for unfinalized meetings...
2026-05-01 01:54:03,686 [INFO] [MainThread] Found 466 tracked, 466 finalized, 0 need retry
2026-05-01 01:54:03,687 [INFO] [MainThread] Nothing to retry. All tracked meetings are finalized.
2026-05-01 02:05:03,260 [INFO] [MainThread] Found credentials from IAM Role: transcript-ec2-role
2026-05-01 02:05:03,366 [INFO] [MainThread] === retry_unfinalized starting ===
2026-05-01 02:05:03,367 [INFO] [MainThread] Scanning temp/live-doc-history/ for unfinalized meetings...
2026-05-01 02:05:03,763 [INFO] [MainThread] Found 466 tracked, 466 finalized, 0 need retry
2026-05-01 02:05:03,763 [INFO] [MainThread] Nothing to retry. All tracked meetings are finalized.
2026-05-01 02:16:03,267 [INFO] [MainThread] Found credentials from IAM Role: transcript-ec2-role
2026-05-01 02:16:03,391 [INFO] [MainThread] === retry_unfinalized starting ===
2026-05-01 02:16:03,391 [INFO] [MainThread] Scanning temp/live-doc-history/ for unfinalized meetings...
2026-05-01 02:16:03,798 [INFO] [MainThread] Found 466 tracked, 466 finalized, 0 need retry
2026-05-01 02:16:03,798 [INFO] [MainThread] Nothing to retry. All tracked meetings are finalized.
2026-05-01 02:26:03,535 [INFO] [MainThread] Found credentials from IAM Role: transcript-ec2-role
2026-05-01 02:26:03,643 [INFO] [MainThread] === retry_unfinalized starting ===
2026-05-01 02:26:03,643 [INFO] [MainThread] Scanning temp/live-doc-history/ for unfinalized meetings...
2026-05-01 02:26:04,004 [INFO] [MainThread] Found 466 tracked, 466 finalized, 0 need retry
2026-05-01 02:26:04,005 [INFO] [MainThread] Nothing to retry. All tracked meetings are finalized.
2026-05-01 02:37:03,281 [INFO] [MainThread] Found credentials from IAM Role: transcript-ec2-role
2026-05-01 02:37:03,386 [INFO] [MainThread] === retry_unfinalized starting ===
2026-05-01 02:37:03,386 [INFO] [MainThread] Scanning temp/live-doc-history/ for unfinalized meetings...
2026-05-01 02:37:03,728 [INFO] [MainThread] Found 466 tracked, 466 finalized, 0 need retry
2026-05-01 02:37:03,728 [INFO] [MainThread] Nothing to retry. All tracked meetings are finalized.
2026-05-01 02:48:03,260 [INFO] [MainThread] Found credentials from IAM Role: transcript-ec2-role
2026-05-01 02:48:03,366 [INFO] [MainThread] === retry_unfinalized starting ===
2026-05-01 02:48:03,366 [INFO] [MainThread] Scanning temp/live-doc-history/ for unfinalized meetings...
2026-05-01 02:48:03,749 [INFO] [MainThread] Found 466 tracked, 466 finalized, 0 need retry
2026-05-01 02:48:03,749 [INFO] [MainThread] Nothing to retry. All tracked meetings are finalized.
2026-05-01 02:59:03,263 [INFO] [MainThread] Found credentials from IAM Role: transcript-ec2-role
2026-05-01 02:59:03,370 [INFO] [MainThread] === retry_unfinalized starting ===
2026-05-01 02:59:03,371 [INFO] [MainThread] Scanning temp/live-doc-history/ for unfinalized meetings...
2026-05-01 02:59:03,673 [INFO] [MainThread] Found 466 tracked, 466 finalized, 0 need retry
2026-05-01 02:59:03,674 [INFO] [MainThread] Nothing to retry. All tracked meetings are finalized.
2026-05-01 03:10:02,044 [INFO] [MainThread] Found credentials from IAM Role: transcript-ec2-role
2026-05-01 03:10:02,154 [INFO] [MainThread] === retry_unfinalized starting ===
2026-05-01 03:10:02,154 [INFO] [MainThread] Scanning temp/live-doc-history/ for unfinalized meetings...
2026-05-01 03:10:02,566 [INFO] [MainThread] Found 466 tracked, 466 finalized, 0 need retry
2026-05-01 03:10:02,566 [INFO] [MainThread] Nothing to retry. All tracked meetings are finalized.
2026-05-01 03:20:03,245 [INFO] [MainThread] Found credentials from IAM Role: transcript-ec2-role
2026-05-01 03:20:03,347 [INFO] [MainThread] === retry_unfinalized starting ===
2026-05-01 03:20:03,347 [INFO] [MainThread] Scanning temp/live-doc-history/ for unfinalized meetings...
2026-05-01 03:20:03,655 [INFO] [MainThread] Found 466 tracked, 466 finalized, 0 need retry
2026-05-01 03:20:03,656 [INFO] [MainThread] Nothing to retry. All tracked meetings are finalized.
2026-05-01 03:30:12,508 [INFO] [MainThread] Found credentials from IAM Role: transcript-ec2-role
2026-05-01 03:30:12,618 [INFO] [MainThread] === retry_unfinalized starting ===
2026-05-01 03:30:12,618 [INFO] [MainThread] Scanning temp/live-doc-history/ for unfinalized meetings...
2026-05-01 03:30:12,922 [INFO] [MainThread] Found 466 tracked, 466 finalized, 0 need retry
2026-05-01 03:30:12,923 [INFO] [MainThread] Nothing to retry. All tracked meetings are finalized.
2026-05-01 03:41:03,258 [INFO] [MainThread] Found credentials from IAM Role: transcript-ec2-role
2026-05-01 03:41:03,364 [INFO] [MainThread] === retry_unfinalized starting ===
2026-05-01 03:41:03,364 [INFO] [MainThread] Scanning temp/live-doc-history/ for unfinalized meetings...
2026-05-01 03:41:03,648 [INFO] [MainThread] Found 466 tracked, 466 finalized, 0 need retry
2026-05-01 03:41:03,648 [INFO] [MainThread] Nothing to retry. All tracked meetings are finalized.
2026-05-01 03:52:03,279 [INFO] [MainThread] Found credentials from IAM Role: transcript-ec2-role
2026-05-01 03:52:03,384 [INFO] [MainThread] === retry_unfinalized starting ===
2026-05-01 03:52:03,384 [INFO] [MainThread] Scanning temp/live-doc-history/ for unfinalized meetings...
2026-05-01 03:52:03,730 [INFO] [MainThread] Found 466 tracked, 466 finalized, 0 need retry
2026-05-01 03:52:03,730 [INFO] [MainThread] Nothing to retry. All tracked meetings are finalized.
2026-05-01 04:03:03,327 [INFO] [MainThread] Found credentials from IAM Role: transcript-ec2-role
2026-05-01 04:03:03,435 [INFO] [MainThread] === retry_unfinalized starting ===
2026-05-01 04:03:03,435 [INFO] [MainThread] Scanning temp/live-doc-history/ for unfinalized meetings...
2026-05-01 04:03:03,819 [INFO] [MainThread] Found 466 tracked, 466 finalized, 0 need retry
2026-05-01 04:03:03,819 [INFO] [MainThread] Nothing to retry. All tracked meetings are finalized.
2026-05-01 04:13:56,378 [INFO] [MainThread] Found credentials from IAM Role: transcript-ec2-role
2026-05-01 04:13:56,482 [INFO] [MainThread] === retry_unfinalized starting ===
2026-05-01 04:13:56,483 [INFO] [MainThread] Scanning temp/live-doc-history/ for unfinalized meetings...
2026-05-01 04:13:56,959 [INFO] [MainThread] Found 466 tracked, 466 finalized, 0 need retry
2026-05-01 04:13:56,959 [INFO] [MainThread] Nothing to retry. All tracked meetings are finalized.
2026-05-01 04:24:03,270 [INFO] [MainThread] Found credentials from IAM Role: transcript-ec2-role
2026-05-01 04:24:03,375 [INFO] [MainThread] === retry_unfinalized starting ===
2026-05-01 04:24:03,375 [INFO] [MainThread] Scanning temp/live-doc-history/ for unfinalized meetings...
2026-05-01 04:24:03,688 [INFO] [MainThread] Found 466 tracked, 466 finalized, 0 need retry
2026-05-01 04:24:03,688 [INFO] [MainThread] Nothing to retry. All tracked meetings are finalized.
2026-05-01 04:35:03,257 [INFO] [MainThread] Found credentials from IAM Role: transcript-ec2-role
2026-05-01 04:35:03,364 [INFO] [MainThread] === retry_unfinalized starting ===
2026-05-01 04:35:03,364 [INFO] [MainThread] Scanning temp/live-doc-history/ for unfinalized meetings...
2026-05-01 04:35:03,660 [INFO] [MainThread] Found 466 tracked, 466 finalized, 0 need retry
2026-05-01 04:35:03,660 [INFO] [MainThread] Nothing to retry. All tracked meetings are finalized.
2026-05-01 04:46:03,262 [INFO] [MainThread] Found credentials from IAM Role: transcript-ec2-role
2026-05-01 04:46:03,370 [INFO] [MainThread] === retry_unfinalized starting ===
2026-05-01 04:46:03,370 [INFO] [MainThread] Scanning temp/live-doc-history/ for unfinalized meetings...
2026-05-01 04:46:03,691 [INFO] [MainThread] Found 466 tracked, 466 finalized, 0 need retry
2026-05-01 04:46:03,691 [INFO] [MainThread] Nothing to retry. All tracked meetings are finalized.
2026-05-01 04:57:03,288 [INFO] [MainThread] Found credentials from IAM Role: transcript-ec2-role
2026-05-01 04:57:03,395 [INFO] [MainThread] === retry_unfinalized starting ===
2026-05-01 04:57:03,396 [INFO] [MainThread] Scanning temp/live-doc-history/ for unfinalized meetings...
2026-05-01 04:57:03,722 [INFO] [MainThread] Found 466 tracked, 466 finalized, 0 need retry
2026-05-01 04:57:03,723 [INFO] [MainThread] Nothing to retry. All tracked meetings are finalized.
2026-05-01 05:08:03,258 [INFO] [MainThread] Found credentials from IAM Role: transcript-ec2-role
2026-05-01 05:08:03,364 [INFO] [MainThread] === retry_unfinalized starting ===
2026-05-01 05:08:03,364 [INFO] [MainThread] Scanning temp/live-doc-history/ for unfinalized meetings...
2026-05-01 05:08:03,721 [INFO] [MainThread] Found 466 tracked, 466 finalized, 0 need retry
2026-05-01 05:08:03,721 [INFO] [MainThread] Nothing to retry. All tracked meetings are finalized.
2026-05-01 05:19:01,866 [INFO] [MainThread] Found credentials from IAM Role: transcript-ec2-role
2026-05-01 05:19:01,975 [INFO] [MainThread] === retry_unfinalized starting ===
2026-05-01 05:19:01,975 [INFO] [MainThread] Scanning temp/live-doc-history/ for unfinalized meetings...
2026-05-01 05:19:02,347 [INFO] [MainThread] Found 466 tracked, 466 finalized, 0 need retry
2026-05-01 05:19:02,348 [INFO] [MainThread] Nothing to retry. All tracked meetings are finalized.
2026-05-01 05:29:03,249 [INFO] [MainThread] Found credentials from IAM Role: transcript-ec2-role
2026-05-01 05:29:03,357 [INFO] [MainThread] === retry_unfinalized starting ===
2026-05-01 05:29:03,357 [INFO] [MainThread] Scanning temp/live-doc-history/ for unfinalized meetings...
2026-05-01 05:29:03,636 [INFO] [MainThread] Found 466 tracked, 466 finalized, 0 need retry
2026-05-01 05:29:03,636 [INFO] [MainThread] Nothing to retry. All tracked meetings are finalized.
2026-05-01 05:40:02,314 [INFO] [MainThread] Found credentials from IAM Role: transcript-ec2-role
2026-05-01 05:40:02,446 [INFO] [MainThread] === retry_unfinalized starting ===
2026-05-01 05:40:02,446 [INFO] [MainThread] Scanning temp/live-doc-history/ for unfinalized meetings...
2026-05-01 05:40:02,797 [INFO] [MainThread] Found 466 tracked, 466 finalized, 0 need retry
2026-05-01 05:40:02,798 [INFO] [MainThread] Nothing to retry. All tracked meetings are finalized.
2026-05-01 05:50:03,281 [INFO] [MainThread] Found credentials from IAM Role: transcript-ec2-role
2026-05-01 05:50:03,391 [INFO] [MainThread] === retry_unfinalized starting ===
2026-05-01 05:50:03,391 [INFO] [MainThread] Scanning temp/live-doc-history/ for unfinalized meetings...
2026-05-01 05:50:03,689 [INFO] [MainThread] Found 466 tracked, 466 finalized, 0 need retry
2026-05-01 05:50:03,689 [INFO] [MainThread] Nothing to retry. All tracked meetings are finalized.
2026-05-01 06:00:12,756 [INFO] [MainThread] Found credentials from IAM Role: transcript-ec2-role
2026-05-01 06:00:12,866 [INFO] [MainThread] === retry_unfinalized starting ===
2026-05-01 06:00:12,866 [INFO] [MainThread] Scanning temp/live-doc-history/ for unfinalized meetings...
2026-05-01 06:00:13,162 [INFO] [MainThread] Found 466 tracked, 466 finalized, 0 need retry
2026-05-01 06:00:13,162 [INFO] [MainThread] Nothing to retry. All tracked meetings are finalized.
2026-05-01 06:11:03,252 [INFO] [MainThread] Found credentials from IAM Role: transcript-ec2-role
2026-05-01 06:11:03,360 [INFO] [MainThread] === retry_unfinalized starting ===
2026-05-01 06:11:03,360 [INFO] [MainThread] Scanning temp/live-doc-history/ for unfinalized meetings...
2026-05-01 06:11:03,739 [INFO] [MainThread] Found 466 tracked, 466 finalized, 0 need retry
2026-05-01 06:11:03,739 [INFO] [MainThread] Nothing to retry. All tracked meetings are finalized.
2026-05-01 06:22:03,257 [INFO] [MainThread] Found credentials from IAM Role: transcript-ec2-role
2026-05-01 06:22:03,365 [INFO] [MainThread] === retry_unfinalized starting ===
2026-05-01 06:22:03,366 [INFO] [MainThread] Scanning temp/live-doc-history/ for unfinalized meetings...
2026-05-01 06:22:03,682 [INFO] [MainThread] Found 466 tracked, 466 finalized, 0 need retry
2026-05-01 06:22:03,682 [INFO] [MainThread] Nothing to retry. All tracked meetings are finalized.
2026-05-01 06:32:03,474 [INFO] [MainThread] Found credentials from IAM Role: transcript-ec2-role
2026-05-01 06:32:03,584 [INFO] [MainThread] === retry_unfinalized starting ===
2026-05-01 06:32:03,584 [INFO] [MainThread] Scanning temp/live-doc-history/ for unfinalized meetings...
2026-05-01 06:32:03,942 [INFO] [MainThread] Found 466 tracked, 466 finalized, 0 need retry
2026-05-01 06:32:03,942 [INFO] [MainThread] Nothing to retry. All tracked meetings are finalized.
2026-05-01 06:43:03,260 [INFO] [MainThread] Found credentials from IAM Role: transcript-ec2-role
2026-05-01 06:43:03,369 [INFO] [MainThread] === retry_unfinalized starting ===
2026-05-01 06:43:03,369 [INFO] [MainThread] Scanning temp/live-doc-history/ for unfinalized meetings...
2026-05-01 06:43:03,654 [INFO] [MainThread] Found 466 tracked, 466 finalized, 0 need retry
2026-05-01 06:43:03,655 [INFO] [MainThread] Nothing to retry. All tracked meetings are finalized.
2026-05-01 06:54:03,279 [INFO] [MainThread] Found credentials from IAM Role: transcript-ec2-role
2026-05-01 06:54:03,386 [INFO] [MainThread] === retry_unfinalized starting ===
2026-05-01 06:54:03,387 [INFO] [MainThread] Scanning temp/live-doc-history/ for unfinalized meetings...
2026-05-01 06:54:03,683 [INFO] [MainThread] Found 466 tracked, 466 finalized, 0 need retry
2026-05-01 06:54:03,683 [INFO] [MainThread] Nothing to retry. All tracked meetings are finalized.
2026-05-01 07:04:03,485 [INFO] [MainThread] Found credentials from IAM Role: transcript-ec2-role
2026-05-01 07:04:03,594 [INFO] [MainThread] === retry_unfinalized starting ===
2026-05-01 07:04:03,594 [INFO] [MainThread] Scanning temp/live-doc-history/ for unfinalized meetings...
2026-05-01 07:04:03,887 [INFO] [MainThread] Found 466 tracked, 466 finalized, 0 need retry
2026-05-01 07:04:03,887 [INFO] [MainThread] Nothing to retry. All tracked meetings are finalized.
2026-05-01 07:15:03,256 [INFO] [MainThread] Found credentials from IAM Role: transcript-ec2-role
2026-05-01 07:15:03,363 [INFO] [MainThread] === retry_unfinalized starting ===
2026-05-01 07:15:03,364 [INFO] [MainThread] Scanning temp/live-doc-history/ for unfinalized meetings...
2026-05-01 07:15:03,693 [INFO] [MainThread] Found 466 tracked, 466 finalized, 0 need retry
2026-05-01 07:15:03,694 [INFO] [MainThread] Nothing to retry. All tracked meetings are finalized.
2026-05-01 07:26:03,260 [INFO] [MainThread] Found credentials from IAM Role: transcript-ec2-role
2026-05-01 07:26:03,366 [INFO] [MainThread] === retry_unfinalized starting ===
2026-05-01 07:26:03,366 [INFO] [MainThread] Scanning temp/live-doc-history/ for unfinalized meetings...
2026-05-01 07:26:03,659 [INFO] [MainThread] Found 466 tracked, 466 finalized, 0 need retry
2026-05-01 07:26:03,659 [INFO] [MainThread] Nothing to retry. All tracked meetings are finalized.
2026-05-01 07:36:03,432 [INFO] [MainThread] Found credentials from IAM Role: transcript-ec2-role
2026-05-01 07:36:03,536 [INFO] [MainThread] === retry_unfinalized starting ===
2026-05-01 07:36:03,536 [INFO] [MainThread] Scanning temp/live-doc-history/ for unfinalized meetings...
2026-05-01 07:36:03,836 [INFO] [MainThread] Found 466 tracked, 466 finalized, 0 need retry
2026-05-01 07:36:03,837 [INFO] [MainThread] Nothing to retry. All tracked meetings are finalized.
2026-05-01 07:47:03,268 [INFO] [MainThread] Found credentials from IAM Role: transcript-ec2-role
2026-05-01 07:47:03,375 [INFO] [MainThread] === retry_unfinalized starting ===
2026-05-01 07:47:03,375 [INFO] [MainThread] Scanning temp/live-doc-history/ for unfinalized meetings...
2026-05-01 07:47:03,717 [INFO] [MainThread] Found 466 tracked, 466 finalized, 0 need retry
2026-05-01 07:47:03,717 [INFO] [MainThread] Nothing to retry. All tracked meetings are finalized.
2026-05-01 07:58:03,290 [INFO] [MainThread] Found credentials from IAM Role: transcript-ec2-role
2026-05-01 07:58:03,396 [INFO] [MainThread] === retry_unfinalized starting ===
2026-05-01 07:58:03,397 [INFO] [MainThread] Scanning temp/live-doc-history/ for unfinalized meetings...
2026-05-01 07:58:03,698 [INFO] [MainThread] Found 466 tracked, 466 finalized, 0 need retry
2026-05-01 07:58:03,698 [INFO] [MainThread] Nothing to retry. All tracked meetings are finalized.
2026-05-01 08:09:03,271 [INFO] [MainThread] Found credentials from IAM Role: transcript-ec2-role
2026-05-01 08:09:03,379 [INFO] [MainThread] === retry_unfinalized starting ===
2026-05-01 08:09:03,379 [INFO] [MainThread] Scanning temp/live-doc-history/ for unfinalized meetings...
2026-05-01 08:09:03,767 [INFO] [MainThread] Found 466 tracked, 466 finalized, 0 need retry
2026-05-01 08:09:03,767 [INFO] [MainThread] Nothing to retry. All tracked meetings are finalized.
2026-05-01 08:20:01,863 [INFO] [MainThread] Found credentials from IAM Role: transcript-ec2-role
2026-05-01 08:20:01,976 [INFO] [MainThread] === retry_unfinalized starting ===
2026-05-01 08:20:01,976 [INFO] [MainThread] Scanning temp/live-doc-history/ for unfinalized meetings...
2026-05-01 08:20:02,281 [INFO] [MainThread] Found 466 tracked, 466 finalized, 0 need retry
2026-05-01 08:20:02,282 [INFO] [MainThread] Nothing to retry. All tracked meetings are finalized.
2026-05-01 08:30:01,917 [INFO] [MainThread] Found credentials from IAM Role: transcript-ec2-role
2026-05-01 08:30:02,027 [INFO] [MainThread] === retry_unfinalized starting ===
2026-05-01 08:30:02,027 [INFO] [MainThread] Scanning temp/live-doc-history/ for unfinalized meetings...
2026-05-01 08:30:02,330 [INFO] [MainThread] Found 466 tracked, 466 finalized, 0 need retry
2026-05-01 08:30:02,330 [INFO] [MainThread] Nothing to retry. All tracked meetings are finalized.
2026-05-01 08:40:02,036 [INFO] [MainThread] Found credentials from IAM Role: transcript-ec2-role
2026-05-01 08:40:02,152 [INFO] [MainThread] === retry_unfinalized starting ===
2026-05-01 08:40:02,152 [INFO] [MainThread] Scanning temp/live-doc-history/ for unfinalized meetings...
2026-05-01 08:40:02,528 [INFO] [MainThread] Found 466 tracked, 466 finalized, 0 need retry
2026-05-01 08:40:02,528 [INFO] [MainThread] Nothing to retry. All tracked meetings are finalized.
2026-05-01 08:50:03,251 [INFO] [MainThread] Found credentials from IAM Role: transcript-ec2-role
2026-05-01 08:50:03,358 [INFO] [MainThread] === retry_unfinalized starting ===
2026-05-01 08:50:03,358 [INFO] [MainThread] Scanning temp/live-doc-history/ for unfinalized meetings...
2026-05-01 08:50:03,648 [INFO] [MainThread] Found 466 tracked, 466 finalized, 0 need retry
2026-05-01 08:50:03,649 [INFO] [MainThread] Nothing to retry. All tracked meetings are finalized.
2026-05-01 09:00:12,540 [INFO] [MainThread] Found credentials from IAM Role: transcript-ec2-role
2026-05-01 09:00:12,650 [INFO] [MainThread] === retry_unfinalized starting ===
2026-05-01 09:00:12,650 [INFO] [MainThread] Scanning temp/live-doc-history/ for unfinalized meetings...
2026-05-01 09:00:12,956 [INFO] [MainThread] Found 466 tracked, 466 finalized, 0 need retry
2026-05-01 09:00:12,956 [INFO] [MainThread] Nothing to retry. All tracked meetings are finalized.
2026-05-01 09:10:48,580 [INFO] [MainThread] Found credentials from IAM Role: transcript-ec2-role
2026-05-01 09:10:48,686 [INFO] [MainThread] === retry_unfinalized starting ===
2026-05-01 09:10:48,686 [INFO] [MainThread] Scanning temp/live-doc-history/ for unfinalized meetings...
2026-05-01 09:10:49,055 [INFO] [MainThread] Found 466 tracked, 466 finalized, 0 need retry
2026-05-01 09:10:49,055 [INFO] [MainThread] Nothing to retry. All tracked meetings are finalized.
2026-05-01 09:21:03,260 [INFO] [MainThread] Found credentials from IAM Role: transcript-ec2-role
2026-05-01 09:21:03,366 [INFO] [MainThread] === retry_unfinalized starting ===
2026-05-01 09:21:03,366 [INFO] [MainThread] Scanning temp/live-doc-history/ for unfinalized meetings...
2026-05-01 09:21:03,732 [INFO] [MainThread] Found 466 tracked, 466 finalized, 0 need retry
2026-05-01 09:21:03,732 [INFO] [MainThread] Nothing to retry. All tracked meetings are finalized.
2026-05-01 09:31:10,159 [INFO] [MainThread] Found credentials from IAM Role: transcript-ec2-role
2026-05-01 09:31:10,265 [INFO] [MainThread] === retry_unfinalized starting ===
2026-05-01 09:31:10,265 [INFO] [MainThread] Scanning temp/live-doc-history/ for unfinalized meetings...
2026-05-01 09:31:10,570 [INFO] [MainThread] Found 466 tracked, 466 finalized, 0 need retry
2026-05-01 09:31:10,570 [INFO] [MainThread] Nothing to retry. All tracked meetings are finalized.
2026-05-01 09:42:03,267 [INFO] [MainThread] Found credentials from IAM Role: transcript-ec2-role
2026-05-01 09:42:03,377 [INFO] [MainThread] === retry_unfinalized starting ===
2026-05-01 09:42:03,377 [INFO] [MainThread] Scanning temp/live-doc-history/ for unfinalized meetings...
2026-05-01 09:42:03,674 [INFO] [MainThread] Found 466 tracked, 466 finalized, 0 need retry
2026-05-01 09:42:03,674 [INFO] [MainThread] Nothing to retry. All tracked meetings are finalized.
2026-05-01 09:53:03,276 [INFO] [MainThread] Found credentials from IAM Role: transcript-ec2-role
2026-05-01 09:53:03,383 [INFO] [MainThread] === retry_unfinalized starting ===
2026-05-01 09:53:03,383 [INFO] [MainThread] Scanning temp/live-doc-history/ for unfinalized meetings...
2026-05-01 09:53:03,686 [INFO] [MainThread] Found 466 tracked, 466 finalized, 0 need retry
2026-05-01 09:53:03,686 [INFO] [MainThread] Nothing to retry. All tracked meetings are finalized.
2026-05-01 10:04:03,264 [INFO] [MainThread] Found credentials from IAM Role: transcript-ec2-role
2026-05-01 10:04:03,370 [INFO] [MainThread] === retry_unfinalized starting ===
2026-05-01 10:04:03,370 [INFO] [MainThread] Scanning temp/live-doc-history/ for unfinalized meetings...
2026-05-01 10:04:03,691 [INFO] [MainThread] Found 466 tracked, 466 finalized, 0 need retry
2026-05-01 10:04:03,691 [INFO] [MainThread] Nothing to retry. All tracked meetings are finalized.
2026-05-01 10:15:03,262 [INFO] [MainThread] Found credentials from IAM Role: transcript-ec2-role
2026-05-01 10:15:03,371 [INFO] [MainThread] === retry_unfinalized starting ===
2026-05-01 10:15:03,371 [INFO] [MainThread] Scanning temp/live-doc-history/ for unfinalized meetings...
2026-05-01 10:15:03,681 [INFO] [MainThread] Found 466 tracked, 466 finalized, 0 need retry
2026-05-01 10:15:03,681 [INFO] [MainThread] Nothing to retry. All tracked meetings are finalized.
2026-05-01 10:26:03,257 [INFO] [MainThread] Found credentials from IAM Role: transcript-ec2-role
2026-05-01 10:26:03,367 [INFO] [MainThread] === retry_unfinalized starting ===
2026-05-01 10:26:03,367 [INFO] [MainThread] Scanning temp/live-doc-history/ for unfinalized meetings...
2026-05-01 10:26:03,667 [INFO] [MainThread] Found 466 tracked, 466 finalized, 0 need retry
2026-05-01 10:26:03,667 [INFO] [MainThread] Nothing to retry. All tracked meetings are finalized.
2026-05-01 10:37:03,260 [INFO] [MainThread] Found credentials from IAM Role: transcript-ec2-role
2026-05-01 10:37:03,371 [INFO] [MainThread] === retry_unfinalized starting ===
2026-05-01 10:37:03,371 [INFO] [MainThread] Scanning temp/live-doc-history/ for unfinalized meetings...
2026-05-01 10:37:03,688 [INFO] [MainThread] Found 466 tracked, 466 finalized, 0 need retry
2026-05-01 10:37:03,688 [INFO] [MainThread] Nothing to retry. All tracked meetings are finalized.
2026-05-01 10:48:03,260 [INFO] [MainThread] Found credentials from IAM Role: transcript-ec2-role
2026-05-01 10:48:03,368 [INFO] [MainThread] === retry_unfinalized starting ===
2026-05-01 10:48:03,368 [INFO] [MainThread] Scanning temp/live-doc-history/ for unfinalized meetings...
2026-05-01 10:48:03,718 [INFO] [MainThread] Found 466 tracked, 466 finalized, 0 need retry
2026-05-01 10:48:03,718 [INFO] [MainThread] Nothing to retry. All tracked meetings are finalized.
2026-05-01 10:59:03,262 [INFO] [MainThread] Found credentials from IAM Role: transcript-ec2-role
2026-05-01 10:59:03,367 [INFO] [MainThread] === retry_unfinalized starting ===
2026-05-01 10:59:03,367 [INFO] [MainThread] Scanning temp/live-doc-history/ for unfinalized meetings...
2026-05-01 10:59:03,694 [INFO] [MainThread] Found 466 tracked, 466 finalized, 0 need retry
2026-05-01 10:59:03,694 [INFO] [MainThread] Nothing to retry. All tracked meetings are finalized.
2026-05-01 11:10:01,973 [INFO] [MainThread] Found credentials from IAM Role: transcript-ec2-role
2026-05-01 11:10:02,097 [INFO] [MainThread] === retry_unfinalized starting ===
2026-05-01 11:10:02,097 [INFO] [MainThread] Scanning temp/live-doc-history/ for unfinalized meetings...
2026-05-01 11:10:02,471 [INFO] [MainThread] Found 466 tracked, 466 finalized, 0 need retry
2026-05-01 11:10:02,472 [INFO] [MainThread] Nothing to retry. All tracked meetings are finalized.
2026-05-01 11:20:03,251 [INFO] [MainThread] Found credentials from IAM Role: transcript-ec2-role
2026-05-01 11:20:03,360 [INFO] [MainThread] === retry_unfinalized starting ===
2026-05-01 11:20:03,360 [INFO] [MainThread] Scanning temp/live-doc-history/ for unfinalized meetings...
2026-05-01 11:20:03,687 [INFO] [MainThread] Found 466 tracked, 466 finalized, 0 need retry
2026-05-01 11:20:03,687 [INFO] [MainThread] Nothing to retry. All tracked meetings are finalized.
2026-05-01 11:30:12,534 [INFO] [MainThread] Found credentials from IAM Role: transcript-ec2-role
2026-05-01 11:30:12,649 [INFO] [MainThread] === retry_unfinalized starting ===
2026-05-01 11:30:12,649 [INFO] [MainThread] Scanning temp/live-doc-history/ for unfinalized meetings...
2026-05-01 11:30:12,979 [INFO] [MainThread] Found 466 tracked, 466 finalized, 0 need retry
2026-05-01 11:30:12,979 [INFO] [MainThread] Nothing to retry. All tracked meetings are finalized.
2026-05-01 11:40:13,019 [INFO] [MainThread] Found credentials from IAM Role: transcript-ec2-role
2026-05-01 11:40:13,133 [INFO] [MainThread] === retry_unfinalized starting ===
2026-05-01 11:40:13,133 [INFO] [MainThread] Scanning temp/live-doc-history/ for unfinalized meetings...
2026-05-01 11:40:13,466 [INFO] [MainThread] Found 466 tracked, 466 finalized, 0 need retry
2026-05-01 11:40:13,466 [INFO] [MainThread] Nothing to retry. All tracked meetings are finalized.
2026-05-01 11:51:03,274 [INFO] [MainThread] Found credentials from IAM Role: transcript-ec2-role
2026-05-01 11:51:03,384 [INFO] [MainThread] === retry_unfinalized starting ===
2026-05-01 11:51:03,384 [INFO] [MainThread] Scanning temp/live-doc-history/ for unfinalized meetings...
2026-05-01 11:51:03,685 [INFO] [MainThread] Found 466 tracked, 466 finalized, 0 need retry
2026-05-01 11:51:03,686 [INFO] [MainThread] Nothing to retry. All tracked meetings are finalized.
2026-05-01 12:01:11,929 [INFO] [MainThread] Found credentials from IAM Role: transcript-ec2-role
2026-05-01 12:01:12,038 [INFO] [MainThread] === retry_unfinalized starting ===
2026-05-01 12:01:12,038 [INFO] [MainThread] Scanning temp/live-doc-history/ for unfinalized meetings...
2026-05-01 12:01:12,366 [INFO] [MainThread] Found 466 tracked, 466 finalized, 0 need retry
2026-05-01 12:01:12,366 [INFO] [MainThread] Nothing to retry. All tracked meetings are finalized.
2026-05-01 12:12:03,273 [INFO] [MainThread] Found credentials from IAM Role: transcript-ec2-role
2026-05-01 12:12:03,399 [INFO] [MainThread] === retry_unfinalized starting ===
2026-05-01 12:12:03,399 [INFO] [MainThread] Scanning temp/live-doc-history/ for unfinalized meetings...
2026-05-01 12:12:03,782 [INFO] [MainThread] Found 466 tracked, 466 finalized, 0 need retry
2026-05-01 12:12:03,782 [INFO] [MainThread] Nothing to retry. All tracked meetings are finalized.
2026-05-01 12:23:03,261 [INFO] [MainThread] Found credentials from IAM Role: transcript-ec2-role
2026-05-01 12:23:03,369 [INFO] [MainThread] === retry_unfinalized starting ===
2026-05-01 12:23:03,369 [INFO] [MainThread] Scanning temp/live-doc-history/ for unfinalized meetings...
2026-05-01 12:23:03,722 [INFO] [MainThread] Found 466 tracked, 466 finalized, 0 need retry
2026-05-01 12:23:03,723 [INFO] [MainThread] Nothing to retry. All tracked meetings are finalized.
2026-05-01 12:33:20,344 [INFO] [MainThread] Found credentials from IAM Role: transcript-ec2-role
2026-05-01 12:33:20,451 [INFO] [MainThread] === retry_unfinalized starting ===
2026-05-01 12:33:20,452 [INFO] [MainThread] Scanning temp/live-doc-history/ for unfinalized meetings...
2026-05-01 12:33:20,779 [INFO] [MainThread] Found 466 tracked, 466 finalized, 0 need retry
2026-05-01 12:33:20,780 [INFO] [MainThread] Nothing to retry. All tracked meetings are finalized.
2026-05-01 12:44:03,276 [INFO] [MainThread] Found credentials from IAM Role: transcript-ec2-role
2026-05-01 12:44:03,386 [INFO] [MainThread] === retry_unfinalized starting ===
2026-05-01 12:44:03,386 [INFO] [MainThread] Scanning temp/live-doc-history/ for unfinalized meetings...
2026-05-01 12:44:03,678 [INFO] [MainThread] Found 466 tracked, 466 finalized, 0 need retry
2026-05-01 12:44:03,678 [INFO] [MainThread] Nothing to retry. All tracked meetings are finalized.
2026-05-01 12:55:03,279 [INFO] [MainThread] Found credentials from IAM Role: transcript-ec2-role
2026-05-01 12:55:03,387 [INFO] [MainThread] === retry_unfinalized starting ===
2026-05-01 12:55:03,387 [INFO] [MainThread] Scanning temp/live-doc-history/ for unfinalized meetings...
2026-05-01 12:55:03,718 [INFO] [MainThread] Found 466 tracked, 466 finalized, 0 need retry
2026-05-01 12:55:03,718 [INFO] [MainThread] Nothing to retry. All tracked meetings are finalized.
2026-05-01 13:06:03,279 [INFO] [MainThread] Found credentials from IAM Role: transcript-ec2-role
2026-05-01 13:06:03,389 [INFO] [MainThread] === retry_unfinalized starting ===
2026-05-01 13:06:03,389 [INFO] [MainThread] Scanning temp/live-doc-history/ for unfinalized meetings...
2026-05-01 13:06:03,691 [INFO] [MainThread] Found 466 tracked, 466 finalized, 0 need retry
2026-05-01 13:06:03,691 [INFO] [MainThread] Nothing to retry. All tracked meetings are finalized.
2026-05-01 13:16:03,489 [INFO] [MainThread] Found credentials from IAM Role: transcript-ec2-role
2026-05-01 13:16:03,595 [INFO] [MainThread] === retry_unfinalized starting ===
2026-05-01 13:16:03,595 [INFO] [MainThread] Scanning temp/live-doc-history/ for unfinalized meetings...
2026-05-01 13:16:03,929 [INFO] [MainThread] Found 466 tracked, 466 finalized, 0 need retry
2026-05-01 13:16:03,929 [INFO] [MainThread] Nothing to retry. All tracked meetings are finalized.
2026-05-01 13:27:03,258 [INFO] [MainThread] Found credentials from IAM Role: transcript-ec2-role
2026-05-01 13:27:03,365 [INFO] [MainThread] === retry_unfinalized starting ===
2026-05-01 13:27:03,365 [INFO] [MainThread] Scanning temp/live-doc-history/ for unfinalized meetings...
2026-05-01 13:27:03,668 [INFO] [MainThread] Found 468 tracked, 466 finalized, 2 need retry
2026-05-01 13:27:03,669 [INFO] [MainThread] Retrying 2 meetings with 20 parallel workers...
2026-05-01 13:27:15,992 [INFO] [MainThread] SKIP  96470205014 — recording not in S3 yet
2026-05-01 13:27:16,067 [INFO] [MainThread] SKIP  96488687833 — recording not in S3 yet
2026-05-01 13:27:16,067 [INFO] [MainThread] 
=== retry_unfinalized complete ===
  Finalized:     0
  No doc.txt:    0
  Still skipped: 2 (recording not in S3 yet)
  Errors:        0

2026-05-01 13:38:03,272 [INFO] [MainThread] Found credentials from IAM Role: transcript-ec2-role
2026-05-01 13:38:03,382 [INFO] [MainThread] === retry_unfinalized starting ===
2026-05-01 13:38:03,382 [INFO] [MainThread] Scanning temp/live-doc-history/ for unfinalized meetings...
2026-05-01 13:38:03,686 [INFO] [MainThread] Found 468 tracked, 466 finalized, 2 need retry
2026-05-01 13:38:03,686 [INFO] [MainThread] Retrying 2 meetings with 20 parallel workers...
2026-05-01 13:38:16,583 [INFO] [MainThread] SKIP  96470205014 — recording not in S3 yet
2026-05-01 13:38:17,279 [INFO] [MainThread] SKIP  96488687833 — recording not in S3 yet
2026-05-01 13:38:17,280 [INFO] [MainThread] 
=== retry_unfinalized complete ===
  Finalized:     0
  No doc.txt:    0
  Still skipped: 2 (recording not in S3 yet)
  Errors:        0

2026-05-01 13:49:03,269 [INFO] [MainThread] Found credentials from IAM Role: transcript-ec2-role
2026-05-01 13:49:03,376 [INFO] [MainThread] === retry_unfinalized starting ===
2026-05-01 13:49:03,376 [INFO] [MainThread] Scanning temp/live-doc-history/ for unfinalized meetings...
2026-05-01 13:49:03,662 [INFO] [MainThread] Found 468 tracked, 466 finalized, 2 need retry
2026-05-01 13:49:03,663 [INFO] [MainThread] Retrying 2 meetings with 20 parallel workers...
2026-05-01 13:49:16,124 [INFO] [MainThread] SKIP  96470205014 — recording not in S3 yet
2026-05-01 13:49:16,199 [INFO] [MainThread] SKIP  96488687833 — recording not in S3 yet
2026-05-01 13:49:16,200 [INFO] [MainThread] 
=== retry_unfinalized complete ===
  Finalized:     0
  No doc.txt:    0
  Still skipped: 2 (recording not in S3 yet)
  Errors:        0

2026-05-01 13:59:03,517 [INFO] [MainThread] Found credentials from IAM Role: transcript-ec2-role
2026-05-01 13:59:03,627 [INFO] [MainThread] === retry_unfinalized starting ===
2026-05-01 13:59:03,627 [INFO] [MainThread] Scanning temp/live-doc-history/ for unfinalized meetings...
2026-05-01 13:59:03,975 [INFO] [MainThread] Found 469 tracked, 467 finalized, 2 need retry
2026-05-01 13:59:03,975 [INFO] [MainThread] Retrying 2 meetings with 20 parallel workers...
2026-05-01 13:59:16,381 [INFO] [MainThread] SKIP  94125584251 — recording not in S3 yet
2026-05-01 13:59:16,453 [INFO] [MainThread] SKIP  96470205014 — recording not in S3 yet
2026-05-01 13:59:16,454 [INFO] [MainThread] 
=== retry_unfinalized complete ===
  Finalized:     0
  No doc.txt:    0
  Still skipped: 2 (recording not in S3 yet)
  Errors:        0

2026-05-01 14:10:01,401 [INFO] [MainThread] Found credentials from IAM Role: transcript-ec2-role
2026-05-01 14:10:01,513 [INFO] [MainThread] === retry_unfinalized starting ===
2026-05-01 14:10:01,513 [INFO] [MainThread] Scanning temp/live-doc-history/ for unfinalized meetings...
2026-05-01 14:10:01,896 [INFO] [MainThread] Found 469 tracked, 468 finalized, 1 need retry
2026-05-01 14:10:01,896 [INFO] [MainThread] Retrying 1 meetings with 20 parallel workers...
2026-05-01 14:10:13,464 [INFO] [MainThread] SKIP  94125584251 — recording not in S3 yet
2026-05-01 14:10:13,470 [INFO] [MainThread] 
=== retry_unfinalized complete ===
  Finalized:     0
  No doc.txt:    0
  Still skipped: 1 (recording not in S3 yet)
  Errors:        0

2026-05-01 14:20:01,916 [INFO] [MainThread] Found credentials from IAM Role: transcript-ec2-role
2026-05-01 14:20:02,040 [INFO] [MainThread] === retry_unfinalized starting ===
2026-05-01 14:20:02,040 [INFO] [MainThread] Scanning temp/live-doc-history/ for unfinalized meetings...
2026-05-01 14:20:02,354 [INFO] [MainThread] Found 469 tracked, 468 finalized, 1 need retry
2026-05-01 14:20:02,354 [INFO] [MainThread] Retrying 1 meetings with 20 parallel workers...
2026-05-01 14:20:12,657 [INFO] [MainThread] SKIP  94125584251 — recording not in S3 yet
2026-05-01 14:20:12,657 [INFO] [MainThread] 
=== retry_unfinalized complete ===
  Finalized:     0
  No doc.txt:    0
  Still skipped: 1 (recording not in S3 yet)
  Errors:        0

2026-05-01 14:30:03,251 [INFO] [MainThread] Found credentials from IAM Role: transcript-ec2-role
2026-05-01 14:30:03,355 [INFO] [MainThread] === retry_unfinalized starting ===
2026-05-01 14:30:03,355 [INFO] [MainThread] Scanning temp/live-doc-history/ for unfinalized meetings...
2026-05-01 14:30:03,650 [INFO] [MainThread] Found 472 tracked, 468 finalized, 4 need retry
2026-05-01 14:30:03,651 [INFO] [MainThread] Retrying 4 meetings with 20 parallel workers...
2026-05-01 14:30:30,811 [INFO] [MainThread] SKIP  92343629376 — recording not in S3 yet
2026-05-01 14:30:31,009 [INFO] [MainThread] SKIP  94125584251 — recording not in S3 yet
2026-05-01 14:30:31,124 [INFO] [MainThread] SKIP  98526878492 — recording not in S3 yet
2026-05-01 14:30:31,200 [INFO] [MainThread] SKIP  93361986893 — recording not in S3 yet
2026-05-01 14:30:31,201 [INFO] [MainThread] 
=== retry_unfinalized complete ===
  Finalized:     0
  No doc.txt:    0
  Still skipped: 4 (recording not in S3 yet)
  Errors:        0

2026-05-01 14:40:12,540 [INFO] [MainThread] Found credentials from IAM Role: transcript-ec2-role
2026-05-01 14:40:12,648 [INFO] [MainThread] === retry_unfinalized starting ===
2026-05-01 14:40:12,648 [INFO] [MainThread] Scanning temp/live-doc-history/ for unfinalized meetings...
2026-05-01 14:40:12,975 [INFO] [MainThread] Found 472 tracked, 468 finalized, 4 need retry
2026-05-01 14:40:12,975 [INFO] [MainThread] Retrying 4 meetings with 20 parallel workers...
2026-05-01 14:40:39,760 [INFO] [MainThread] SKIP  98526878492 — recording not in S3 yet
2026-05-01 14:40:39,760 [INFO] [MainThread] SKIP  92343629376 — recording not in S3 yet
2026-05-01 14:40:39,874 [INFO] [MainThread] SKIP  94125584251 — recording not in S3 yet
2026-05-01 14:40:39,949 [INFO] [MainThread] SKIP  93361986893 — recording not in S3 yet
2026-05-01 14:40:39,949 [INFO] [MainThread] 
=== retry_unfinalized complete ===
  Finalized:     0
  No doc.txt:    0
  Still skipped: 4 (recording not in S3 yet)
  Errors:        0

2026-05-01 14:50:12,782 [INFO] [MainThread] Found credentials from IAM Role: transcript-ec2-role
2026-05-01 14:50:12,892 [INFO] [MainThread] === retry_unfinalized starting ===
2026-05-01 14:50:12,892 [INFO] [MainThread] Scanning temp/live-doc-history/ for unfinalized meetings...
2026-05-01 14:50:13,198 [INFO] [MainThread] Found 476 tracked, 470 finalized, 6 need retry
2026-05-01 14:50:13,199 [INFO] [MainThread] Retrying 6 meetings with 20 parallel workers...
2026-05-01 14:50:54,224 [INFO] [MainThread] SKIP  91281535371 — recording not in S3 yet
2026-05-01 14:50:54,567 [INFO] [MainThread] SKIP  98526878492 — recording not in S3 yet
2026-05-01 14:50:54,692 [INFO] [MainThread] SKIP  93361986893 — recording not in S3 yet
2026-05-01 14:50:54,732 [INFO] [MainThread] SKIP  92343629376 — recording not in S3 yet
2026-05-01 14:50:54,837 [INFO] [MainThread] SKIP  98778457703 — recording not in S3 yet
2026-05-01 14:50:54,911 [INFO] [MainThread] SKIP  95156704572 — recording not in S3 yet
2026-05-01 14:50:54,912 [INFO] [MainThread] 
=== retry_unfinalized complete ===
  Finalized:     0
  No doc.txt:    0
  Still skipped: 6 (recording not in S3 yet)
  Errors:        0

2026-05-01 15:01:03,257 [INFO] [MainThread] Found credentials from IAM Role: transcript-ec2-role
2026-05-01 15:01:03,368 [INFO] [MainThread] === retry_unfinalized starting ===
2026-05-01 15:01:03,368 [INFO] [MainThread] Scanning temp/live-doc-history/ for unfinalized meetings...
2026-05-01 15:01:03,718 [INFO] [MainThread] Found 478 tracked, 472 finalized, 6 need retry
2026-05-01 15:01:03,718 [INFO] [MainThread] Retrying 6 meetings with 20 parallel workers...
2026-05-01 15:01:46,706 [INFO] [MainThread] SKIP  91656530194 — recording not in S3 yet
2026-05-01 15:01:46,931 [INFO] [MainThread] SKIP  93361986893 — recording not in S3 yet
2026-05-01 15:01:47,504 [INFO] [MainThread] SKIP  97799497835 — recording not in S3 yet
2026-05-01 15:01:47,625 [INFO] [MainThread] SKIP  98778457703 — recording not in S3 yet
2026-05-01 15:01:47,706 [INFO] [MainThread] SKIP  95156704572 — recording not in S3 yet
2026-05-01 15:01:47,781 [INFO] [MainThread] SKIP  98526878492 — recording not in S3 yet
2026-05-01 15:01:47,782 [INFO] [MainThread] 
=== retry_unfinalized complete ===
  Finalized:     0
  No doc.txt:    0
  Still skipped: 6 (recording not in S3 yet)
  Errors:        0

2026-05-01 15:12:03,270 [INFO] [MainThread] Found credentials from IAM Role: transcript-ec2-role
2026-05-01 15:12:03,385 [INFO] [MainThread] === retry_unfinalized starting ===
2026-05-01 15:12:03,385 [INFO] [MainThread] Scanning temp/live-doc-history/ for unfinalized meetings...
2026-05-01 15:12:03,715 [INFO] [MainThread] Found 478 tracked, 474 finalized, 4 need retry
2026-05-01 15:12:03,715 [INFO] [MainThread] Retrying 4 meetings with 20 parallel workers...
2026-05-01 15:12:31,670 [INFO] [MainThread] SKIP  97799497835 — recording not in S3 yet
2026-05-01 15:12:31,674 [INFO] [MainThread] SKIP  98778457703 — recording not in S3 yet
2026-05-01 15:12:31,795 [INFO] [MainThread] SKIP  91656530194 — recording not in S3 yet
2026-05-01 15:12:31,830 [INFO] [MainThread] SKIP  98526878492 — recording not in S3 yet
2026-05-01 15:12:31,831 [INFO] [MainThread] 
=== retry_unfinalized complete ===
  Finalized:     0
  No doc.txt:    0
  Still skipped: 4 (recording not in S3 yet)
  Errors:        0

2026-05-01 15:22:03,285 [INFO] [MainThread] Found credentials from IAM Role: transcript-ec2-role
2026-05-01 15:22:03,397 [INFO] [MainThread] === retry_unfinalized starting ===
2026-05-01 15:22:03,398 [INFO] [MainThread] Scanning temp/live-doc-history/ for unfinalized meetings...
2026-05-01 15:22:03,750 [INFO] [MainThread] Found 478 tracked, 476 finalized, 2 need retry
2026-05-01 15:22:03,751 [INFO] [MainThread] Retrying 2 meetings with 20 parallel workers...
2026-05-01 15:22:17,282 [INFO] [MainThread] SKIP  97799497835 — recording not in S3 yet
2026-05-01 15:22:17,357 [INFO] [MainThread] SKIP  98778457703 — recording not in S3 yet
2026-05-01 15:22:17,358 [INFO] [MainThread] 
=== retry_unfinalized complete ===
  Finalized:     0
  No doc.txt:    0
  Still skipped: 2 (recording not in S3 yet)
  Errors:        0

2026-05-01 15:32:03,473 [INFO] [MainThread] Found credentials from IAM Role: transcript-ec2-role
2026-05-01 15:32:03,580 [INFO] [MainThread] === retry_unfinalized starting ===
2026-05-01 15:32:03,580 [INFO] [MainThread] Scanning temp/live-doc-history/ for unfinalized meetings...
2026-05-01 15:32:03,893 [INFO] [MainThread] Found 480 tracked, 476 finalized, 4 need retry
2026-05-01 15:32:03,894 [INFO] [MainThread] Retrying 4 meetings with 20 parallel workers...
2026-05-01 15:32:31,116 [INFO] [MainThread] SKIP  91398465224 — recording not in S3 yet
2026-05-01 15:32:31,569 [INFO] [MainThread] SKIP  94471238532 — recording not in S3 yet
2026-05-01 15:32:31,805 [INFO] [MainThread] SKIP  97799497835 — recording not in S3 yet
2026-05-01 15:32:31,980 [INFO] [MainThread] SKIP  98778457703 — recording not in S3 yet
2026-05-01 15:32:31,981 [INFO] [MainThread] 
=== retry_unfinalized complete ===
  Finalized:     0
  No doc.txt:    0
  Still skipped: 4 (recording not in S3 yet)
  Errors:        0

2026-05-01 15:43:03,266 [INFO] [MainThread] Found credentials from IAM Role: transcript-ec2-role
2026-05-01 15:43:03,374 [INFO] [MainThread] === retry_unfinalized starting ===
2026-05-01 15:43:03,374 [INFO] [MainThread] Scanning temp/live-doc-history/ for unfinalized meetings...
2026-05-01 15:43:03,692 [INFO] [MainThread] Found 480 tracked, 477 finalized, 3 need retry
2026-05-01 15:43:03,692 [INFO] [MainThread] Retrying 3 meetings with 20 parallel workers...
2026-05-01 15:43:23,555 [INFO] [MainThread] SKIP  98778457703 — recording not in S3 yet
2026-05-01 15:43:23,864 [INFO] [MainThread] SKIP  91398465224 — recording not in S3 yet
2026-05-01 15:43:23,973 [INFO] [MainThread] SKIP  94471238532 — recording not in S3 yet
2026-05-01 15:43:23,974 [INFO] [MainThread] 
=== retry_unfinalized complete ===
  Finalized:     0
  No doc.txt:    0
  Still skipped: 3 (recording not in S3 yet)
  Errors:        0

2026-05-01 15:53:03,494 [INFO] [MainThread] Found credentials from IAM Role: transcript-ec2-role
2026-05-01 15:53:03,644 [INFO] [MainThread] === retry_unfinalized starting ===
2026-05-01 15:53:03,644 [INFO] [MainThread] Scanning temp/live-doc-history/ for unfinalized meetings...
2026-05-01 15:53:04,004 [INFO] [MainThread] Found 487 tracked, 478 finalized, 9 need retry
2026-05-01 15:53:04,004 [INFO] [MainThread] Retrying 9 meetings with 20 parallel workers...
2026-05-01 15:54:13,773 [INFO] [MainThread] SKIP  95488410650 — recording not in S3 yet
2026-05-01 15:54:15,467 [INFO] [MainThread] SKIP  93807395531 — recording not in S3 yet
2026-05-01 15:54:16,368 [INFO] [MainThread] SKIP  91007737536 — recording not in S3 yet
2026-05-01 15:54:16,485 [INFO] [MainThread] SKIP  94471238532 — recording not in S3 yet
2026-05-01 15:54:16,560 [INFO] [MainThread] SKIP  93616199342 — recording not in S3 yet
2026-05-01 15:54:16,813 [INFO] [MainThread] SKIP  91839786632 — recording not in S3 yet
2026-05-01 15:54:16,900 [INFO] [MainThread] SKIP  95072375388 — recording not in S3 yet
2026-05-01 15:54:17,018 [INFO] [MainThread] SKIP  91398465224 — recording not in S3 yet
2026-05-01 15:54:17,094 [INFO] [MainThread] SKIP  98461681489 — recording not in S3 yet
2026-05-01 15:54:17,095 [INFO] [MainThread] 
=== retry_unfinalized complete ===
  Finalized:     0
  No doc.txt:    0
  Still skipped: 9 (recording not in S3 yet)
  Errors:        0

2026-05-01 16:04:03,259 [INFO] [MainThread] Found credentials from IAM Role: transcript-ec2-role
2026-05-01 16:04:03,365 [INFO] [MainThread] === retry_unfinalized starting ===
2026-05-01 16:04:03,365 [INFO] [MainThread] Scanning temp/live-doc-history/ for unfinalized meetings...
2026-05-01 16:04:03,663 [INFO] [MainThread] Found 489 tracked, 481 finalized, 8 need retry
2026-05-01 16:04:03,663 [INFO] [MainThread] Retrying 8 meetings with 20 parallel workers...
2026-05-01 16:04:59,988 [INFO] [MainThread] SKIP  91007737536 — recording not in S3 yet
2026-05-01 16:05:00,983 [INFO] [MainThread] SKIP  91839786632 — recording not in S3 yet
2026-05-01 16:05:01,350 [INFO] [MainThread] SKIP  91398465224 — recording not in S3 yet
2026-05-01 16:05:01,350 [INFO] [MainThread] SKIP  97655648300 — recording not in S3 yet
2026-05-01 16:05:01,435 [INFO] [MainThread] SKIP  95072375388 — recording not in S3 yet
2026-05-01 16:05:01,528 [INFO] [MainThread] SKIP  98461681489 — recording not in S3 yet
2026-05-01 16:05:01,597 [INFO] [MainThread] SKIP  93807395531 — recording not in S3 yet
2026-05-01 16:05:01,670 [INFO] [MainThread] SKIP  95911614952 — recording not in S3 yet
2026-05-01 16:05:01,671 [INFO] [MainThread] 
=== retry_unfinalized complete ===
  Finalized:     0
  No doc.txt:    0
  Still skipped: 8 (recording not in S3 yet)
  Errors:        0

2026-05-01 16:14:58,800 [INFO] [MainThread] Found credentials from IAM Role: transcript-ec2-role
2026-05-01 16:14:58,905 [INFO] [MainThread] === retry_unfinalized starting ===
2026-05-01 16:14:58,906 [INFO] [MainThread] Scanning temp/live-doc-history/ for unfinalized meetings...
2026-05-01 16:14:59,273 [INFO] [MainThread] Found 491 tracked, 482 finalized, 9 need retry
2026-05-01 16:14:59,274 [INFO] [MainThread] Retrying 9 meetings with 20 parallel workers...
2026-05-01 16:16:03,792 [INFO] [MainThread] SKIP  91007737536 — recording not in S3 yet
2026-05-01 16:16:05,049 [INFO] [MainThread] SKIP  91839786632 — recording not in S3 yet
2026-05-01 16:16:05,317 [INFO] [MainThread] SKIP  97655648300 — recording not in S3 yet
2026-05-01 16:16:05,474 [INFO] [MainThread] SKIP  95072375388 — recording not in S3 yet
2026-05-01 16:16:05,573 [INFO] [MainThread] SKIP  95149908142 — recording not in S3 yet
2026-05-01 16:16:05,720 [INFO] [MainThread] SKIP  99844736473 — recording not in S3 yet
2026-05-01 16:16:05,780 [INFO] [MainThread] SKIP  98461681489 — recording not in S3 yet
2026-05-01 16:16:05,987 [INFO] [MainThread] SKIP  95911614952 — recording not in S3 yet
2026-05-01 16:16:06,200 [INFO] [MainThread] SKIP  93807395531 — recording not in S3 yet
2026-05-01 16:16:06,201 [INFO] [MainThread] 
=== retry_unfinalized complete ===
  Finalized:     0
  No doc.txt:    0
  Still skipped: 9 (recording not in S3 yet)
  Errors:        0

2026-05-01 16:25:03,248 [INFO] [MainThread] Found credentials from IAM Role: transcript-ec2-role
2026-05-01 16:25:03,357 [INFO] [MainThread] === retry_unfinalized starting ===
2026-05-01 16:25:03,357 [INFO] [MainThread] Scanning temp/live-doc-history/ for unfinalized meetings...
2026-05-01 16:25:03,780 [INFO] [MainThread] Found 492 tracked, 484 finalized, 8 need retry
2026-05-01 16:25:03,780 [INFO] [MainThread] Retrying 8 meetings with 20 parallel workers...
2026-05-01 16:26:01,527 [INFO] [MainThread] SKIP  97655648300 — recording not in S3 yet
2026-05-01 16:26:02,054 [INFO] [MainThread] SKIP  95072375388 — recording not in S3 yet
2026-05-01 16:26:03,080 [INFO] [MainThread] SKIP  93807395531 — recording not in S3 yet
2026-05-01 16:26:03,106 [INFO] [MainThread] SKIP  95149908142 — recording not in S3 yet
2026-05-01 16:26:03,336 [INFO] [MainThread] SKIP  99844736473 — recording not in S3 yet
2026-05-01 16:26:03,517 [INFO] [MainThread] SKIP  98461681489 — recording not in S3 yet
2026-05-01 16:26:03,599 [INFO] [MainThread] SKIP  97610466777 — recording not in S3 yet
2026-05-01 16:26:03,694 [INFO] [MainThread] SKIP  95911614952 — recording not in S3 yet
2026-05-01 16:26:03,695 [INFO] [MainThread] 
=== retry_unfinalized complete ===
  Finalized:     0
  No doc.txt:    0
  Still skipped: 8 (recording not in S3 yet)
  Errors:        0

2026-05-01 16:36:03,257 [INFO] [MainThread] Found credentials from IAM Role: transcript-ec2-role
2026-05-01 16:36:03,365 [INFO] [MainThread] === retry_unfinalized starting ===
2026-05-01 16:36:03,365 [INFO] [MainThread] Scanning temp/live-doc-history/ for unfinalized meetings...
2026-05-01 16:36:03,677 [INFO] [MainThread] Found 494 tracked, 486 finalized, 8 need retry
2026-05-01 16:36:03,677 [INFO] [MainThread] Retrying 8 meetings with 20 parallel workers...
2026-05-01 16:37:00,809 [INFO] [MainThread] SKIP  94087103022 — recording not in S3 yet
2026-05-01 16:37:00,990 [INFO] [MainThread] SKIP  99844736473 — recording not in S3 yet
2026-05-01 16:37:01,201 [INFO] [MainThread] SKIP  95072375388 — recording not in S3 yet
2026-05-01 16:37:01,248 [INFO] [MainThread] SKIP  95149908142 — recording not in S3 yet
2026-05-01 16:37:01,441 [INFO] [MainThread] SKIP  97610466777 — recording not in S3 yet
2026-05-01 16:37:01,455 [INFO] [MainThread] SKIP  98461681489 — recording not in S3 yet
2026-05-01 16:37:01,607 [INFO] [MainThread] SKIP  97655648300 — recording not in S3 yet
2026-05-01 16:37:01,623 [INFO] [MainThread] SKIP  95911614952 — recording not in S3 yet
2026-05-01 16:37:01,624 [INFO] [MainThread] 
=== retry_unfinalized complete ===
  Finalized:     0
  No doc.txt:    0
  Still skipped: 8 (recording not in S3 yet)
  Errors:        0

2026-05-01 16:47:03,264 [INFO] [MainThread] Found credentials from IAM Role: transcript-ec2-role
2026-05-01 16:47:03,371 [INFO] [MainThread] === retry_unfinalized starting ===
2026-05-01 16:47:03,371 [INFO] [MainThread] Scanning temp/live-doc-history/ for unfinalized meetings...
2026-05-01 16:47:03,690 [INFO] [MainThread] Found 496 tracked, 490 finalized, 6 need retry
2026-05-01 16:47:03,690 [INFO] [MainThread] Retrying 6 meetings with 20 parallel workers...
2026-05-01 16:47:45,181 [INFO] [MainThread] SKIP  99844736473 — recording not in S3 yet
2026-05-01 16:47:45,365 [INFO] [MainThread] SKIP  94087103022 — recording not in S3 yet
2026-05-01 16:47:45,718 [INFO] [MainThread] SKIP  92832209600 — recording not in S3 yet
2026-05-01 16:47:46,047 [INFO] [MainThread] SKIP  97655648300 — recording not in S3 yet
2026-05-01 16:47:46,164 [INFO] [MainThread] SKIP  92590270298 — recording not in S3 yet
2026-05-01 16:47:46,237 [INFO] [MainThread] SKIP  97610466777 — recording not in S3 yet
2026-05-01 16:47:46,238 [INFO] [MainThread] 
=== retry_unfinalized complete ===
  Finalized:     0
  No doc.txt:    0
  Still skipped: 6 (recording not in S3 yet)
  Errors:        0

2026-05-01 16:58:03,261 [INFO] [MainThread] Found credentials from IAM Role: transcript-ec2-role
2026-05-01 16:58:03,369 [INFO] [MainThread] === retry_unfinalized starting ===
2026-05-01 16:58:03,369 [INFO] [MainThread] Scanning temp/live-doc-history/ for unfinalized meetings...
2026-05-01 16:58:03,675 [INFO] [MainThread] Found 498 tracked, 493 finalized, 5 need retry
2026-05-01 16:58:03,675 [INFO] [MainThread] Retrying 5 meetings with 20 parallel workers...
2026-05-01 16:58:38,048 [INFO] [MainThread] SKIP  92832209600 — recording not in S3 yet
2026-05-01 16:58:38,180 [INFO] [MainThread] SKIP  92590270298 — recording not in S3 yet
2026-05-01 16:58:38,382 [INFO] [MainThread] SKIP  93089342274 — recording not in S3 yet
2026-05-01 16:58:38,510 [INFO] [MainThread] SKIP  98124843511 — recording not in S3 yet
2026-05-01 16:58:38,681 [INFO] [MainThread] SKIP  94087103022 — recording not in S3 yet
2026-05-01 16:58:38,681 [INFO] [MainThread] 
=== retry_unfinalized complete ===
  Finalized:     0
  No doc.txt:    0
  Still skipped: 5 (recording not in S3 yet)
  Errors:        0

2026-05-01 17:09:03,265 [INFO] [MainThread] Found credentials from IAM Role: transcript-ec2-role
2026-05-01 17:09:03,371 [INFO] [MainThread] === retry_unfinalized starting ===
2026-05-01 17:09:03,371 [INFO] [MainThread] Scanning temp/live-doc-history/ for unfinalized meetings...
2026-05-01 17:09:03,674 [INFO] [MainThread] Found 499 tracked, 493 finalized, 6 need retry
2026-05-01 17:09:03,675 [INFO] [MainThread] Retrying 6 meetings with 20 parallel workers...
2026-05-01 17:09:44,734 [INFO] [MainThread] SKIP  93089342274 — recording not in S3 yet
2026-05-01 17:09:44,776 [INFO] [MainThread] SKIP  96479133801 — recording not in S3 yet
2026-05-01 17:09:45,495 [INFO] [MainThread] SKIP  92590270298 — recording not in S3 yet
2026-05-01 17:09:45,541 [INFO] [MainThread] SKIP  92832209600 — recording not in S3 yet
2026-05-01 17:09:45,652 [INFO] [MainThread] SKIP  98124843511 — recording not in S3 yet
2026-05-01 17:09:45,955 [INFO] [MainThread] SKIP  94087103022 — recording not in S3 yet
2026-05-01 17:09:45,956 [INFO] [MainThread] 
=== retry_unfinalized complete ===
  Finalized:     0
  No doc.txt:    0
  Still skipped: 6 (recording not in S3 yet)
  Errors:        0

2026-05-01 17:20:01,796 [INFO] [MainThread] Found credentials from IAM Role: transcript-ec2-role
2026-05-01 17:20:01,913 [INFO] [MainThread] === retry_unfinalized starting ===
2026-05-01 17:20:01,913 [INFO] [MainThread] Scanning temp/live-doc-history/ for unfinalized meetings...
2026-05-01 17:20:02,342 [INFO] [MainThread] Found 500 tracked, 496 finalized, 4 need retry
2026-05-01 17:20:02,342 [INFO] [MainThread] Retrying 4 meetings with 20 parallel workers...
2026-05-01 17:20:29,807 [INFO] [MainThread] SKIP  92832209600 — recording not in S3 yet
2026-05-01 17:20:30,154 [INFO] [MainThread] SKIP  92590270298 — recording not in S3 yet
2026-05-01 17:20:30,914 [INFO] [MainThread] SKIP  99039924107 — recording not in S3 yet
2026-05-01 17:20:31,038 [INFO] [MainThread] SKIP  96479133801 — recording not in S3 yet
2026-05-01 17:20:31,039 [INFO] [MainThread] 
=== retry_unfinalized complete ===
  Finalized:     0
  No doc.txt:    0
  Still skipped: 4 (recording not in S3 yet)
  Errors:        0

2026-05-01 17:30:01,846 [INFO] [MainThread] Found credentials from IAM Role: transcript-ec2-role
2026-05-01 17:30:01,959 [INFO] [MainThread] === retry_unfinalized starting ===
2026-05-01 17:30:01,959 [INFO] [MainThread] Scanning temp/live-doc-history/ for unfinalized meetings...
2026-05-01 17:30:02,297 [INFO] [MainThread] Found 504 tracked, 497 finalized, 7 need retry
2026-05-01 17:30:02,297 [INFO] [MainThread] Retrying 7 meetings with 20 parallel workers...
2026-05-01 17:30:50,574 [INFO] [MainThread] SKIP  92590270298 — recording not in S3 yet
2026-05-01 17:30:52,078 [INFO] [MainThread] SKIP  93827851501 — recording not in S3 yet
2026-05-01 17:30:52,374 [INFO] [MainThread] SKIP  99039924107 — recording not in S3 yet
2026-05-01 17:30:52,423 [INFO] [MainThread] SKIP  96479133801 — recording not in S3 yet
2026-05-01 17:30:52,449 [INFO] [MainThread] SKIP  99810841787 — recording not in S3 yet
2026-05-01 17:30:52,560 [INFO] [MainThread] SKIP  91081840903 — recording not in S3 yet
2026-05-01 17:30:52,875 [INFO] [MainThread] SKIP  97469542949 — recording not in S3 yet
2026-05-01 17:30:52,875 [INFO] [MainThread] 
=== retry_unfinalized complete ===
  Finalized:     0
  No doc.txt:    0
  Still skipped: 7 (recording not in S3 yet)
  Errors:        0

2026-05-01 17:40:01,891 [INFO] [MainThread] Found credentials from IAM Role: transcript-ec2-role
2026-05-01 17:40:02,010 [INFO] [MainThread] === retry_unfinalized starting ===
2026-05-01 17:40:02,010 [INFO] [MainThread] Scanning temp/live-doc-history/ for unfinalized meetings...
2026-05-01 17:40:02,355 [INFO] [MainThread] Found 504 tracked, 497 finalized, 7 need retry
2026-05-01 17:40:02,356 [INFO] [MainThread] Retrying 7 meetings with 20 parallel workers...
2026-05-01 17:40:52,690 [INFO] [MainThread] SKIP  97469542949 — recording not in S3 yet
2026-05-01 17:40:52,763 [INFO] [MainThread] SKIP  91081840903 — recording not in S3 yet
2026-05-01 17:40:52,781 [INFO] [MainThread] SKIP  93827851501 — recording not in S3 yet
2026-05-01 17:40:53,149 [INFO] [MainThread] SKIP  99810841787 — recording not in S3 yet
2026-05-01 17:40:53,489 [INFO] [MainThread] SKIP  96479133801 — recording not in S3 yet
2026-05-01 17:40:53,644 [INFO] [MainThread] SKIP  99039924107 — recording not in S3 yet
2026-05-01 17:40:53,662 [INFO] [MainThread] SKIP  92590270298 — recording not in S3 yet
2026-05-01 17:40:53,663 [INFO] [MainThread] 
=== retry_unfinalized complete ===
  Finalized:     0
  No doc.txt:    0
  Still skipped: 7 (recording not in S3 yet)
  Errors:        0

2026-05-01 17:50:03,261 [INFO] [MainThread] Found credentials from IAM Role: transcript-ec2-role
2026-05-01 17:50:03,367 [INFO] [MainThread] === retry_unfinalized starting ===
2026-05-01 17:50:03,367 [INFO] [MainThread] Scanning temp/live-doc-history/ for unfinalized meetings...
2026-05-01 17:50:03,743 [INFO] [MainThread] Found 507 tracked, 498 finalized, 9 need retry
2026-05-01 17:50:03,743 [INFO] [MainThread] Retrying 9 meetings with 20 parallel workers...
2026-05-01 17:51:09,166 [INFO] [MainThread] SKIP  97849032438 — recording not in S3 yet
2026-05-01 17:51:09,946 [INFO] [MainThread] SKIP  99039924107 — recording not in S3 yet
2026-05-01 17:51:10,909 [INFO] [MainThread] SKIP  99853974549 — recording not in S3 yet
2026-05-01 17:51:11,206 [INFO] [MainThread] SKIP  97469542949 — recording not in S3 yet
2026-05-01 17:51:11,294 [INFO] [MainThread] SKIP  97858357243 — recording not in S3 yet
2026-05-01 17:51:11,380 [INFO] [MainThread] SKIP  92590270298 — recording not in S3 yet
2026-05-01 17:51:11,386 [INFO] [MainThread] SKIP  93827851501 — recording not in S3 yet
2026-05-01 17:51:11,390 [INFO] [MainThread] SKIP  99810841787 — recording not in S3 yet
2026-05-01 17:51:11,464 [INFO] [MainThread] SKIP  96479133801 — recording not in S3 yet
2026-05-01 17:51:11,465 [INFO] [MainThread] 
=== retry_unfinalized complete ===
  Finalized:     0
  No doc.txt:    0
  Still skipped: 9 (recording not in S3 yet)
  Errors:        0

2026-05-01 18:00:12,543 [INFO] [MainThread] Found credentials from IAM Role: transcript-ec2-role
2026-05-01 18:00:12,652 [INFO] [MainThread] === retry_unfinalized starting ===
2026-05-01 18:00:12,652 [INFO] [MainThread] Scanning temp/live-doc-history/ for unfinalized meetings...
2026-05-01 18:00:12,971 [INFO] [MainThread] Found 508 tracked, 501 finalized, 7 need retry
2026-05-01 18:00:12,971 [INFO] [MainThread] Retrying 7 meetings with 20 parallel workers...
2026-05-01 18:01:03,049 [INFO] [MainThread] SKIP  97849032438 — recording not in S3 yet
2026-05-01 18:01:03,232 [INFO] [MainThread] SKIP  99810841787 — recording not in S3 yet
2026-05-01 18:01:03,443 [INFO] [MainThread] SKIP  97858357243 — recording not in S3 yet
2026-05-01 18:01:03,470 [INFO] [MainThread] SKIP  92590270298 — recording not in S3 yet
2026-05-01 18:01:03,742 [INFO] [MainThread] SKIP  99853974549 — recording not in S3 yet
2026-05-01 18:01:03,989 [INFO] [MainThread] SKIP  99039924107 — recording not in S3 yet
2026-05-01 18:01:04,175 [INFO] [MainThread] SKIP  96479133801 — recording not in S3 yet
2026-05-01 18:01:04,176 [INFO] [MainThread] 
=== retry_unfinalized complete ===
  Finalized:     0
  No doc.txt:    0
  Still skipped: 7 (recording not in S3 yet)
  Errors:        0

2026-05-01 18:11:03,309 [INFO] [MainThread] Found credentials from IAM Role: transcript-ec2-role
2026-05-01 18:11:03,420 [INFO] [MainThread] === retry_unfinalized starting ===
2026-05-01 18:11:03,420 [INFO] [MainThread] Scanning temp/live-doc-history/ for unfinalized meetings...
2026-05-01 18:11:03,778 [INFO] [MainThread] Found 508 tracked, 502 finalized, 6 need retry
2026-05-01 18:11:03,778 [INFO] [MainThread] Retrying 6 meetings with 20 parallel workers...
2026-05-01 18:11:47,632 [INFO] [MainThread] SKIP  92590270298 — recording not in S3 yet
2026-05-01 18:11:47,865 [INFO] [MainThread] SKIP  99039924107 — recording not in S3 yet
2026-05-01 18:11:47,985 [INFO] [MainThread] SKIP  99853974549 — recording not in S3 yet
2026-05-01 18:11:48,064 [INFO] [MainThread] SKIP  96479133801 — recording not in S3 yet
2026-05-01 18:11:48,141 [INFO] [MainThread] SKIP  97858357243 — recording not in S3 yet
2026-05-01 18:11:48,215 [INFO] [MainThread] SKIP  97849032438 — recording not in S3 yet
2026-05-01 18:11:48,216 [INFO] [MainThread] 
=== retry_unfinalized complete ===
  Finalized:     0
  No doc.txt:    0
  Still skipped: 6 (recording not in S3 yet)
  Errors:        0

2026-05-01 18:21:03,483 [INFO] [MainThread] Found credentials from IAM Role: transcript-ec2-role
2026-05-01 18:21:03,594 [INFO] [MainThread] === retry_unfinalized starting ===
2026-05-01 18:21:03,594 [INFO] [MainThread] Scanning temp/live-doc-history/ for unfinalized meetings...
2026-05-01 18:21:03,990 [INFO] [MainThread] Found 509 tracked, 502 finalized, 7 need retry
2026-05-01 18:21:03,990 [INFO] [MainThread] Retrying 7 meetings with 20 parallel workers...
2026-05-01 18:21:52,716 [INFO] [MainThread] SKIP  92590270298 — recording not in S3 yet
2026-05-01 18:21:52,931 [INFO] [MainThread] SKIP  97849032438 — recording not in S3 yet
2026-05-01 18:21:53,252 [INFO] [MainThread] SKIP  99039924107 — recording not in S3 yet
2026-05-01 18:21:53,651 [INFO] [MainThread] SKIP  97342511196 — recording not in S3 yet
2026-05-01 18:21:53,812 [INFO] [MainThread] SKIP  99853974549 — recording not in S3 yet
2026-05-01 18:21:53,906 [INFO] [MainThread] SKIP  96479133801 — recording not in S3 yet
2026-05-01 18:21:53,972 [INFO] [MainThread] SKIP  97858357243 — recording not in S3 yet
2026-05-01 18:21:53,973 [INFO] [MainThread] 
=== retry_unfinalized complete ===
  Finalized:     0
  No doc.txt:    0
  Still skipped: 7 (recording not in S3 yet)
  Errors:        0

2026-05-01 18:31:06,086 [INFO] [MainThread] Found credentials from IAM Role: transcript-ec2-role
2026-05-01 18:31:06,192 [INFO] [MainThread] === retry_unfinalized starting ===
2026-05-01 18:31:06,192 [INFO] [MainThread] Scanning temp/live-doc-history/ for unfinalized meetings...
2026-05-01 18:31:06,570 [INFO] [MainThread] Found 511 tracked, 503 finalized, 8 need retry
2026-05-01 18:31:06,571 [INFO] [MainThread] Retrying 8 meetings with 20 parallel workers...
2026-05-01 18:32:04,042 [INFO] [MainThread] SKIP  99853974549 — recording not in S3 yet
2026-05-01 18:32:05,391 [INFO] [MainThread] SKIP  97858357243 — recording not in S3 yet
2026-05-01 18:32:05,513 [INFO] [MainThread] SKIP  97849032438 — recording not in S3 yet
2026-05-01 18:32:05,562 [INFO] [MainThread] SKIP  92590270298 — recording not in S3 yet
2026-05-01 18:32:05,984 [INFO] [MainThread] SKIP  96856268534 — recording not in S3 yet
2026-05-01 18:32:06,145 [INFO] [MainThread] SKIP  97734808882 — recording not in S3 yet
2026-05-01 18:32:06,224 [INFO] [MainThread] SKIP  97342511196 — recording not in S3 yet
2026-05-01 18:32:06,299 [INFO] [MainThread] SKIP  96479133801 — recording not in S3 yet
2026-05-01 18:32:06,300 [INFO] [MainThread] 
=== retry_unfinalized complete ===
  Finalized:     0
  No doc.txt:    0
  Still skipped: 8 (recording not in S3 yet)
  Errors:        0

2026-05-01 18:41:59,393 [INFO] [MainThread] Found credentials from IAM Role: transcript-ec2-role
2026-05-01 18:41:59,503 [INFO] [MainThread] === retry_unfinalized starting ===
2026-05-01 18:41:59,503 [INFO] [MainThread] Scanning temp/live-doc-history/ for unfinalized meetings...
2026-05-01 18:41:59,909 [INFO] [MainThread] Found 511 tracked, 506 finalized, 5 need retry
2026-05-01 18:41:59,910 [INFO] [MainThread] Retrying 5 meetings with 20 parallel workers...
2026-05-01 18:42:35,436 [INFO] [MainThread] SKIP  97342511196 — recording not in S3 yet
2026-05-01 18:42:35,907 [INFO] [MainThread] SKIP  97858357243 — recording not in S3 yet
2026-05-01 18:42:35,914 [INFO] [MainThread] SKIP  99853974549 — recording not in S3 yet
2026-05-01 18:42:36,061 [INFO] [MainThread] SKIP  97734808882 — recording not in S3 yet
2026-05-01 18:42:36,172 [INFO] [MainThread] SKIP  92590270298 — recording not in S3 yet
2026-05-01 18:42:36,173 [INFO] [MainThread] 
=== retry_unfinalized complete ===
  Finalized:     0
  No doc.txt:    0
  Still skipped: 5 (recording not in S3 yet)
  Errors:        0

2026-05-01 18:52:03,275 [INFO] [MainThread] Found credentials from IAM Role: transcript-ec2-role
2026-05-01 18:52:03,385 [INFO] [MainThread] === retry_unfinalized starting ===
2026-05-01 18:52:03,385 [INFO] [MainThread] Scanning temp/live-doc-history/ for unfinalized meetings...
2026-05-01 18:52:03,849 [INFO] [MainThread] Found 513 tracked, 509 finalized, 4 need retry
2026-05-01 18:52:03,849 [INFO] [MainThread] Retrying 4 meetings with 20 parallel workers...
2026-05-01 18:52:31,355 [INFO] [MainThread] SKIP  97327055417 — recording not in S3 yet
2026-05-01 18:52:31,533 [INFO] [MainThread] SKIP  97342511196 — recording not in S3 yet
2026-05-01 18:52:31,646 [INFO] [MainThread] SKIP  97797743987 — recording not in S3 yet
2026-05-01 18:52:31,731 [INFO] [MainThread] SKIP  97858357243 — recording not in S3 yet
2026-05-01 18:52:31,731 [INFO] [MainThread] 
=== retry_unfinalized complete ===
  Finalized:     0
  No doc.txt:    0
  Still skipped: 4 (recording not in S3 yet)
  Errors:        0

2026-05-01 19:03:03,270 [INFO] [MainThread] Found credentials from IAM Role: transcript-ec2-role
2026-05-01 19:03:03,380 [INFO] [MainThread] === retry_unfinalized starting ===
2026-05-01 19:03:03,381 [INFO] [MainThread] Scanning temp/live-doc-history/ for unfinalized meetings...
2026-05-01 19:03:03,834 [INFO] [MainThread] Found 514 tracked, 509 finalized, 5 need retry
2026-05-01 19:03:03,834 [INFO] [MainThread] Retrying 5 meetings with 20 parallel workers...
2026-05-01 19:03:38,193 [INFO] [MainThread] SKIP  97327055417 — recording not in S3 yet
2026-05-01 19:03:39,095 [INFO] [MainThread] SKIP  97858357243 — recording not in S3 yet
2026-05-01 19:03:39,265 [INFO] [MainThread] SKIP  97342511196 — recording not in S3 yet
2026-05-01 19:03:39,369 [INFO] [MainThread] SKIP  97797743987 — recording not in S3 yet
2026-05-01 19:03:39,419 [INFO] [MainThread] SKIP  99556045703 — recording not in S3 yet
2026-05-01 19:03:39,420 [INFO] [MainThread] 
=== retry_unfinalized complete ===
  Finalized:     0
  No doc.txt:    0
  Still skipped: 5 (recording not in S3 yet)
  Errors:        0

2026-05-01 19:13:35,017 [INFO] [MainThread] Found credentials from IAM Role: transcript-ec2-role
2026-05-01 19:13:35,159 [INFO] [MainThread] === retry_unfinalized starting ===
2026-05-01 19:13:35,159 [INFO] [MainThread] Scanning temp/live-doc-history/ for unfinalized meetings...
2026-05-01 19:13:35,574 [INFO] [MainThread] Found 516 tracked, 512 finalized, 4 need retry
2026-05-01 19:13:35,575 [INFO] [MainThread] Retrying 4 meetings with 20 parallel workers...
2026-05-01 19:14:04,201 [INFO] [MainThread] SKIP  99556045703 — recording not in S3 yet
2026-05-01 19:14:04,361 [INFO] [MainThread] SKIP  94567071274 — recording not in S3 yet
2026-05-01 19:14:04,651 [INFO] [MainThread] SKIP  97797743987 — recording not in S3 yet
2026-05-01 19:14:04,725 [INFO] [MainThread] SKIP  93884885636 — recording not in S3 yet
2026-05-01 19:14:04,726 [INFO] [MainThread] 
=== retry_unfinalized complete ===
  Finalized:     0
  No doc.txt:    0
  Still skipped: 4 (recording not in S3 yet)
  Errors:        0

2026-05-01 19:24:03,262 [INFO] [MainThread] Found credentials from IAM Role: transcript-ec2-role
2026-05-01 19:24:03,374 [INFO] [MainThread] === retry_unfinalized starting ===
2026-05-01 19:24:03,374 [INFO] [MainThread] Scanning temp/live-doc-history/ for unfinalized meetings...
2026-05-01 19:24:03,736 [INFO] [MainThread] Found 518 tracked, 514 finalized, 4 need retry
2026-05-01 19:24:03,736 [INFO] [MainThread] Retrying 4 meetings with 20 parallel workers...
2026-05-01 19:24:29,372 [INFO] [MainThread] SKIP  93884885636 — recording not in S3 yet
2026-05-01 19:24:29,663 [INFO] [MainThread] SKIP  99556045703 — recording not in S3 yet
2026-05-01 19:24:29,936 [INFO] [MainThread] SKIP  97258126276 — recording not in S3 yet
2026-05-01 19:24:30,101 [INFO] [MainThread] SKIP  96127984318 — recording not in S3 yet
2026-05-01 19:24:30,102 [INFO] [MainThread] 
=== retry_unfinalized complete ===
  Finalized:     0
  No doc.txt:    0
  Still skipped: 4 (recording not in S3 yet)
  Errors:        0

2026-05-01 19:34:03,309 [INFO] [MainThread] Found credentials from IAM Role: transcript-ec2-role
2026-05-01 19:34:03,416 [INFO] [MainThread] === retry_unfinalized starting ===
2026-05-01 19:34:03,417 [INFO] [MainThread] Scanning temp/live-doc-history/ for unfinalized meetings...
2026-05-01 19:34:03,840 [INFO] [MainThread] Found 519 tracked, 515 finalized, 4 need retry
2026-05-01 19:34:03,840 [INFO] [MainThread] Retrying 4 meetings with 20 parallel workers...
2026-05-01 19:34:30,838 [INFO] [MainThread] SKIP  96541679411 — recording not in S3 yet
2026-05-01 19:34:31,029 [INFO] [MainThread] SKIP  97258126276 — recording not in S3 yet
2026-05-01 19:34:31,169 [INFO] [MainThread] SKIP  93884885636 — recording not in S3 yet
2026-05-01 19:34:31,216 [INFO] [MainThread] SKIP  99556045703 — recording not in S3 yet
2026-05-01 19:34:31,217 [INFO] [MainThread] 
=== retry_unfinalized complete ===
  Finalized:     0
  No doc.txt:    0
  Still skipped: 4 (recording not in S3 yet)
  Errors:        0

2026-05-01 19:45:03,269 [INFO] [MainThread] Found credentials from IAM Role: transcript-ec2-role
2026-05-01 19:45:03,383 [INFO] [MainThread] === retry_unfinalized starting ===
2026-05-01 19:45:03,383 [INFO] [MainThread] Scanning temp/live-doc-history/ for unfinalized meetings...
2026-05-01 19:45:03,761 [INFO] [MainThread] Found 520 tracked, 515 finalized, 5 need retry
2026-05-01 19:45:03,761 [INFO] [MainThread] Retrying 5 meetings with 20 parallel workers...
2026-05-01 19:45:35,242 [INFO] [MainThread] SKIP  99556045703 — recording not in S3 yet
2026-05-01 19:45:35,702 [INFO] [MainThread] SKIP  93884885636 — recording not in S3 yet
2026-05-01 19:45:35,827 [INFO] [MainThread] SKIP  91801361065 — recording not in S3 yet
2026-05-01 19:45:35,909 [INFO] [MainThread] SKIP  97258126276 — recording not in S3 yet
2026-05-01 19:45:35,981 [INFO] [MainThread] SKIP  96541679411 — recording not in S3 yet
2026-05-01 19:45:35,982 [INFO] [MainThread] 
=== retry_unfinalized complete ===
  Finalized:     0
  No doc.txt:    0
  Still skipped: 5 (recording not in S3 yet)
  Errors:        0

2026-05-01 19:56:03,297 [INFO] [MainThread] Found credentials from IAM Role: transcript-ec2-role
2026-05-01 19:56:03,409 [INFO] [MainThread] === retry_unfinalized starting ===
2026-05-01 19:56:03,409 [INFO] [MainThread] Scanning temp/live-doc-history/ for unfinalized meetings...
2026-05-01 19:56:03,808 [INFO] [MainThread] Found 525 tracked, 516 finalized, 9 need retry
2026-05-01 19:56:03,809 [INFO] [MainThread] Retrying 9 meetings with 20 parallel workers...
2026-05-01 19:57:05,499 [INFO] [MainThread] SKIP  99556045703 — recording not in S3 yet
2026-05-01 19:57:05,741 [INFO] [MainThread] SKIP  98393596577 — recording not in S3 yet
2026-05-01 19:57:05,838 [INFO] [MainThread] SKIP  97258126276 — recording not in S3 yet
2026-05-01 19:57:05,905 [INFO] [MainThread] SKIP  99954792156 — recording not in S3 yet
2026-05-01 19:57:06,052 [INFO] [MainThread] SKIP  91801361065 — recording not in S3 yet
2026-05-01 19:57:06,125 [INFO] [MainThread] SKIP  94349018909 — recording not in S3 yet
2026-05-01 19:57:06,289 [INFO] [MainThread] SKIP  95374881658 — recording not in S3 yet
2026-05-01 19:57:06,308 [INFO] [MainThread] SKIP  93179508754 — recording not in S3 yet
2026-05-01 19:57:06,380 [INFO] [MainThread] SKIP  93884885636 — recording not in S3 yet
2026-05-01 19:57:06,381 [INFO] [MainThread] 
=== retry_unfinalized complete ===
  Finalized:     0
  No doc.txt:    0
  Still skipped: 9 (recording not in S3 yet)
  Errors:        0

2026-05-01 20:07:03,281 [INFO] [MainThread] Found credentials from IAM Role: transcript-ec2-role
2026-05-01 20:07:03,409 [INFO] [MainThread] === retry_unfinalized starting ===
2026-05-01 20:07:03,409 [INFO] [MainThread] Scanning temp/live-doc-history/ for unfinalized meetings...
2026-05-01 20:07:03,896 [INFO] [MainThread] Found 526 tracked, 516 finalized, 10 need retry
2026-05-01 20:07:03,896 [INFO] [MainThread] Retrying 10 meetings with 20 parallel workers...
2026-05-01 20:08:17,186 [INFO] [MainThread] SKIP  91801361065 — recording not in S3 yet
2026-05-01 20:08:18,369 [INFO] [MainThread] SKIP  98393596577 — recording not in S3 yet
2026-05-01 20:08:18,547 [INFO] [MainThread] SKIP  99954792156 — recording not in S3 yet
2026-05-01 20:08:19,203 [INFO] [MainThread] SKIP  95374881658 — recording not in S3 yet
2026-05-01 20:08:19,635 [INFO] [MainThread] SKIP  99980958511 — recording not in S3 yet
2026-05-01 20:08:19,687 [INFO] [MainThread] SKIP  97258126276 — recording not in S3 yet
2026-05-01 20:08:19,700 [INFO] [MainThread] SKIP  93884885636 — recording not in S3 yet
2026-05-01 20:08:19,819 [INFO] [MainThread] SKIP  99556045703 — recording not in S3 yet
2026-05-01 20:08:19,905 [INFO] [MainThread] SKIP  94349018909 — recording not in S3 yet
2026-05-01 20:08:20,016 [INFO] [MainThread] SKIP  93179508754 — recording not in S3 yet
2026-05-01 20:08:20,017 [INFO] [MainThread] 
=== retry_unfinalized complete ===
  Finalized:     0
  No doc.txt:    0
  Still skipped: 10 (recording not in S3 yet)
  Errors:        0

2026-05-01 20:17:53,715 [INFO] [MainThread] Found credentials from IAM Role: transcript-ec2-role
2026-05-01 20:17:53,826 [INFO] [MainThread] === retry_unfinalized starting ===
2026-05-01 20:17:53,826 [INFO] [MainThread] Scanning temp/live-doc-history/ for unfinalized meetings...
2026-05-01 20:17:54,243 [INFO] [MainThread] Found 526 tracked, 517 finalized, 9 need retry
2026-05-01 20:17:54,243 [INFO] [MainThread] Retrying 9 meetings with 20 parallel workers...
2026-05-01 20:19:04,061 [INFO] [MainThread] SKIP  91801361065 — recording not in S3 yet
2026-05-01 20:19:05,310 [INFO] [MainThread] SKIP  95374881658 — recording not in S3 yet
2026-05-01 20:19:06,115 [INFO] [MainThread] SKIP  93179508754 — recording not in S3 yet
2026-05-01 20:19:06,438 [INFO] [MainThread] SKIP  93884885636 — recording not in S3 yet
2026-05-01 20:19:06,802 [INFO] [MainThread] SKIP  97258126276 — recording not in S3 yet
2026-05-01 20:19:06,961 [INFO] [MainThread] SKIP  94349018909 — recording not in S3 yet
2026-05-01 20:19:07,153 [INFO] [MainThread] SKIP  99954792156 — recording not in S3 yet
2026-05-01 20:19:07,255 [INFO] [MainThread] SKIP  98393596577 — recording not in S3 yet
2026-05-01 20:19:07,406 [INFO] [MainThread] SKIP  99980958511 — recording not in S3 yet
2026-05-01 20:19:07,407 [INFO] [MainThread] 
=== retry_unfinalized complete ===
  Finalized:     0
  No doc.txt:    0
  Still skipped: 9 (recording not in S3 yet)
  Errors:        0

2026-05-01 20:28:03,326 [INFO] [MainThread] Found credentials from IAM Role: transcript-ec2-role
2026-05-01 20:28:03,455 [INFO] [MainThread] === retry_unfinalized starting ===
2026-05-01 20:28:03,455 [INFO] [MainThread] Scanning temp/live-doc-history/ for unfinalized meetings...
2026-05-01 20:28:03,884 [INFO] [MainThread] Found 528 tracked, 520 finalized, 8 need retry
2026-05-01 20:28:03,884 [INFO] [MainThread] Retrying 8 meetings with 20 parallel workers...
2026-05-01 20:29:06,027 [INFO] [MainThread] SKIP  97258126276 — recording not in S3 yet
2026-05-01 20:29:06,027 [INFO] [MainThread] SKIP  95331440906 — recording not in S3 yet
2026-05-01 20:29:06,465 [INFO] [MainThread] SKIP  93179508754 — recording not in S3 yet
2026-05-01 20:29:06,491 [INFO] [MainThread] SKIP  95374881658 — recording not in S3 yet
2026-05-01 20:29:06,688 [INFO] [MainThread] SKIP  94349018909 — recording not in S3 yet
2026-05-01 20:29:06,693 [INFO] [MainThread] SKIP  99954792156 — recording not in S3 yet
2026-05-01 20:29:06,859 [INFO] [MainThread] SKIP  99341025516 — recording not in S3 yet
2026-05-01 20:29:06,913 [INFO] [MainThread] SKIP  99980958511 — recording not in S3 yet
2026-05-01 20:29:06,915 [INFO] [MainThread] 
=== retry_unfinalized complete ===
  Finalized:     0
  No doc.txt:    0
  Still skipped: 8 (recording not in S3 yet)
  Errors:        0

2026-05-01 20:39:03,322 [INFO] [MainThread] Found credentials from IAM Role: transcript-ec2-role
2026-05-01 20:39:03,463 [INFO] [MainThread] === retry_unfinalized starting ===
2026-05-01 20:39:03,463 [INFO] [MainThread] Scanning temp/live-doc-history/ for unfinalized meetings...
2026-05-01 20:39:03,956 [INFO] [MainThread] Found 528 tracked, 522 finalized, 6 need retry
2026-05-01 20:39:03,956 [INFO] [MainThread] Retrying 6 meetings with 20 parallel workers...
2026-05-01 20:39:51,731 [INFO] [MainThread] SKIP  99954792156 — recording not in S3 yet
2026-05-01 20:39:51,934 [INFO] [MainThread] SKIP  95374881658 — recording not in S3 yet
2026-05-01 20:39:52,141 [INFO] [MainThread] SKIP  94349018909 — recording not in S3 yet
2026-05-01 20:39:52,305 [INFO] [MainThread] SKIP  93179508754 — recording not in S3 yet
2026-05-01 20:39:52,432 [INFO] [MainThread] SKIP  99980958511 — recording not in S3 yet
2026-05-01 20:39:52,523 [INFO] [MainThread] SKIP  99341025516 — recording not in S3 yet
2026-05-01 20:39:52,524 [INFO] [MainThread] 
=== retry_unfinalized complete ===
  Finalized:     0
  No doc.txt:    0
  Still skipped: 6 (recording not in S3 yet)
  Errors:        0

2026-05-01 20:50:01,734 [INFO] [MainThread] Found credentials from IAM Role: transcript-ec2-role
2026-05-01 20:50:01,845 [INFO] [MainThread] === retry_unfinalized starting ===
2026-05-01 20:50:01,845 [INFO] [MainThread] Scanning temp/live-doc-history/ for unfinalized meetings...
2026-05-01 20:50:02,237 [INFO] [MainThread] Found 528 tracked, 523 finalized, 5 need retry
2026-05-01 20:50:02,237 [INFO] [MainThread] Retrying 5 meetings with 20 parallel workers...
2026-05-01 20:50:39,625 [INFO] [MainThread] SKIP  99980958511 — recording not in S3 yet
2026-05-01 20:50:39,882 [INFO] [MainThread] SKIP  93179508754 — recording not in S3 yet
2026-05-01 20:50:40,078 [INFO] [MainThread] SKIP  94349018909 — recording not in S3 yet
2026-05-01 20:50:40,480 [INFO] [MainThread] SKIP  99341025516 — recording not in S3 yet
2026-05-01 20:50:40,717 [INFO] [MainThread] SKIP  95374881658 — recording not in S3 yet
2026-05-01 20:50:40,717 [INFO] [MainThread] 
=== retry_unfinalized complete ===
  Finalized:     0
  No doc.txt:    0
  Still skipped: 5 (recording not in S3 yet)
  Errors:        0

2026-05-01 21:00:01,859 [INFO] [MainThread] Found credentials from IAM Role: transcript-ec2-role
2026-05-01 21:00:01,978 [INFO] [MainThread] === retry_unfinalized starting ===
2026-05-01 21:00:01,978 [INFO] [MainThread] Scanning temp/live-doc-history/ for unfinalized meetings...
2026-05-01 21:00:02,398 [INFO] [MainThread] Found 531 tracked, 525 finalized, 6 need retry
2026-05-01 21:00:02,398 [INFO] [MainThread] Retrying 6 meetings with 20 parallel workers...
2026-05-01 21:00:52,333 [INFO] [MainThread] SKIP  98300528697 — recording not in S3 yet
2026-05-01 21:00:53,359 [INFO] [MainThread] SKIP  93809700327 — recording not in S3 yet
2026-05-01 21:00:54,076 [INFO] [MainThread] SKIP  91976417485 — recording not in S3 yet
2026-05-01 21:00:54,195 [INFO] [MainThread] SKIP  99980958511 — recording not in S3 yet
2026-05-01 21:00:54,445 [INFO] [MainThread] SKIP  94349018909 — recording not in S3 yet
2026-05-01 21:00:54,466 [INFO] [MainThread] SKIP  95374881658 — recording not in S3 yet
2026-05-01 21:00:54,467 [INFO] [MainThread] 
=== retry_unfinalized complete ===
  Finalized:     0
  No doc.txt:    0
  Still skipped: 6 (recording not in S3 yet)
  Errors:        0

2026-05-01 21:10:02,201 [INFO] [MainThread] Found credentials from IAM Role: transcript-ec2-role
2026-05-01 21:10:02,343 [INFO] [MainThread] === retry_unfinalized starting ===
2026-05-01 21:10:02,344 [INFO] [MainThread] Scanning temp/live-doc-history/ for unfinalized meetings...
2026-05-01 21:10:02,943 [INFO] [MainThread] Found 531 tracked, 525 finalized, 6 need retry
2026-05-01 21:10:02,944 [INFO] [MainThread] Retrying 6 meetings with 20 parallel workers...
2026-05-01 21:10:55,293 [INFO] [MainThread] SKIP  91976417485 — recording not in S3 yet
2026-05-01 21:10:55,544 [INFO] [MainThread] SKIP  94349018909 — recording not in S3 yet
2026-05-01 21:10:56,244 [INFO] [MainThread] SKIP  99980958511 — recording not in S3 yet
2026-05-01 21:10:56,328 [INFO] [MainThread] SKIP  98300528697 — recording not in S3 yet
2026-05-01 21:10:56,430 [INFO] [MainThread] SKIP  95374881658 — recording not in S3 yet
2026-05-01 21:10:56,541 [INFO] [MainThread] SKIP  93809700327 — recording not in S3 yet
2026-05-01 21:10:56,541 [INFO] [MainThread] 
=== retry_unfinalized complete ===
  Finalized:     0
  No doc.txt:    0
  Still skipped: 6 (recording not in S3 yet)
  Errors:        0

2026-05-01 21:20:02,367 [INFO] [MainThread] Found credentials from IAM Role: transcript-ec2-role
2026-05-01 21:20:02,500 [INFO] [MainThread] === retry_unfinalized starting ===
2026-05-01 21:20:02,500 [INFO] [MainThread] Scanning temp/live-doc-history/ for unfinalized meetings...
2026-05-01 21:20:03,059 [INFO] [MainThread] Found 533 tracked, 528 finalized, 5 need retry
2026-05-01 21:20:03,060 [INFO] [MainThread] Retrying 5 meetings with 20 parallel workers...
2026-05-01 21:20:43,255 [INFO] [MainThread] SKIP  93809700327 — recording not in S3 yet
2026-05-01 21:20:43,850 [INFO] [MainThread] SKIP  99347202714 — recording not in S3 yet
2026-05-01 21:20:43,890 [INFO] [MainThread] SKIP  99980958511 — recording not in S3 yet
2026-05-01 21:20:44,108 [INFO] [MainThread] SKIP  92810094905 — recording not in S3 yet
2026-05-01 21:20:44,205 [INFO] [MainThread] SKIP  98300528697 — recording not in S3 yet
2026-05-01 21:20:44,205 [INFO] [MainThread] 
=== retry_unfinalized complete ===
  Finalized:     0
  No doc.txt:    0
  Still skipped: 5 (recording not in S3 yet)
  Errors:        0

2026-05-01 21:30:03,337 [INFO] [MainThread] Found credentials from IAM Role: transcript-ec2-role
2026-05-01 21:30:03,477 [INFO] [MainThread] === retry_unfinalized starting ===
2026-05-01 21:30:03,477 [INFO] [MainThread] Scanning temp/live-doc-history/ for unfinalized meetings...
2026-05-01 21:30:04,065 [INFO] [MainThread] Found 533 tracked, 529 finalized, 4 need retry
2026-05-01 21:30:04,065 [INFO] [MainThread] Retrying 4 meetings with 20 parallel workers...
2026-05-01 21:30:33,282 [INFO] [MainThread] SKIP  93809700327 — recording not in S3 yet
2026-05-01 21:30:33,605 [INFO] [MainThread] SKIP  92810094905 — recording not in S3 yet
2026-05-01 21:30:33,731 [INFO] [MainThread] SKIP  99347202714 — recording not in S3 yet
2026-05-01 21:30:33,812 [INFO] [MainThread] SKIP  98300528697 — recording not in S3 yet
2026-05-01 21:30:33,813 [INFO] [MainThread] 
=== retry_unfinalized complete ===
  Finalized:     0
  No doc.txt:    0
  Still skipped: 4 (recording not in S3 yet)
  Errors:        0

2026-05-01 21:41:02,542 [INFO] [MainThread] Found credentials from IAM Role: transcript-ec2-role
2026-05-01 21:41:02,675 [INFO] [MainThread] === retry_unfinalized starting ===
2026-05-01 21:41:02,675 [INFO] [MainThread] Scanning temp/live-doc-history/ for unfinalized meetings...
2026-05-01 21:41:03,144 [INFO] [MainThread] Found 533 tracked, 530 finalized, 3 need retry
2026-05-01 21:41:03,144 [INFO] [MainThread] Retrying 3 meetings with 20 parallel workers...
2026-05-01 21:41:27,521 [INFO] [MainThread] SKIP  92810094905 — recording not in S3 yet
2026-05-01 21:41:27,871 [INFO] [MainThread] SKIP  99347202714 — recording not in S3 yet
2026-05-01 21:41:28,017 [INFO] [MainThread] SKIP  98300528697 — recording not in S3 yet
2026-05-01 21:41:28,017 [INFO] [MainThread] 
=== retry_unfinalized complete ===
  Finalized:     0
  No doc.txt:    0
  Still skipped: 3 (recording not in S3 yet)
  Errors:        0

2026-05-01 21:51:03,303 [INFO] [MainThread] Found credentials from IAM Role: transcript-ec2-role
2026-05-01 21:51:03,440 [INFO] [MainThread] === retry_unfinalized starting ===
2026-05-01 21:51:03,440 [INFO] [MainThread] Scanning temp/live-doc-history/ for unfinalized meetings...
2026-05-01 21:51:03,870 [INFO] [MainThread] Found 533 tracked, 530 finalized, 3 need retry
2026-05-01 21:51:03,870 [INFO] [MainThread] Retrying 3 meetings with 20 parallel workers...
2026-05-01 21:51:26,619 [INFO] [MainThread] SKIP  98300528697 — recording not in S3 yet
2026-05-01 21:51:26,817 [INFO] [MainThread] SKIP  99347202714 — recording not in S3 yet
2026-05-01 21:51:26,859 [INFO] [MainThread] SKIP  92810094905 — recording not in S3 yet
2026-05-01 21:51:26,860 [INFO] [MainThread] 
=== retry_unfinalized complete ===
  Finalized:     0
  No doc.txt:    0
  Still skipped: 3 (recording not in S3 yet)
  Errors:        0

2026-05-01 22:01:05,048 [INFO] [MainThread] Found credentials from IAM Role: transcript-ec2-role
2026-05-01 22:01:05,163 [INFO] [MainThread] === retry_unfinalized starting ===
2026-05-01 22:01:05,163 [INFO] [MainThread] Scanning temp/live-doc-history/ for unfinalized meetings...
2026-05-01 22:01:05,557 [INFO] [MainThread] Found 534 tracked, 531 finalized, 3 need retry
2026-05-01 22:01:05,558 [INFO] [MainThread] Retrying 3 meetings with 20 parallel workers...
2026-05-01 22:01:28,118 [INFO] [MainThread] SKIP  99347202714 — recording not in S3 yet
2026-05-01 22:01:28,414 [INFO] [MainThread] SKIP  96362782700 — recording not in S3 yet
2026-05-01 22:01:28,881 [INFO] [MainThread] SKIP  98300528697 — recording not in S3 yet
2026-05-01 22:01:28,882 [INFO] [MainThread] 
=== retry_unfinalized complete ===
  Finalized:     0
  No doc.txt:    0
  Still skipped: 3 (recording not in S3 yet)
  Errors:        0

2026-05-01 22:11:40,425 [INFO] [MainThread] Found credentials from IAM Role: transcript-ec2-role
2026-05-01 22:11:40,537 [INFO] [MainThread] === retry_unfinalized starting ===
2026-05-01 22:11:40,537 [INFO] [MainThread] Scanning temp/live-doc-history/ for unfinalized meetings...
2026-05-01 22:11:40,986 [INFO] [MainThread] Found 534 tracked, 531 finalized, 3 need retry
2026-05-01 22:11:40,986 [INFO] [MainThread] Retrying 3 meetings with 20 parallel workers...
2026-05-01 22:12:02,761 [INFO] [MainThread] SKIP  99347202714 — recording not in S3 yet
2026-05-01 22:12:02,862 [INFO] [MainThread] SKIP  96362782700 — recording not in S3 yet
2026-05-01 22:12:03,325 [INFO] [MainThread] SKIP  98300528697 — recording not in S3 yet
2026-05-01 22:12:03,325 [INFO] [MainThread] 
=== retry_unfinalized complete ===
  Finalized:     0
  No doc.txt:    0
  Still skipped: 3 (recording not in S3 yet)
  Errors:        0

2026-05-01 22:22:03,336 [INFO] [MainThread] Found credentials from IAM Role: transcript-ec2-role
2026-05-01 22:22:03,483 [INFO] [MainThread] === retry_unfinalized starting ===
2026-05-01 22:22:03,483 [INFO] [MainThread] Scanning temp/live-doc-history/ for unfinalized meetings...
2026-05-01 22:22:03,945 [INFO] [MainThread] Found 534 tracked, 532 finalized, 2 need retry
2026-05-01 22:22:03,945 [INFO] [MainThread] Retrying 2 meetings with 20 parallel workers...
2026-05-01 22:22:18,711 [INFO] [MainThread] SKIP  96362782700 — recording not in S3 yet
2026-05-01 22:22:18,813 [INFO] [MainThread] SKIP  99347202714 — recording not in S3 yet
2026-05-01 22:22:18,814 [INFO] [MainThread] 
=== retry_unfinalized complete ===
  Finalized:     0
  No doc.txt:    0
  Still skipped: 2 (recording not in S3 yet)
  Errors:        0

2026-05-01 22:33:03,321 [INFO] [MainThread] Found credentials from IAM Role: transcript-ec2-role
2026-05-01 22:33:03,435 [INFO] [MainThread] === retry_unfinalized starting ===
2026-05-01 22:33:03,435 [INFO] [MainThread] Scanning temp/live-doc-history/ for unfinalized meetings...
2026-05-01 22:33:03,863 [INFO] [MainThread] Found 534 tracked, 534 finalized, 0 need retry
2026-05-01 22:33:03,864 [INFO] [MainThread] Nothing to retry. All tracked meetings are finalized.
2026-05-01 22:44:03,315 [INFO] [MainThread] Found credentials from IAM Role: transcript-ec2-role
2026-05-01 22:44:03,452 [INFO] [MainThread] === retry_unfinalized starting ===
2026-05-01 22:44:03,452 [INFO] [MainThread] Scanning temp/live-doc-history/ for unfinalized meetings...
2026-05-01 22:44:03,845 [INFO] [MainThread] Found 534 tracked, 534 finalized, 0 need retry
2026-05-01 22:44:03,845 [INFO] [MainThread] Nothing to retry. All tracked meetings are finalized.
2026-05-01 22:54:58,922 [INFO] [MainThread] Found credentials from IAM Role: transcript-ec2-role
2026-05-01 22:54:59,031 [INFO] [MainThread] === retry_unfinalized starting ===
2026-05-01 22:54:59,032 [INFO] [MainThread] Scanning temp/live-doc-history/ for unfinalized meetings...
2026-05-01 22:54:59,409 [INFO] [MainThread] Found 534 tracked, 534 finalized, 0 need retry
2026-05-01 22:54:59,410 [INFO] [MainThread] Nothing to retry. All tracked meetings are finalized.
2026-05-01 23:05:03,268 [INFO] [MainThread] Found credentials from IAM Role: transcript-ec2-role
2026-05-01 23:05:03,393 [INFO] [MainThread] === retry_unfinalized starting ===
2026-05-01 23:05:03,393 [INFO] [MainThread] Scanning temp/live-doc-history/ for unfinalized meetings...
2026-05-01 23:05:03,813 [INFO] [MainThread] Found 534 tracked, 534 finalized, 0 need retry
2026-05-01 23:05:03,814 [INFO] [MainThread] Nothing to retry. All tracked meetings are finalized.
2026-05-01 23:16:03,329 [INFO] [MainThread] Found credentials from IAM Role: transcript-ec2-role
2026-05-01 23:16:03,456 [INFO] [MainThread] === retry_unfinalized starting ===
2026-05-01 23:16:03,456 [INFO] [MainThread] Scanning temp/live-doc-history/ for unfinalized meetings...
2026-05-01 23:16:03,865 [INFO] [MainThread] Found 534 tracked, 534 finalized, 0 need retry
2026-05-01 23:16:03,866 [INFO] [MainThread] Nothing to retry. All tracked meetings are finalized.
2026-05-01 23:27:03,337 [INFO] [MainThread] Found credentials from IAM Role: transcript-ec2-role
2026-05-01 23:27:03,448 [INFO] [MainThread] === retry_unfinalized starting ===
2026-05-01 23:27:03,449 [INFO] [MainThread] Scanning temp/live-doc-history/ for unfinalized meetings...
2026-05-01 23:27:03,887 [INFO] [MainThread] Found 534 tracked, 534 finalized, 0 need retry
2026-05-01 23:27:03,888 [INFO] [MainThread] Nothing to retry. All tracked meetings are finalized.
